Gmt time,Open,High,Low,Close,Volume
01.09.2023 00:00:00.000,1.08425,1.08451,1.08366,1.08379,7128.79
01.09.2023 01:00:00.000,1.08380,1.08543,1.08380,1.08466,9699.3799
01.09.2023 02:00:00.000,1.08465,1.08522,1.08420,1.08442,7943.5601
01.09.2023 03:00:00.000,1.08442,1.08452,1.08402,1.08419,5185
01.09.2023 04:00:00.000,1.08418,1.08473,1.08381,1.08468,6540.54
01.09.2023 05:00:00.000,1.08468,1.08488,1.08440,1.08460,4520.6201
01.09.2023 06:00:00.000,1.08459,1.08500,1.08287,1.08497,14255.8896
01.09.2023 07:00:00.000,1.08497,1.08597,1.08448,1.08562,17490.4297
01.09.2023 08:00:00.000,1.08562,1.08567,1.08465,1.08487,11562.8604
01.09.2023 09:00:00.000,1.08486,1.08560,1.08478,1.08496,9069.1904
01.09.2023 10:00:00.000,1.08497,1.08503,1.08438,1.08460,9692.6699
01.09.2023 11:00:00.000,1.08459,1.08502,1.08333,1.08333,8368.5498
01.09.2023 12:00:00.000,1.08334,1.08821,1.08327,1.08643,34426.1719
01.09.2023 13:00:00.000,1.08643,1.08814,1.08427,1.08540,45737.7383
01.09.2023 14:00:00.000,1.08536,1.08536,1.08043,1.08083,47605.3008
01.09.2023 15:00:00.000,1.08085,1.08085,1.07865,1.07868,21265.3691
01.09.2023 16:00:00.000,1.07867,1.07867,1.07802,1.07841,8619.1904
01.09.2023 17:00:00.000,1.07840,1.07893,1.07821,1.07845,6826.02
01.09.2023 18:00:00.000,1.07844,1.07848,1.07753,1.07788,4572.5298
01.09.2023 19:00:00.000,1.07789,1.07808,1.07723,1.07751,4997.6499
01.09.2023 20:00:00.000,1.07752,1.07801,1.07727,1.07791,5215.5698
01.09.2023 21:00:00.000,1.07791,1.07791,1.07791,1.07791,0
01.09.2023 22:00:00.000,1.07791,1.07791,1.07791,1.07791,0
01.09.2023 23:00:00.000,1.07791,1.07791,1.07791,1.07791,0
02.09.2023 00:00:00.000,1.07791,1.07791,1.07791,1.07791,0
02.09.2023 01:00:00.000,1.07791,1.07791,1.07791,1.07791,0
02.09.2023 02:00:00.000,1.07791,1.07791,1.07791,1.07791,0
02.09.2023 03:00:00.000,1.07791,1.07791,1.07791,1.07791,0
02.09.2023 04:00:00.000,1.07791,1.07791,1.07791,1.07791,0
02.09.2023 05:00:00.000,1.07791,1.07791,1.07791,1.07791,0
02.09.2023 06:00:00.000,1.07791,1.07791,1.07791,1.07791,0
02.09.2023 07:00:00.000,1.07791,1.07791,1.07791,1.07791,0
02.09.2023 08:00:00.000,1.07791,1.07791,1.07791,1.07791,0
02.09.2023 09:00:00.000,1.07791,1.07791,1.07791,1.07791,0
02.09.2023 10:00:00.000,1.07791,1.07791,1.07791,1.07791,0
02.09.2023 11:00:00.000,1.07791,1.07791,1.07791,1.07791,0
02.09.2023 12:00:00.000,1.07791,1.07791,1.07791,1.07791,0
02.09.2023 13:00:00.000,1.07791,1.07791,1.07791,1.07791,0
02.09.2023 14:00:00.000,1.07791,1.07791,1.07791,1.07791,0
02.09.2023 15:00:00.000,1.07791,1.07791,1.07791,1.07791,0
02.09.2023 16:00:00.000,1.07791,1.07791,1.07791,1.07791,0
02.09.2023 17:00:00.000,1.07791,1.07791,1.07791,1.07791,0
02.09.2023 18:00:00.000,1.07791,1.07791,1.07791,1.07791,0
02.09.2023 19:00:00.000,1.07791,1.07791,1.07791,1.07791,0
02.09.2023 20:00:00.000,1.07791,1.07791,1.07791,1.07791,0
02.09.2023 21:00:00.000,1.07791,1.07791,1.07791,1.07791,0
02.09.2023 22:00:00.000,1.07791,1.07791,1.07791,1.07791,0
02.09.2023 23:00:00.000,1.07791,1.07791,1.07791,1.07791,0
03.09.2023 00:00:00.000,1.07791,1.07791,1.07791,1.07791,0
03.09.2023 01:00:00.000,1.07791,1.07791,1.07791,1.07791,0
03.09.2023 02:00:00.000,1.07791,1.07791,1.07791,1.07791,0
03.09.2023 03:00:00.000,1.07791,1.07791,1.07791,1.07791,0
03.09.2023 04:00:00.000,1.07791,1.07791,1.07791,1.07791,0
03.09.2023 05:00:00.000,1.07791,1.07791,1.07791,1.07791,0
03.09.2023 06:00:00.000,1.07791,1.07791,1.07791,1.07791,0
03.09.2023 07:00:00.000,1.07791,1.07791,1.07791,1.07791,0
03.09.2023 08:00:00.000,1.07791,1.07791,1.07791,1.07791,0
03.09.2023 09:00:00.000,1.07791,1.07791,1.07791,1.07791,0
03.09.2023 10:00:00.000,1.07791,1.07791,1.07791,1.07791,0
03.09.2023 11:00:00.000,1.07791,1.07791,1.07791,1.07791,0
03.09.2023 12:00:00.000,1.07791,1.07791,1.07791,1.07791,0
03.09.2023 13:00:00.000,1.07791,1.07791,1.07791,1.07791,0
03.09.2023 14:00:00.000,1.07791,1.07791,1.07791,1.07791,0
03.09.2023 15:00:00.000,1.07791,1.07791,1.07791,1.07791,0
03.09.2023 16:00:00.000,1.07791,1.07791,1.07791,1.07791,0
03.09.2023 17:00:00.000,1.07791,1.07791,1.07791,1.07791,0
03.09.2023 18:00:00.000,1.07791,1.07791,1.07791,1.07791,0
03.09.2023 19:00:00.000,1.07791,1.07791,1.07791,1.07791,0
03.09.2023 20:00:00.000,1.07791,1.07791,1.07791,1.07791,0
03.09.2023 21:00:00.000,1.07830,1.07832,1.07748,1.07750,572.57
03.09.2023 22:00:00.000,1.07750,1.07773,1.07720,1.07737,2863.6001
03.09.2023 23:00:00.000,1.07733,1.07768,1.07718,1.07758,2921.96
04.09.2023 00:00:00.000,1.07759,1.07803,1.07734,1.07789,4565
04.09.2023 01:00:00.000,1.07789,1.07823,1.07750,1.07767,6678.2998
04.09.2023 02:00:00.000,1.07768,1.07875,1.07768,1.07859,6585.8701
04.09.2023 03:00:00.000,1.07860,1.07874,1.07841,1.07859,5486.8398
04.09.2023 04:00:00.000,1.07860,1.07873,1.07815,1.07871,5018.73
04.09.2023 05:00:00.000,1.07871,1.07905,1.07857,1.07871,5232.5098
04.09.2023 06:00:00.000,1.07870,1.07944,1.07838,1.07902,10885.29
04.09.2023 07:00:00.000,1.07904,1.08070,1.07889,1.07953,13670.5098
04.09.2023 08:00:00.000,1.07954,1.08013,1.07909,1.07979,7504.4302
04.09.2023 09:00:00.000,1.07980,1.08012,1.07927,1.07947,8569.2197
04.09.2023 10:00:00.000,1.07948,1.08050,1.07936,1.08050,10021.8896
04.09.2023 11:00:00.000,1.08049,1.08090,1.07996,1.08003,5295.0298
04.09.2023 12:00:00.000,1.08004,1.08019,1.07955,1.07976,6687.73
04.09.2023 13:00:00.000,1.07976,1.08055,1.07953,1.07958,6956.8999
04.09.2023 14:00:00.000,1.07957,1.07958,1.07835,1.07845,7617.8599
04.09.2023 15:00:00.000,1.07846,1.07997,1.07837,1.07990,6083.79
04.09.2023 16:00:00.000,1.07991,1.08002,1.07924,1.07940,2077.3799
04.09.2023 17:00:00.000,1.07941,1.07964,1.07934,1.07951,686.88
04.09.2023 18:00:00.000,1.07953,1.07965,1.07950,1.07955,287.65
04.09.2023 19:00:00.000,1.07955,1.07955,1.07932,1.07941,562.39
04.09.2023 20:00:00.000,1.07943,1.07977,1.07943,1.07977,702.18
04.09.2023 21:00:00.000,1.07972,1.08001,1.07940,1.07958,932.99
04.09.2023 22:00:00.000,1.07958,1.07982,1.07949,1.07950,742.84
04.09.2023 23:00:00.000,1.07951,1.07952,1.07915,1.07915,1475.13
05.09.2023 00:00:00.000,1.07915,1.07940,1.07890,1.07933,5383.02
05.09.2023 01:00:00.000,1.07933,1.07986,1.07854,1.07889,8584.21
05.09.2023 02:00:00.000,1.07890,1.07890,1.07837,1.07875,6903.4702
05.09.2023 03:00:00.000,1.07875,1.07888,1.07809,1.07886,4154.8501
05.09.2023 04:00:00.000,1.07887,1.07940,1.07869,1.07923,3741.24
05.09.2023 05:00:00.000,1.07924,1.07938,1.07822,1.07860,6193.3101
05.09.2023 06:00:00.000,1.07861,1.07867,1.07580,1.07668,17420.7305
05.09.2023 07:00:00.000,1.07669,1.07719,1.07546,1.07567,22918.9102
05.09.2023 08:00:00.000,1.07567,1.07589,1.07421,1.07485,19208.0898
05.09.2023 09:00:00.000,1.07483,1.07572,1.07449,1.07485,10100.0703
05.09.2023 10:00:00.000,1.07481,1.07493,1.07387,1.07397,8158.5898
05.09.2023 11:00:00.000,1.07397,1.07401,1.07294,1.07327,12534.9199
05.09.2023 12:00:00.000,1.07328,1.07482,1.07168,1.07442,25388.4199
05.09.2023 13:00:00.000,1.07442,1.07490,1.07261,1.07294,34762.1719
05.09.2023 14:00:00.000,1.07295,1.07301,1.07076,1.07085,25849.7305
05.09.2023 15:00:00.000,1.07085,1.07325,1.07063,1.07268,22636.0801
05.09.2023 16:00:00.000,1.07269,1.07322,1.07240,1.07297,11854.6299
05.09.2023 17:00:00.000,1.07298,1.07315,1.07226,1.07231,6416.2202
05.09.2023 18:00:00.000,1.07231,1.07269,1.07209,1.07217,5563.0498
05.09.2023 19:00:00.000,1.07217,1.07274,1.07195,1.07216,8406.71
05.09.2023 20:00:00.000,1.07215,1.07233,1.07193,1.07229,3400.77
05.09.2023 21:00:00.000,1.07229,1.07289,1.07229,1.07235,1070.98
05.09.2023 22:00:00.000,1.07234,1.07266,1.07231,1.07265,659.07
05.09.2023 23:00:00.000,1.07265,1.07284,1.07241,1.07247,4435.0498
06.09.2023 00:00:00.000,1.07249,1.07263,1.07153,1.07195,6447.8501
06.09.2023 01:00:00.000,1.07196,1.07219,1.07133,1.07147,6813.5698
06.09.2023 02:00:00.000,1.07146,1.07344,1.07146,1.07343,9069.8896
06.09.2023 03:00:00.000,1.07342,1.07348,1.07294,1.07334,4521.0698
06.09.2023 04:00:00.000,1.07333,1.07362,1.07305,1.07360,3483.3601
06.09.2023 05:00:00.000,1.07361,1.07389,1.07329,1.07384,7368.4502
06.09.2023 06:00:00.000,1.07383,1.07397,1.07277,1.07316,15056.0498
06.09.2023 07:00:00.000,1.07315,1.07483,1.07244,1.07293,20050.0098
06.09.2023 08:00:00.000,1.07292,1.07377,1.07239,1.07342,14030.3604
06.09.2023 09:00:00.000,1.07342,1.07350,1.07250,1.07324,10400.9404
06.09.2023 10:00:00.000,1.07326,1.07442,1.07326,1.07386,8470.8096
06.09.2023 11:00:00.000,1.07388,1.07491,1.07386,1.07441,11794.5703
06.09.2023 12:00:00.000,1.07440,1.07458,1.07343,1.07371,16715.4102
06.09.2023 13:00:00.000,1.07371,1.07405,1.07254,1.07390,22303.2793
06.09.2023 14:00:00.000,1.07386,1.07390,1.07028,1.07091,37623.8594
06.09.2023 15:00:00.000,1.07092,1.07187,1.07052,1.07131,10709.5996
06.09.2023 16:00:00.000,1.07130,1.07212,1.07115,1.07210,6804.5898
06.09.2023 17:00:00.000,1.07210,1.07292,1.07202,1.07281,4466.7202
06.09.2023 18:00:00.000,1.07283,1.07296,1.07225,1.07260,4735.71
06.09.2023 19:00:00.000,1.07260,1.07283,1.07234,1.07262,4710.2598
06.09.2023 20:00:00.000,1.07267,1.07283,1.07240,1.07280,2377.3799
06.09.2023 21:00:00.000,1.07281,1.07292,1.07237,1.07256,1073.37
06.09.2023 22:00:00.000,1.07252,1.07278,1.07250,1.07256,1310.53
06.09.2023 23:00:00.000,1.07256,1.07257,1.07224,1.07240,1394.97
07.09.2023 00:00:00.000,1.07239,1.07261,1.07193,1.07224,2658.48
07.09.2023 01:00:00.000,1.07223,1.07311,1.07204,1.07310,3874.8601
07.09.2023 02:00:00.000,1.07311,1.07312,1.07232,1.07280,5087.3198
07.09.2023 03:00:00.000,1.07281,1.07321,1.07250,1.07300,2817.3501
07.09.2023 04:00:00.000,1.07297,1.07304,1.07182,1.07194,2585.1899
07.09.2023 05:00:00.000,1.07194,1.07217,1.07159,1.07195,5515.27
07.09.2023 06:00:00.000,1.07196,1.07258,1.07149,1.07169,8597.8896
07.09.2023 07:00:00.000,1.07169,1.07199,1.07084,1.07159,13571.75
07.09.2023 08:00:00.000,1.07158,1.07170,1.07078,1.07107,10570.5596
07.09.2023 09:00:00.000,1.07107,1.07180,1.07073,1.07148,10105.3203
07.09.2023 10:00:00.000,1.07148,1.07151,1.07043,1.07064,8348.29
07.09.2023 11:00:00.000,1.07064,1.07137,1.07032,1.07056,5795.3198
07.09.2023 12:00:00.000,1.07054,1.07110,1.06862,1.06935,21155.9707
07.09.2023 13:00:00.000,1.06935,1.07044,1.06912,1.06917,21443.3691
07.09.2023 14:00:00.000,1.06918,1.07100,1.06866,1.07033,18267.4492
07.09.2023 15:00:00.000,1.07033,1.07090,1.06948,1.07033,9716.9199
07.09.2023 16:00:00.000,1.07034,1.07098,1.07032,1.07042,5253.6001
07.09.2023 17:00:00.000,1.07042,1.07096,1.06987,1.06993,4523.1001
07.09.2023 18:00:00.000,1.06992,1.07041,1.06943,1.06943,4559.7598
07.09.2023 19:00:00.000,1.06944,1.07016,1.06940,1.06952,7105.21
07.09.2023 20:00:00.000,1.06951,1.06988,1.06950,1.06969,2519.6899
07.09.2023 21:00:00.000,1.06969,1.07030,1.06969,1.06983,622.35
07.09.2023 22:00:00.000,1.06982,1.06988,1.06959,1.06960,745.15
07.09.2023 23:00:00.000,1.06960,1.06977,1.06945,1.06977,1446.8101
08.09.2023 00:00:00.000,1.06978,1.07153,1.06974,1.07143,8674.5
08.09.2023 01:00:00.000,1.07141,1.07213,1.07050,1.07173,6881.8599
08.09.2023 02:00:00.000,1.07174,1.07234,1.07147,1.07181,5051.8101
08.09.2023 03:00:00.000,1.07181,1.07185,1.07150,1.07167,3291.25
08.09.2023 04:00:00.000,1.07168,1.07172,1.07129,1.07136,2903.6599
08.09.2023 05:00:00.000,1.07137,1.07264,1.07136,1.07243,4468.0698
08.09.2023 06:00:00.000,1.07242,1.07282,1.07147,1.07157,10395.3096
08.09.2023 07:00:00.000,1.07157,1.07192,1.07078,1.07088,13496.7598
08.09.2023 08:00:00.000,1.07089,1.07177,1.07079,1.07120,13944.3203
08.09.2023 09:00:00.000,1.07119,1.07119,1.06996,1.07035,10169.7305
08.09.2023 10:00:00.000,1.07034,1.07048,1.06968,1.07006,7009.5298
08.09.2023 11:00:00.000,1.07007,1.07050,1.06944,1.06994,7784.29
08.09.2023 12:00:00.000,1.06992,1.07138,1.06979,1.07025,15853.2803
08.09.2023 13:00:00.000,1.07026,1.07264,1.06997,1.07264,20858.8594
08.09.2023 14:00:00.000,1.07265,1.07440,1.07143,1.07154,15543.46
08.09.2023 15:00:00.000,1.07152,1.07174,1.07069,1.07089,10636.6699
08.09.2023 16:00:00.000,1.07090,1.07137,1.07007,1.07046,11008.6396
08.09.2023 17:00:00.000,1.07046,1.07110,1.07030,1.07059,7409.5498
08.09.2023 18:00:00.000,1.07060,1.07088,1.06972,1.06980,5407.0898
08.09.2023 19:00:00.000,1.06981,1.07007,1.06974,1.06995,3945.9399
08.09.2023 20:00:00.000,1.06994,1.07034,1.06993,1.07016,5619.2798
08.09.2023 21:00:00.000,1.07016,1.07016,1.07016,1.07016,0
08.09.2023 22:00:00.000,1.07016,1.07016,1.07016,1.07016,0
08.09.2023 23:00:00.000,1.07016,1.07016,1.07016,1.07016,0
09.09.2023 00:00:00.000,1.07016,1.07016,1.07016,1.07016,0
09.09.2023 01:00:00.000,1.07016,1.07016,1.07016,1.07016,0
09.09.2023 02:00:00.000,1.07016,1.07016,1.07016,1.07016,0
09.09.2023 03:00:00.000,1.07016,1.07016,1.07016,1.07016,0
09.09.2023 04:00:00.000,1.07016,1.07016,1.07016,1.07016,0
09.09.2023 05:00:00.000,1.07016,1.07016,1.07016,1.07016,0
09.09.2023 06:00:00.000,1.07016,1.07016,1.07016,1.07016,0
09.09.2023 07:00:00.000,1.07016,1.07016,1.07016,1.07016,0
09.09.2023 08:00:00.000,1.07016,1.07016,1.07016,1.07016,0
09.09.2023 09:00:00.000,1.07016,1.07016,1.07016,1.07016,0
09.09.2023 10:00:00.000,1.07016,1.07016,1.07016,1.07016,0
09.09.2023 11:00:00.000,1.07016,1.07016,1.07016,1.07016,0
09.09.2023 12:00:00.000,1.07016,1.07016,1.07016,1.07016,0
09.09.2023 13:00:00.000,1.07016,1.07016,1.07016,1.07016,0
09.09.2023 14:00:00.000,1.07016,1.07016,1.07016,1.07016,0
09.09.2023 15:00:00.000,1.07016,1.07016,1.07016,1.07016,0
09.09.2023 16:00:00.000,1.07016,1.07016,1.07016,1.07016,0
09.09.2023 17:00:00.000,1.07016,1.07016,1.07016,1.07016,0
09.09.2023 18:00:00.000,1.07016,1.07016,1.07016,1.07016,0
09.09.2023 19:00:00.000,1.07016,1.07016,1.07016,1.07016,0
09.09.2023 20:00:00.000,1.07016,1.07016,1.07016,1.07016,0
09.09.2023 21:00:00.000,1.07016,1.07016,1.07016,1.07016,0
09.09.2023 22:00:00.000,1.07016,1.07016,1.07016,1.07016,0
09.09.2023 23:00:00.000,1.07016,1.07016,1.07016,1.07016,0
10.09.2023 00:00:00.000,1.07016,1.07016,1.07016,1.07016,0
10.09.2023 01:00:00.000,1.07016,1.07016,1.07016,1.07016,0
10.09.2023 02:00:00.000,1.07016,1.07016,1.07016,1.07016,0
10.09.2023 03:00:00.000,1.07016,1.07016,1.07016,1.07016,0
10.09.2023 04:00:00.000,1.07016,1.07016,1.07016,1.07016,0
10.09.2023 05:00:00.000,1.07016,1.07016,1.07016,1.07016,0
10.09.2023 06:00:00.000,1.07016,1.07016,1.07016,1.07016,0
10.09.2023 07:00:00.000,1.07016,1.07016,1.07016,1.07016,0
10.09.2023 08:00:00.000,1.07016,1.07016,1.07016,1.07016,0
10.09.2023 09:00:00.000,1.07016,1.07016,1.07016,1.07016,0
10.09.2023 10:00:00.000,1.07016,1.07016,1.07016,1.07016,0
10.09.2023 11:00:00.000,1.07016,1.07016,1.07016,1.07016,0
10.09.2023 12:00:00.000,1.07016,1.07016,1.07016,1.07016,0
10.09.2023 13:00:00.000,1.07016,1.07016,1.07016,1.07016,0
10.09.2023 14:00:00.000,1.07016,1.07016,1.07016,1.07016,0
10.09.2023 15:00:00.000,1.07016,1.07016,1.07016,1.07016,0
10.09.2023 16:00:00.000,1.07016,1.07016,1.07016,1.07016,0
10.09.2023 17:00:00.000,1.07016,1.07016,1.07016,1.07016,0
10.09.2023 18:00:00.000,1.07016,1.07016,1.07016,1.07016,0
10.09.2023 19:00:00.000,1.07016,1.07016,1.07016,1.07016,0
10.09.2023 20:00:00.000,1.07016,1.07016,1.07016,1.07016,0
10.09.2023 21:00:00.000,1.07148,1.07215,1.07126,1.07183,623.54
10.09.2023 22:00:00.000,1.07158,1.07170,1.07091,1.07121,3098.72
10.09.2023 23:00:00.000,1.07120,1.07207,1.07086,1.07165,4678.0298
11.09.2023 00:00:00.000,1.07167,1.07213,1.07103,1.07136,6877.8599
11.09.2023 01:00:00.000,1.07134,1.07210,1.07104,1.07198,12297.1797
11.09.2023 02:00:00.000,1.07197,1.07283,1.07190,1.07242,9169.2002
11.09.2023 03:00:00.000,1.07241,1.07254,1.07196,1.07228,8557.54
11.09.2023 04:00:00.000,1.07228,1.07378,1.07218,1.07356,9730.46
11.09.2023 05:00:00.000,1.07355,1.07415,1.07288,1.07290,10649.3604
11.09.2023 06:00:00.000,1.07289,1.07357,1.07244,1.07333,11156.2803
11.09.2023 07:00:00.000,1.07334,1.07376,1.07252,1.07261,15503.1201
11.09.2023 08:00:00.000,1.07262,1.07335,1.07225,1.07287,17769.5898
11.09.2023 09:00:00.000,1.07286,1.07345,1.07237,1.07327,12167.6396
11.09.2023 10:00:00.000,1.07327,1.07341,1.07266,1.07322,11197.7402
11.09.2023 11:00:00.000,1.07321,1.07324,1.07185,1.07198,8204.1504
11.09.2023 12:00:00.000,1.07199,1.07279,1.07157,1.07277,15907.8896
11.09.2023 13:00:00.000,1.07275,1.07372,1.07225,1.07359,19591.5195
11.09.2023 14:00:00.000,1.07359,1.07595,1.07349,1.07458,20501.1504
11.09.2023 15:00:00.000,1.07457,1.07500,1.07412,1.07428,12560.3799
11.09.2023 16:00:00.000,1.07428,1.07581,1.07428,1.07512,13229.46
11.09.2023 17:00:00.000,1.07513,1.07524,1.07444,1.07460,7530.3599
11.09.2023 18:00:00.000,1.07460,1.07517,1.07445,1.07454,7349.75
11.09.2023 19:00:00.000,1.07455,1.07505,1.07446,1.07491,7131.2798
11.09.2023 20:00:00.000,1.07490,1.07510,1.07482,1.07509,4155.8398
11.09.2023 21:00:00.000,1.07514,1.07556,1.07485,1.07512,1302.89
11.09.2023 22:00:00.000,1.07514,1.07535,1.07501,1.07503,626.85
11.09.2023 23:00:00.000,1.07502,1.07511,1.07477,1.07478,1916.5699
12.09.2023 00:00:00.000,1.07477,1.07479,1.07425,1.07441,4039.6001
12.09.2023 01:00:00.000,1.07442,1.07695,1.07378,1.07414,12734.75
12.09.2023 02:00:00.000,1.07412,1.07514,1.07392,1.07512,8502.9805
12.09.2023 03:00:00.000,1.07512,1.07514,1.07447,1.07465,4616.8301
12.09.2023 04:00:00.000,1.07465,1.07466,1.07388,1.07393,4624.5098
12.09.2023 05:00:00.000,1.07391,1.07410,1.07358,1.07365,6354.3799
12.09.2023 06:00:00.000,1.07364,1.07411,1.07306,1.07328,9262.4102
12.09.2023 07:00:00.000,1.07327,1.07350,1.07124,1.07138,13568.1602
12.09.2023 08:00:00.000,1.07137,1.07237,1.07124,1.07147,14724.8701
12.09.2023 09:00:00.000,1.07146,1.07262,1.07136,1.07227,15217.0596
12.09.2023 10:00:00.000,1.07227,1.07245,1.07123,1.07163,6781.7598
12.09.2023 11:00:00.000,1.07162,1.07187,1.07088,1.07183,8997.2998
12.09.2023 12:00:00.000,1.07182,1.07211,1.07059,1.07076,16750.4297
12.09.2023 13:00:00.000,1.07074,1.07190,1.07057,1.07176,21403.2598
12.09.2023 14:00:00.000,1.07176,1.07182,1.07106,1.07140,12129.21
12.09.2023 15:00:00.000,1.07141,1.07302,1.07138,1.07256,10360.8896
12.09.2023 16:00:00.000,1.07257,1.07377,1.07218,1.07234,8740.5098
12.09.2023 17:00:00.000,1.07235,1.07343,1.07235,1.07262,8851.4404
12.09.2023 18:00:00.000,1.07262,1.07346,1.07247,1.07324,8757.2002
12.09.2023 19:00:00.000,1.07325,1.07339,1.07278,1.07284,6161.77
12.09.2023 20:00:00.000,1.07283,1.07652,1.07279,1.07548,6857.6602
12.09.2023 21:00:00.000,1.07554,1.07641,1.07540,1.07601,1437.73
12.09.2023 22:00:00.000,1.07599,1.07611,1.07550,1.07564,1453.51
12.09.2023 23:00:00.000,1.07565,1.07581,1.07529,1.07533,2706.8501
13.09.2023 00:00:00.000,1.07533,1.07643,1.07533,1.07595,6953.0898
13.09.2023 01:00:00.000,1.07595,1.07650,1.07559,1.07578,6554.1699
13.09.2023 02:00:00.000,1.07579,1.07601,1.07452,1.07467,5375.1602
13.09.2023 03:00:00.000,1.07469,1.07503,1.07448,1.07473,3660.01
13.09.2023 04:00:00.000,1.07473,1.07538,1.07463,1.07524,3280.3601
13.09.2023 05:00:00.000,1.07525,1.07548,1.07420,1.07447,5127.3101
13.09.2023 06:00:00.000,1.07446,1.07473,1.07351,1.07385,14996.4102
13.09.2023 07:00:00.000,1.07384,1.07491,1.07314,1.07440,15049.6504
13.09.2023 08:00:00.000,1.07438,1.07449,1.07319,1.07353,13515.0098
13.09.2023 09:00:00.000,1.07354,1.07401,1.07290,1.07301,13174.4102
13.09.2023 10:00:00.000,1.07302,1.07383,1.07288,1.07379,10994.4805
13.09.2023 11:00:00.000,1.07380,1.07411,1.07304,1.07369,10028.04
13.09.2023 12:00:00.000,1.07367,1.07617,1.07112,1.07480,38990.1094
13.09.2023 13:00:00.000,1.07479,1.07561,1.07295,1.07389,43517.3906
13.09.2023 14:00:00.000,1.07389,1.07428,1.07272,1.07381,29666.3496
13.09.2023 15:00:00.000,1.07382,1.07450,1.07314,1.07359,14302.6797
13.09.2023 16:00:00.000,1.07360,1.07467,1.07349,1.07408,9633.4502
13.09.2023 17:00:00.000,1.07408,1.07494,1.07375,1.07450,6965.0498
13.09.2023 18:00:00.000,1.07449,1.07462,1.07322,1.07322,8759.7695
13.09.2023 19:00:00.000,1.07322,1.07327,1.07281,1.07320,8180.1001
13.09.2023 20:00:00.000,1.07321,1.07322,1.07295,1.07305,1773.47
13.09.2023 21:00:00.000,1.07304,1.07322,1.07289,1.07308,1443.5
13.09.2023 22:00:00.000,1.07309,1.07343,1.07299,1.07332,1403.86
13.09.2023 23:00:00.000,1.07334,1.07350,1.07308,1.07332,3790.8999
14.09.2023 00:00:00.000,1.07331,1.07427,1.07303,1.07402,8109.8101
14.09.2023 01:00:00.000,1.07404,1.07436,1.07356,1.07374,15255.1201
14.09.2023 02:00:00.000,1.07372,1.07407,1.07319,1.07407,6362.46
14.09.2023 03:00:00.000,1.07408,1.07467,1.07408,1.07447,5213.8701
14.09.2023 04:00:00.000,1.07447,1.07491,1.07445,1.07473,3656.1399
14.09.2023 05:00:00.000,1.07473,1.07522,1.07466,1.07480,8270.7002
14.09.2023 06:00:00.000,1.07480,1.07489,1.07409,1.07429,6618.6602
14.09.2023 07:00:00.000,1.07430,1.07433,1.07332,1.07339,9919.8203
14.09.2023 08:00:00.000,1.07338,1.07402,1.07323,1.07341,11538.4902
14.09.2023 09:00:00.000,1.07338,1.07373,1.07247,1.07287,10481.3301
14.09.2023 10:00:00.000,1.07286,1.07376,1.07276,1.07352,11230.9297
14.09.2023 11:00:00.000,1.07353,1.07376,1.07291,1.07305,10727.54
14.09.2023 12:00:00.000,1.07305,1.07485,1.06559,1.06770,50406.2188
14.09.2023 13:00:00.000,1.06769,1.06976,1.06609,1.06645,49865.3789
14.09.2023 14:00:00.000,1.06646,1.06739,1.06541,1.06642,28230.3594
14.09.2023 15:00:00.000,1.06641,1.06756,1.06566,1.06589,14983.2402
14.09.2023 16:00:00.000,1.06589,1.06632,1.06453,1.06487,11339.9004
14.09.2023 17:00:00.000,1.06486,1.06510,1.06321,1.06368,9790.7598
14.09.2023 18:00:00.000,1.06369,1.06406,1.06335,1.06349,8288.4404
14.09.2023 19:00:00.000,1.06350,1.06443,1.06344,1.06427,12463.3496
14.09.2023 20:00:00.000,1.06427,1.06470,1.06419,1.06436,4903.6401
14.09.2023 21:00:00.000,1.06441,1.06453,1.06412,1.06440,912.21
14.09.2023 22:00:00.000,1.06440,1.06441,1.06393,1.06427,2037.46
14.09.2023 23:00:00.000,1.06426,1.06427,1.06352,1.06352,3027.8101
15.09.2023 00:00:00.000,1.06352,1.06439,1.06345,1.06425,10749.8203
15.09.2023 01:00:00.000,1.06423,1.06438,1.06334,1.06396,7254.4502
15.09.2023 02:00:00.000,1.06398,1.06486,1.06398,1.06434,9606.5996
15.09.2023 03:00:00.000,1.06434,1.06481,1.06418,1.06477,6184.4302
15.09.2023 04:00:00.000,1.06477,1.06537,1.06446,1.06535,6198.8398
15.09.2023 05:00:00.000,1.06536,1.06566,1.06490,1.06565,8541.3701
15.09.2023 06:00:00.000,1.06565,1.06677,1.06522,1.06608,15802.2002
15.09.2023 07:00:00.000,1.06609,1.06657,1.06500,1.06638,18334.3594
15.09.2023 08:00:00.000,1.06639,1.06689,1.06618,1.06658,11738.3896
15.09.2023 09:00:00.000,1.06659,1.06695,1.06609,1.06630,10921.3896
15.09.2023 10:00:00.000,1.06632,1.06686,1.06543,1.06564,8329.2305
15.09.2023 11:00:00.000,1.06563,1.06597,1.06531,1.06548,8048.75
15.09.2023 12:00:00.000,1.06549,1.06621,1.06454,1.06506,18916.7402
15.09.2023 13:00:00.000,1.06506,1.06680,1.06499,1.06626,24925.6309
15.09.2023 14:00:00.000,1.06626,1.06880,1.06620,1.06645,41251.0195
15.09.2023 15:00:00.000,1.06643,1.06767,1.06619,1.06724,24801.5996
15.09.2023 16:00:00.000,1.06725,1.06804,1.06704,1.06723,8785.1904
15.09.2023 17:00:00.000,1.06724,1.06766,1.06684,1.06718,6966.0498
15.09.2023 18:00:00.000,1.06718,1.06718,1.06607,1.06608,4569.9702
15.09.2023 19:00:00.000,1.06608,1.06639,1.06599,1.06600,5291.3901
15.09.2023 20:00:00.000,1.06599,1.06639,1.06572,1.06618,7263.9199
15.09.2023 21:00:00.000,1.06618,1.06618,1.06618,1.06618,0
15.09.2023 22:00:00.000,1.06618,1.06618,1.06618,1.06618,0
15.09.2023 23:00:00.000,1.06618,1.06618,1.06618,1.06618,0
16.09.2023 00:00:00.000,1.06618,1.06618,1.06618,1.06618,0
16.09.2023 01:00:00.000,1.06618,1.06618,1.06618,1.06618,0
16.09.2023 02:00:00.000,1.06618,1.06618,1.06618,1.06618,0
16.09.2023 03:00:00.000,1.06618,1.06618,1.06618,1.06618,0
16.09.2023 04:00:00.000,1.06618,1.06618,1.06618,1.06618,0
16.09.2023 05:00:00.000,1.06618,1.06618,1.06618,1.06618,0
16.09.2023 06:00:00.000,1.06618,1.06618,1.06618,1.06618,0
16.09.2023 07:00:00.000,1.06618,1.06618,1.06618,1.06618,0
16.09.2023 08:00:00.000,1.06618,1.06618,1.06618,1.06618,0
16.09.2023 09:00:00.000,1.06618,1.06618,1.06618,1.06618,0
16.09.2023 10:00:00.000,1.06618,1.06618,1.06618,1.06618,0
16.09.2023 11:00:00.000,1.06618,1.06618,1.06618,1.06618,0
16.09.2023 12:00:00.000,1.06618,1.06618,1.06618,1.06618,0
16.09.2023 13:00:00.000,1.06618,1.06618,1.06618,1.06618,0
16.09.2023 14:00:00.000,1.06618,1.06618,1.06618,1.06618,0
16.09.2023 15:00:00.000,1.06618,1.06618,1.06618,1.06618,0
16.09.2023 16:00:00.000,1.06618,1.06618,1.06618,1.06618,0
16.09.2023 17:00:00.000,1.06618,1.06618,1.06618,1.06618,0
16.09.2023 18:00:00.000,1.06618,1.06618,1.06618,1.06618,0
16.09.2023 19:00:00.000,1.06618,1.06618,1.06618,1.06618,0
16.09.2023 20:00:00.000,1.06618,1.06618,1.06618,1.06618,0
16.09.2023 21:00:00.000,1.06618,1.06618,1.06618,1.06618,0
16.09.2023 22:00:00.000,1.06618,1.06618,1.06618,1.06618,0
16.09.2023 23:00:00.000,1.06618,1.06618,1.06618,1.06618,0
17.09.2023 00:00:00.000,1.06618,1.06618,1.06618,1.06618,0
17.09.2023 01:00:00.000,1.06618,1.06618,1.06618,1.06618,0
17.09.2023 02:00:00.000,1.06618,1.06618,1.06618,1.06618,0
17.09.2023 03:00:00.000,1.06618,1.06618,1.06618,1.06618,0
17.09.2023 04:00:00.000,1.06618,1.06618,1.06618,1.06618,0
17.09.2023 05:00:00.000,1.06618,1.06618,1.06618,1.06618,0
17.09.2023 06:00:00.000,1.06618,1.06618,1.06618,1.06618,0
17.09.2023 07:00:00.000,1.06618,1.06618,1.06618,1.06618,0
17.09.2023 08:00:00.000,1.06618,1.06618,1.06618,1.06618,0
17.09.2023 09:00:00.000,1.06618,1.06618,1.06618,1.06618,0
17.09.2023 10:00:00.000,1.06618,1.06618,1.06618,1.06618,0
17.09.2023 11:00:00.000,1.06618,1.06618,1.06618,1.06618,0
17.09.2023 12:00:00.000,1.06618,1.06618,1.06618,1.06618,0
17.09.2023 13:00:00.000,1.06618,1.06618,1.06618,1.06618,0
17.09.2023 14:00:00.000,1.06618,1.06618,1.06618,1.06618,0
17.09.2023 15:00:00.000,1.06618,1.06618,1.06618,1.06618,0
17.09.2023 16:00:00.000,1.06618,1.06618,1.06618,1.06618,0
17.09.2023 17:00:00.000,1.06618,1.06618,1.06618,1.06618,0
17.09.2023 18:00:00.000,1.06618,1.06618,1.06618,1.06618,0
17.09.2023 19:00:00.000,1.06618,1.06618,1.06618,1.06618,0
17.09.2023 20:00:00.000,1.06618,1.06618,1.06618,1.06618,0
17.09.2023 21:00:00.000,1.06668,1.06669,1.06625,1.06665,743.6
17.09.2023 22:00:00.000,1.06665,1.06694,1.06641,1.06645,1272.05
17.09.2023 23:00:00.000,1.06645,1.06687,1.06628,1.06682,2625.9199
18.09.2023 00:00:00.000,1.06682,1.06720,1.06678,1.06718,4812.4502
18.09.2023 01:00:00.000,1.06719,1.06739,1.06610,1.06626,8074.4199
18.09.2023 02:00:00.000,1.06626,1.06684,1.06623,1.06657,5713.5698
18.09.2023 03:00:00.000,1.06657,1.06690,1.06638,1.06645,4351.1099
18.09.2023 04:00:00.000,1.06644,1.06696,1.06633,1.06689,4170.2798
18.09.2023 05:00:00.000,1.06691,1.06732,1.06684,1.06691,3326.8899
18.09.2023 06:00:00.000,1.06691,1.06780,1.06587,1.06587,9510.9199
18.09.2023 07:00:00.000,1.06586,1.06662,1.06581,1.06624,13109.96
18.09.2023 08:00:00.000,1.06623,1.06658,1.06564,1.06642,10271.6396
18.09.2023 09:00:00.000,1.06641,1.06742,1.06621,1.06731,8978.1201
18.09.2023 10:00:00.000,1.06732,1.06751,1.06672,1.06680,7963.2202
18.09.2023 11:00:00.000,1.06679,1.06706,1.06624,1.06635,7930.7798
18.09.2023 12:00:00.000,1.06634,1.06692,1.06563,1.06570,13906.2305
18.09.2023 13:00:00.000,1.06570,1.06716,1.06548,1.06624,17286.6406
18.09.2023 14:00:00.000,1.06624,1.06757,1.06597,1.06753,16105.5098
18.09.2023 15:00:00.000,1.06752,1.06988,1.06742,1.06942,12237.25
18.09.2023 16:00:00.000,1.06941,1.06954,1.06845,1.06923,7975.8999
18.09.2023 17:00:00.000,1.06924,1.06983,1.06872,1.06872,7840.8999
18.09.2023 18:00:00.000,1.06871,1.06876,1.06781,1.06784,6129.8701
18.09.2023 19:00:00.000,1.06783,1.06869,1.06783,1.06868,9872.5996
18.09.2023 20:00:00.000,1.06867,1.06926,1.06863,1.06926,3496.72
18.09.2023 21:00:00.000,1.06929,1.06955,1.06882,1.06929,1208.66
18.09.2023 22:00:00.000,1.06927,1.06933,1.06893,1.06918,1737.4
18.09.2023 23:00:00.000,1.06919,1.06940,1.06916,1.06921,2246.0601
19.09.2023 00:00:00.000,1.06921,1.06968,1.06881,1.06887,6145.9102
19.09.2023 01:00:00.000,1.06888,1.06897,1.06811,1.06839,5802.5898
19.09.2023 02:00:00.000,1.06840,1.06879,1.06823,1.06847,5030.3901
19.09.2023 03:00:00.000,1.06848,1.06860,1.06827,1.06829,4485.7598
19.09.2023 04:00:00.000,1.06828,1.06853,1.06790,1.06803,1946.75
19.09.2023 05:00:00.000,1.06799,1.06822,1.06764,1.06799,3568.0701
19.09.2023 06:00:00.000,1.06799,1.06840,1.06765,1.06789,10620.7998
19.09.2023 07:00:00.000,1.06789,1.06955,1.06753,1.06944,14144.7402
19.09.2023 08:00:00.000,1.06944,1.06946,1.06842,1.06869,9660.9404
19.09.2023 09:00:00.000,1.06866,1.06910,1.06823,1.06893,8978.4697
19.09.2023 10:00:00.000,1.06894,1.07098,1.06868,1.07006,9519.3096
19.09.2023 11:00:00.000,1.07005,1.07099,1.06996,1.07089,11048.8701
19.09.2023 12:00:00.000,1.07089,1.07181,1.06944,1.06998,18522.8203
19.09.2023 13:00:00.000,1.06998,1.07016,1.06831,1.06918,27102.9297
19.09.2023 14:00:00.000,1.06919,1.06936,1.06825,1.06898,13417.4902
19.09.2023 15:00:00.000,1.06899,1.06930,1.06801,1.06833,8487.7803
19.09.2023 16:00:00.000,1.06834,1.06864,1.06786,1.06850,6441.9702
19.09.2023 17:00:00.000,1.06849,1.06919,1.06824,1.06848,5313.5601
19.09.2023 18:00:00.000,1.06848,1.06855,1.06773,1.06777,5473.6401
19.09.2023 19:00:00.000,1.06774,1.06812,1.06763,1.06808,3000.76
19.09.2023 20:00:00.000,1.06808,1.06814,1.06788,1.06796,2133.8401
19.09.2023 21:00:00.000,1.06796,1.06836,1.06796,1.06805,953.4
19.09.2023 22:00:00.000,1.06806,1.06830,1.06790,1.06826,1073.38
19.09.2023 23:00:00.000,1.06826,1.06837,1.06810,1.06816,1967.86
20.09.2023 00:00:00.000,1.06817,1.06860,1.06795,1.06850,3896.1599
20.09.2023 01:00:00.000,1.06850,1.06877,1.06802,1.06864,4160.71
20.09.2023 02:00:00.000,1.06865,1.06899,1.06829,1.06832,3204.3999
20.09.2023 03:00:00.000,1.06830,1.06844,1.06784,1.06797,3977.9199
20.09.2023 04:00:00.000,1.06797,1.06813,1.06784,1.06788,2848.23
20.09.2023 05:00:00.000,1.06786,1.06841,1.06785,1.06811,4048.1799
20.09.2023 06:00:00.000,1.06810,1.06932,1.06731,1.06820,11123.3096
20.09.2023 07:00:00.000,1.06820,1.06932,1.06755,1.06907,10549.9697
20.09.2023 08:00:00.000,1.06908,1.06971,1.06898,1.06964,7635.4702
20.09.2023 09:00:00.000,1.06964,1.07001,1.06934,1.06989,6871.2002
20.09.2023 10:00:00.000,1.06989,1.07051,1.06989,1.07033,10117.8203
20.09.2023 11:00:00.000,1.07032,1.07050,1.06973,1.07017,4889.4502
20.09.2023 12:00:00.000,1.07017,1.07037,1.06924,1.06981,10359.9697
20.09.2023 13:00:00.000,1.06983,1.07184,1.06973,1.07172,22521.1406
20.09.2023 14:00:00.000,1.07172,1.07273,1.07131,1.07198,17243.6699
20.09.2023 15:00:00.000,1.07198,1.07247,1.07137,1.07144,8628.8096
20.09.2023 16:00:00.000,1.07144,1.07369,1.07138,1.07353,10569.7803
20.09.2023 17:00:00.000,1.07354,1.07355,1.07246,1.07275,5983.0601
20.09.2023 18:00:00.000,1.07273,1.07275,1.06740,1.06869,53493.3516
20.09.2023 19:00:00.000,1.06871,1.06893,1.06581,1.06588,24013.4004
20.09.2023 20:00:00.000,1.06589,1.06626,1.06502,1.06615,5118.5098
20.09.2023 21:00:00.000,1.06616,1.06654,1.06602,1.06649,738.78
20.09.2023 22:00:00.000,1.06645,1.06650,1.06530,1.06557,1751.67
20.09.2023 23:00:00.000,1.06557,1.06557,1.06479,1.06502,4021.3601
21.09.2023 00:00:00.000,1.06501,1.06505,1.06301,1.06315,11236.5801
21.09.2023 01:00:00.000,1.06317,1.06397,1.06279,1.06377,14643.8496
21.09.2023 02:00:00.000,1.06375,1.06415,1.06171,1.06274,10170.0303
21.09.2023 03:00:00.000,1.06275,1.06380,1.06271,1.06368,5736.8501
21.09.2023 04:00:00.000,1.06368,1.06376,1.06335,1.06372,3612.53
21.09.2023 05:00:00.000,1.06373,1.06389,1.06328,1.06348,5514.48
21.09.2023 06:00:00.000,1.06345,1.06549,1.06338,1.06505,12140.8301
21.09.2023 07:00:00.000,1.06502,1.06583,1.06389,1.06555,21247.6699
21.09.2023 08:00:00.000,1.06554,1.06639,1.06523,1.06558,14152.7197
21.09.2023 09:00:00.000,1.06557,1.06648,1.06516,1.06536,11605.8203
21.09.2023 10:00:00.000,1.06535,1.06630,1.06473,1.06507,11526.6504
21.09.2023 11:00:00.000,1.06502,1.06502,1.06338,1.06358,23965.3594
21.09.2023 12:00:00.000,1.06360,1.06423,1.06251,1.06423,29355.8496
21.09.2023 13:00:00.000,1.06423,1.06614,1.06391,1.06414,30283.6992
21.09.2023 14:00:00.000,1.06413,1.06737,1.06380,1.06601,27777.0195
21.09.2023 15:00:00.000,1.06600,1.06688,1.06553,1.06637,14397.6602
21.09.2023 16:00:00.000,1.06637,1.06667,1.06547,1.06559,7892.8501
21.09.2023 17:00:00.000,1.06560,1.06706,1.06558,1.06660,7507.3999
21.09.2023 18:00:00.000,1.06660,1.06711,1.06614,1.06619,7918.7402
21.09.2023 19:00:00.000,1.06620,1.06670,1.06591,1.06595,7661.1299
21.09.2023 20:00:00.000,1.06593,1.06644,1.06576,1.06643,6484.1602
21.09.2023 21:00:00.000,1.06644,1.06647,1.06590,1.06595,821.59
21.09.2023 22:00:00.000,1.06595,1.06639,1.06595,1.06618,1688.8199
21.09.2023 23:00:00.000,1.06619,1.06621,1.06589,1.06605,4102.7798
22.09.2023 00:00:00.000,1.06605,1.06629,1.06535,1.06577,7075.8999
22.09.2023 01:00:00.000,1.06577,1.06578,1.06411,1.06434,10818.5898
22.09.2023 02:00:00.000,1.06435,1.06520,1.06427,1.06482,9967.7998
22.09.2023 03:00:00.000,1.06481,1.06532,1.06477,1.06517,4898.9399
22.09.2023 04:00:00.000,1.06516,1.06571,1.06514,1.06549,4893.4902
22.09.2023 05:00:00.000,1.06549,1.06579,1.06495,1.06495,5119.6699
22.09.2023 06:00:00.000,1.06492,1.06600,1.06474,1.06597,15511.4502
22.09.2023 07:00:00.000,1.06599,1.06681,1.06151,1.06461,32017.5996
22.09.2023 08:00:00.000,1.06461,1.06520,1.06394,1.06466,17961.2109
22.09.2023 09:00:00.000,1.06465,1.06488,1.06343,1.06386,10409.9102
22.09.2023 10:00:00.000,1.06386,1.06473,1.06346,1.06357,8397.1104
22.09.2023 11:00:00.000,1.06357,1.06421,1.06357,1.06365,7916.8799
22.09.2023 12:00:00.000,1.06366,1.06609,1.06366,1.06558,15427.71
22.09.2023 13:00:00.000,1.06557,1.06623,1.06424,1.06608,20966.5996
22.09.2023 14:00:00.000,1.06607,1.06719,1.06575,1.06584,16221.8496
22.09.2023 15:00:00.000,1.06582,1.06655,1.06537,1.06595,11017.4805
22.09.2023 16:00:00.000,1.06596,1.06619,1.06550,1.06557,5401.6001
22.09.2023 17:00:00.000,1.06558,1.06616,1.06519,1.06520,5284.71
22.09.2023 18:00:00.000,1.06521,1.06529,1.06394,1.06471,5099.52
22.09.2023 19:00:00.000,1.06470,1.06514,1.06438,1.06438,5459.1099
22.09.2023 20:00:00.000,1.06439,1.06523,1.06418,1.06496,7374.3599
22.09.2023 21:00:00.000,1.06496,1.06496,1.06496,1.06496,0
22.09.2023 22:00:00.000,1.06496,1.06496,1.06496,1.06496,0
22.09.2023 23:00:00.000,1.06496,1.06496,1.06496,1.06496,0
23.09.2023 00:00:00.000,1.06496,1.06496,1.06496,1.06496,0
23.09.2023 01:00:00.000,1.06496,1.06496,1.06496,1.06496,0
23.09.2023 02:00:00.000,1.06496,1.06496,1.06496,1.06496,0
23.09.2023 03:00:00.000,1.06496,1.06496,1.06496,1.06496,0
23.09.2023 04:00:00.000,1.06496,1.06496,1.06496,1.06496,0
23.09.2023 05:00:00.000,1.06496,1.06496,1.06496,1.06496,0
23.09.2023 06:00:00.000,1.06496,1.06496,1.06496,1.06496,0
23.09.2023 07:00:00.000,1.06496,1.06496,1.06496,1.06496,0
23.09.2023 08:00:00.000,1.06496,1.06496,1.06496,1.06496,0
23.09.2023 09:00:00.000,1.06496,1.06496,1.06496,1.06496,0
23.09.2023 10:00:00.000,1.06496,1.06496,1.06496,1.06496,0
23.09.2023 11:00:00.000,1.06496,1.06496,1.06496,1.06496,0
23.09.2023 12:00:00.000,1.06496,1.06496,1.06496,1.06496,0
23.09.2023 13:00:00.000,1.06496,1.06496,1.06496,1.06496,0
23.09.2023 14:00:00.000,1.06496,1.06496,1.06496,1.06496,0
23.09.2023 15:00:00.000,1.06496,1.06496,1.06496,1.06496,0
23.09.2023 16:00:00.000,1.06496,1.06496,1.06496,1.06496,0
23.09.2023 17:00:00.000,1.06496,1.06496,1.06496,1.06496,0
23.09.2023 18:00:00.000,1.06496,1.06496,1.06496,1.06496,0
23.09.2023 19:00:00.000,1.06496,1.06496,1.06496,1.06496,0
23.09.2023 20:00:00.000,1.06496,1.06496,1.06496,1.06496,0
23.09.2023 21:00:00.000,1.06496,1.06496,1.06496,1.06496,0
23.09.2023 22:00:00.000,1.06496,1.06496,1.06496,1.06496,0
23.09.2023 23:00:00.000,1.06496,1.06496,1.06496,1.06496,0
24.09.2023 00:00:00.000,1.06496,1.06496,1.06496,1.06496,0
24.09.2023 01:00:00.000,1.06496,1.06496,1.06496,1.06496,0
24.09.2023 02:00:00.000,1.06496,1.06496,1.06496,1.06496,0
24.09.2023 03:00:00.000,1.06496,1.06496,1.06496,1.06496,0
24.09.2023 04:00:00.000,1.06496,1.06496,1.06496,1.06496,0
24.09.2023 05:00:00.000,1.06496,1.06496,1.06496,1.06496,0
24.09.2023 06:00:00.000,1.06496,1.06496,1.06496,1.06496,0
24.09.2023 07:00:00.000,1.06496,1.06496,1.06496,1.06496,0
24.09.2023 08:00:00.000,1.06496,1.06496,1.06496,1.06496,0
24.09.2023 09:00:00.000,1.06496,1.06496,1.06496,1.06496,0
24.09.2023 10:00:00.000,1.06496,1.06496,1.06496,1.06496,0
24.09.2023 11:00:00.000,1.06496,1.06496,1.06496,1.06496,0
24.09.2023 12:00:00.000,1.06496,1.06496,1.06496,1.06496,0
24.09.2023 13:00:00.000,1.06496,1.06496,1.06496,1.06496,0
24.09.2023 14:00:00.000,1.06496,1.06496,1.06496,1.06496,0
24.09.2023 15:00:00.000,1.06496,1.06496,1.06496,1.06496,0
24.09.2023 16:00:00.000,1.06496,1.06496,1.06496,1.06496,0
24.09.2023 17:00:00.000,1.06496,1.06496,1.06496,1.06496,0
24.09.2023 18:00:00.000,1.06496,1.06496,1.06496,1.06496,0
24.09.2023 19:00:00.000,1.06496,1.06496,1.06496,1.06496,0
24.09.2023 20:00:00.000,1.06496,1.06496,1.06496,1.06496,0
24.09.2023 21:00:00.000,1.06602,1.06602,1.06473,1.06479,510.46
24.09.2023 22:00:00.000,1.06478,1.06520,1.06470,1.06495,4065.8201
24.09.2023 23:00:00.000,1.06493,1.06521,1.06475,1.06486,4517.4399
25.09.2023 00:00:00.000,1.06484,1.06559,1.06482,1.06547,5985.1401
25.09.2023 01:00:00.000,1.06547,1.06551,1.06446,1.06469,7306.8501
25.09.2023 02:00:00.000,1.06470,1.06499,1.06432,1.06491,5153.7598
25.09.2023 03:00:00.000,1.06493,1.06509,1.06478,1.06483,5164.6802
25.09.2023 04:00:00.000,1.06482,1.06508,1.06459,1.06491,1964.23
25.09.2023 05:00:00.000,1.06491,1.06504,1.06423,1.06441,3076.1799
25.09.2023 06:00:00.000,1.06443,1.06534,1.06428,1.06463,7952.3398
25.09.2023 07:00:00.000,1.06463,1.06531,1.06319,1.06382,11939.5898
25.09.2023 08:00:00.000,1.06384,1.06433,1.06244,1.06257,16130
25.09.2023 09:00:00.000,1.06258,1.06371,1.06242,1.06349,14347.3799
25.09.2023 10:00:00.000,1.06349,1.06419,1.06341,1.06374,7698.2002
25.09.2023 11:00:00.000,1.06375,1.06437,1.06295,1.06307,7395.2798
25.09.2023 12:00:00.000,1.06306,1.06348,1.06193,1.06223,11916.6104
25.09.2023 13:00:00.000,1.06224,1.06246,1.05960,1.06022,20509.0098
25.09.2023 14:00:00.000,1.06022,1.06071,1.05754,1.05775,20036.3301
25.09.2023 15:00:00.000,1.05776,1.05931,1.05762,1.05902,14138.0303
25.09.2023 16:00:00.000,1.05902,1.05965,1.05879,1.05893,16369.0098
25.09.2023 17:00:00.000,1.05893,1.05976,1.05889,1.05950,5831.6099
25.09.2023 18:00:00.000,1.05951,1.05989,1.05858,1.05871,5080.0898
25.09.2023 19:00:00.000,1.05872,1.05935,1.05857,1.05929,4320.9302
25.09.2023 20:00:00.000,1.05929,1.05949,1.05911,1.05941,2669.3301
25.09.2023 21:00:00.000,1.05943,1.05947,1.05909,1.05931,1549.74
25.09.2023 22:00:00.000,1.05932,1.05968,1.05923,1.05943,2547.02
25.09.2023 23:00:00.000,1.05943,1.05956,1.05914,1.05914,1428.58
26.09.2023 00:00:00.000,1.05915,1.05921,1.05809,1.05846,5319.3501
26.09.2023 01:00:00.000,1.05845,1.05880,1.05836,1.05867,5268.3999
26.09.2023 02:00:00.000,1.05864,1.05877,1.05802,1.05803,4615.0898
26.09.2023 03:00:00.000,1.05803,1.05868,1.05786,1.05861,4491.9399
26.09.2023 04:00:00.000,1.05861,1.05931,1.05846,1.05928,3344.8501
26.09.2023 05:00:00.000,1.05928,1.05932,1.05823,1.05880,6638.8501
26.09.2023 06:00:00.000,1.05880,1.05890,1.05714,1.05718,11343.25
26.09.2023 07:00:00.000,1.05718,1.05888,1.05701,1.05851,15629.3398
26.09.2023 08:00:00.000,1.05852,1.06002,1.05828,1.05963,14913.7305
26.09.2023 09:00:00.000,1.05962,1.06031,1.05935,1.05975,12036.2305
26.09.2023 10:00:00.000,1.05973,1.06018,1.05934,1.05964,7086.46
26.09.2023 11:00:00.000,1.05962,1.06036,1.05896,1.05997,9048.9502
26.09.2023 12:00:00.000,1.05995,1.06091,1.05987,1.06060,15365.7002
26.09.2023 13:00:00.000,1.06060,1.06068,1.05857,1.05929,14865.3398
26.09.2023 14:00:00.000,1.05928,1.05992,1.05784,1.05840,26553.2598
26.09.2023 15:00:00.000,1.05839,1.05845,1.05679,1.05726,16460.9707
26.09.2023 16:00:00.000,1.05726,1.05770,1.05683,1.05693,6521.3101
26.09.2023 17:00:00.000,1.05693,1.05764,1.05673,1.05710,6892.3398
26.09.2023 18:00:00.000,1.05710,1.05717,1.05621,1.05664,10170.8096
26.09.2023 19:00:00.000,1.05666,1.05720,1.05647,1.05703,5866.27
26.09.2023 20:00:00.000,1.05702,1.05757,1.05697,1.05733,3556.71
26.09.2023 21:00:00.000,1.05733,1.05734,1.05704,1.05717,1005.54
26.09.2023 22:00:00.000,1.05717,1.05746,1.05697,1.05716,1774.13
26.09.2023 23:00:00.000,1.05717,1.05734,1.05679,1.05693,3482.3301
27.09.2023 00:00:00.000,1.05694,1.05722,1.05561,1.05600,7702.9502
27.09.2023 01:00:00.000,1.05602,1.05702,1.05591,1.05697,9229.2803
27.09.2023 02:00:00.000,1.05698,1.05699,1.05591,1.05648,9496.8701
27.09.2023 03:00:00.000,1.05647,1.05652,1.05597,1.05621,8127.3999
27.09.2023 04:00:00.000,1.05620,1.05636,1.05574,1.05603,6974.7002
27.09.2023 05:00:00.000,1.05603,1.05642,1.05551,1.05603,7664.6899
27.09.2023 06:00:00.000,1.05601,1.05709,1.05575,1.05694,11585.8604
27.09.2023 07:00:00.000,1.05695,1.05742,1.05647,1.05654,12959.4902
27.09.2023 08:00:00.000,1.05654,1.05700,1.05575,1.05600,11465.4404
27.09.2023 09:00:00.000,1.05599,1.05639,1.05532,1.05601,12924.1396
27.09.2023 10:00:00.000,1.05600,1.05621,1.05528,1.05544,8411.3301
27.09.2023 11:00:00.000,1.05543,1.05550,1.05346,1.05397,16165.5703
27.09.2023 12:00:00.000,1.05397,1.05515,1.05350,1.05468,19668.7793
27.09.2023 13:00:00.000,1.05467,1.05491,1.05122,1.05205,25585.8809
27.09.2023 14:00:00.000,1.05205,1.05261,1.05086,1.05089,27321.1992
27.09.2023 15:00:00.000,1.05090,1.05242,1.05083,1.05089,18672.3301
27.09.2023 16:00:00.000,1.05091,1.05098,1.05010,1.05031,11888.71
27.09.2023 17:00:00.000,1.05031,1.05110,1.04906,1.04990,16588.4297
27.09.2023 18:00:00.000,1.04990,1.05094,1.04883,1.05071,13920.6201
27.09.2023 19:00:00.000,1.05071,1.05190,1.05015,1.05059,11469.9902
27.09.2023 20:00:00.000,1.05059,1.05060,1.04986,1.05033,4403
27.09.2023 21:00:00.000,1.05033,1.05100,1.05033,1.05073,2160.3
27.09.2023 22:00:00.000,1.05074,1.05086,1.05035,1.05039,1397.38
27.09.2023 23:00:00.000,1.05036,1.05073,1.05025,1.05055,4122.6299
28.09.2023 00:00:00.000,1.05056,1.05155,1.05053,1.05154,9144.7695
28.09.2023 01:00:00.000,1.05154,1.05164,1.05098,1.05107,9410.0898
28.09.2023 02:00:00.000,1.05107,1.05120,1.04990,1.04999,6858.8101
28.09.2023 03:00:00.000,1.04998,1.05057,1.04993,1.05043,5885.8701
28.09.2023 04:00:00.000,1.05041,1.05061,1.04971,1.05044,4735.6099
28.09.2023 05:00:00.000,1.05045,1.05099,1.04962,1.05090,7528.8198
28.09.2023 06:00:00.000,1.05089,1.05093,1.04911,1.04953,12822.0898
28.09.2023 07:00:00.000,1.04955,1.05191,1.04947,1.05087,17686.1309
28.09.2023 08:00:00.000,1.05088,1.05245,1.05049,1.05170,23129.5293
28.09.2023 09:00:00.000,1.05170,1.05415,1.05155,1.05396,24516.6191
28.09.2023 10:00:00.000,1.05396,1.05419,1.05320,1.05399,11455.6504
28.09.2023 11:00:00.000,1.05400,1.05485,1.05373,1.05417,12153.8496
28.09.2023 12:00:00.000,1.05416,1.05575,1.05180,1.05184,35816.0898
28.09.2023 13:00:00.000,1.05181,1.05550,1.05179,1.05497,50117.7383
28.09.2023 14:00:00.000,1.05496,1.05679,1.05458,1.05630,30183.7109
28.09.2023 15:00:00.000,1.05629,1.05790,1.05583,1.05763,20206.9609
28.09.2023 16:00:00.000,1.05764,1.05785,1.05564,1.05580,11809.0498
28.09.2023 17:00:00.000,1.05581,1.05643,1.05503,1.05510,12330.54
28.09.2023 18:00:00.000,1.05510,1.05647,1.05500,1.05551,8486.2803
28.09.2023 19:00:00.000,1.05552,1.05646,1.05527,1.05643,10327.4199
28.09.2023 20:00:00.000,1.05642,1.05675,1.05630,1.05661,6591.1201
28.09.2023 21:00:00.000,1.05666,1.05672,1.05636,1.05658,1743.72
28.09.2023 22:00:00.000,1.05658,1.05679,1.05651,1.05654,1414.67
28.09.2023 23:00:00.000,1.05654,1.05654,1.05621,1.05623,3493.6101
29.09.2023 00:00:00.000,1.05625,1.05649,1.05582,1.05643,4654.9199
29.09.2023 01:00:00.000,1.05644,1.05763,1.05623,1.05739,6113
29.09.2023 02:00:00.000,1.05739,1.05830,1.05739,1.05794,5372.0298
29.09.2023 03:00:00.000,1.05793,1.05805,1.05756,1.05757,3319.9099
29.09.2023 04:00:00.000,1.05757,1.05814,1.05753,1.05803,3669.3899
29.09.2023 05:00:00.000,1.05803,1.05865,1.05758,1.05767,4793.4399
29.09.2023 06:00:00.000,1.05767,1.05921,1.05747,1.05903,18093.6309
29.09.2023 07:00:00.000,1.05901,1.06109,1.05883,1.06065,25632.8809
29.09.2023 08:00:00.000,1.06065,1.06167,1.05996,1.06099,17975.6797
29.09.2023 09:00:00.000,1.06100,1.06172,1.06042,1.06146,18035.9199
29.09.2023 10:00:00.000,1.06147,1.06167,1.06067,1.06093,12706.6396
29.09.2023 11:00:00.000,1.06094,1.06113,1.05903,1.05946,12557.3604
29.09.2023 12:00:00.000,1.05945,1.06105,1.05884,1.05999,28104.5996
29.09.2023 13:00:00.000,1.05999,1.06076,1.05749,1.05814,32342.6406
29.09.2023 14:00:00.000,1.05816,1.05929,1.05701,1.05873,36750.3203
29.09.2023 15:00:00.000,1.05873,1.05905,1.05730,1.05835,23963.8906
29.09.2023 16:00:00.000,1.05837,1.05870,1.05748,1.05778,13273.1504
29.09.2023 17:00:00.000,1.05777,1.05779,1.05644,1.05652,11407.96
29.09.2023 18:00:00.000,1.05653,1.05799,1.05642,1.05778,9483.1699
29.09.2023 19:00:00.000,1.05776,1.05793,1.05701,1.05726,9632.3799
29.09.2023 20:00:00.000,1.05725,1.05770,1.05696,1.05736,5853.54
29.09.2023 21:00:00.000,1.05736,1.05736,1.05736,1.05736,0
29.09.2023 22:00:00.000,1.05736,1.05736,1.05736,1.05736,0
29.09.2023 23:00:00.000,1.05736,1.05736,1.05736,1.05736,0
30.09.2023 00:00:00.000,1.05736,1.05736,1.05736,1.05736,0
30.09.2023 01:00:00.000,1.05736,1.05736,1.05736,1.05736,0
30.09.2023 02:00:00.000,1.05736,1.05736,1.05736,1.05736,0
30.09.2023 03:00:00.000,1.05736,1.05736,1.05736,1.05736,0
30.09.2023 04:00:00.000,1.05736,1.05736,1.05736,1.05736,0
30.09.2023 05:00:00.000,1.05736,1.05736,1.05736,1.05736,0
30.09.2023 06:00:00.000,1.05736,1.05736,1.05736,1.05736,0
30.09.2023 07:00:00.000,1.05736,1.05736,1.05736,1.05736,0
30.09.2023 08:00:00.000,1.05736,1.05736,1.05736,1.05736,0
30.09.2023 09:00:00.000,1.05736,1.05736,1.05736,1.05736,0
30.09.2023 10:00:00.000,1.05736,1.05736,1.05736,1.05736,0
30.09.2023 11:00:00.000,1.05736,1.05736,1.05736,1.05736,0
30.09.2023 12:00:00.000,1.05736,1.05736,1.05736,1.05736,0
30.09.2023 13:00:00.000,1.05736,1.05736,1.05736,1.05736,0
30.09.2023 14:00:00.000,1.05736,1.05736,1.05736,1.05736,0
30.09.2023 15:00:00.000,1.05736,1.05736,1.05736,1.05736,0
30.09.2023 16:00:00.000,1.05736,1.05736,1.05736,1.05736,0
30.09.2023 17:00:00.000,1.05736,1.05736,1.05736,1.05736,0
30.09.2023 18:00:00.000,1.05736,1.05736,1.05736,1.05736,0
30.09.2023 19:00:00.000,1.05736,1.05736,1.05736,1.05736,0
30.09.2023 20:00:00.000,1.05736,1.05736,1.05736,1.05736,0
30.09.2023 21:00:00.000,1.05736,1.05736,1.05736,1.05736,0
30.09.2023 22:00:00.000,1.05736,1.05736,1.05736,1.05736,0
30.09.2023 23:00:00.000,1.05736,1.05736,1.05736,1.05736,0
01.10.2023 00:00:00.000,1.05736,1.05736,1.05736,1.05736,0
01.10.2023 01:00:00.000,1.05736,1.05736,1.05736,1.05736,0
01.10.2023 02:00:00.000,1.05736,1.05736,1.05736,1.05736,0
01.10.2023 03:00:00.000,1.05736,1.05736,1.05736,1.05736,0
01.10.2023 04:00:00.000,1.05736,1.05736,1.05736,1.05736,0
01.10.2023 05:00:00.000,1.05736,1.05736,1.05736,1.05736,0
01.10.2023 06:00:00.000,1.05736,1.05736,1.05736,1.05736,0
01.10.2023 07:00:00.000,1.05736,1.05736,1.05736,1.05736,0
01.10.2023 08:00:00.000,1.05736,1.05736,1.05736,1.05736,0
01.10.2023 09:00:00.000,1.05736,1.05736,1.05736,1.05736,0
01.10.2023 10:00:00.000,1.05736,1.05736,1.05736,1.05736,0
01.10.2023 11:00:00.000,1.05736,1.05736,1.05736,1.05736,0
01.10.2023 12:00:00.000,1.05736,1.05736,1.05736,1.05736,0
01.10.2023 13:00:00.000,1.05736,1.05736,1.05736,1.05736,0
01.10.2023 14:00:00.000,1.05736,1.05736,1.05736,1.05736,0
01.10.2023 15:00:00.000,1.05736,1.05736,1.05736,1.05736,0
01.10.2023 16:00:00.000,1.05736,1.05736,1.05736,1.05736,0
01.10.2023 17:00:00.000,1.05736,1.05736,1.05736,1.05736,0
01.10.2023 18:00:00.000,1.05736,1.05736,1.05736,1.05736,0
01.10.2023 19:00:00.000,1.05736,1.05736,1.05736,1.05736,0
01.10.2023 20:00:00.000,1.05736,1.05736,1.05736,1.05736,0
01.10.2023 21:00:00.000,1.05728,1.05769,1.05651,1.05704,937.08
01.10.2023 22:00:00.000,1.05704,1.05717,1.05580,1.05595,3758.8401
01.10.2023 23:00:00.000,1.05595,1.05649,1.05581,1.05643,4918.46
02.10.2023 00:00:00.000,1.05643,1.05685,1.05625,1.05643,6402.6602
02.10.2023 01:00:00.000,1.05642,1.05705,1.05642,1.05681,4464.6401
02.10.2023 02:00:00.000,1.05680,1.05710,1.05680,1.05682,3926.4399
02.10.2023 03:00:00.000,1.05682,1.05705,1.05681,1.05699,3067.9299
02.10.2023 04:00:00.000,1.05698,1.05714,1.05682,1.05689,2582.8999
02.10.2023 05:00:00.000,1.05689,1.05695,1.05603,1.05618,4679.9702
02.10.2023 06:00:00.000,1.05619,1.05900,1.05611,1.05900,12965.1904
02.10.2023 07:00:00.000,1.05900,1.05920,1.05715,1.05726,17005.0605
02.10.2023 08:00:00.000,1.05725,1.05784,1.05601,1.05625,15490.8398
02.10.2023 09:00:00.000,1.05623,1.05630,1.05350,1.05393,16794.9707
02.10.2023 10:00:00.000,1.05389,1.05440,1.05340,1.05397,15436.2305
02.10.2023 11:00:00.000,1.05399,1.05427,1.05304,1.05315,13242.5996
02.10.2023 12:00:00.000,1.05316,1.05378,1.05251,1.05295,20852.4707
02.10.2023 13:00:00.000,1.05295,1.05327,1.05153,1.05166,26988.2305
02.10.2023 14:00:00.000,1.05165,1.05276,1.04924,1.04956,42977.1094
02.10.2023 15:00:00.000,1.04956,1.05129,1.04956,1.04991,23582.1406
02.10.2023 16:00:00.000,1.04990,1.04995,1.04884,1.04894,14731.1104
02.10.2023 17:00:00.000,1.04893,1.05054,1.04893,1.04959,12085.7002
02.10.2023 18:00:00.000,1.04958,1.05025,1.04907,1.04929,7785.1602
02.10.2023 19:00:00.000,1.04928,1.04942,1.04809,1.04810,7392.8101
02.10.2023 20:00:00.000,1.04807,1.04830,1.04773,1.04782,4129.2002
02.10.2023 21:00:00.000,1.04781,1.04816,1.04781,1.04801,931.44
02.10.2023 22:00:00.000,1.04803,1.04829,1.04767,1.04769,1659.92
02.10.2023 23:00:00.000,1.04769,1.04829,1.04755,1.04801,4017.77
03.10.2023 00:00:00.000,1.04800,1.04806,1.04648,1.04726,9057.9805
03.10.2023 01:00:00.000,1.04726,1.04750,1.04679,1.04715,7451.21
03.10.2023 02:00:00.000,1.04716,1.04716,1.04639,1.04668,6527.3701
03.10.2023 03:00:00.000,1.04667,1.04709,1.04654,1.04684,5059.6602
03.10.2023 04:00:00.000,1.04686,1.04706,1.04599,1.04635,5827.98
03.10.2023 05:00:00.000,1.04636,1.04664,1.04610,1.04660,8286.5195
03.10.2023 06:00:00.000,1.04659,1.04749,1.04625,1.04731,14606.4805
03.10.2023 07:00:00.000,1.04731,1.04844,1.04693,1.04826,17859.2109
03.10.2023 08:00:00.000,1.04826,1.04937,1.04787,1.04856,16055.3096
03.10.2023 09:00:00.000,1.04855,1.04914,1.04806,1.04841,13781.4902
03.10.2023 10:00:00.000,1.04841,1.04856,1.04757,1.04760,11876.5996
03.10.2023 11:00:00.000,1.04760,1.04817,1.04694,1.04737,14367.04
03.10.2023 12:00:00.000,1.04738,1.04788,1.04622,1.04662,22295.6504
03.10.2023 13:00:00.000,1.04663,1.04860,1.04643,1.04812,29921.8594
03.10.2023 14:00:00.000,1.04811,1.04830,1.04498,1.04759,71698.6797
03.10.2023 15:00:00.000,1.04758,1.04760,1.04484,1.04528,30320.8008
03.10.2023 16:00:00.000,1.04528,1.04728,1.04521,1.04625,26678.5996
03.10.2023 17:00:00.000,1.04624,1.04753,1.04623,1.04693,10929.6201
03.10.2023 18:00:00.000,1.04692,1.04797,1.04597,1.04749,9104.8398
03.10.2023 19:00:00.000,1.04750,1.04787,1.04708,1.04717,5875.29
03.10.2023 20:00:00.000,1.04717,1.04737,1.04649,1.04673,3785.3401
03.10.2023 21:00:00.000,1.04677,1.04758,1.04650,1.04658,440.25
03.10.2023 22:00:00.000,1.04656,1.04682,1.04646,1.04650,1431.2
03.10.2023 23:00:00.000,1.04650,1.04699,1.04635,1.04688,2842.23
04.10.2023 00:00:00.000,1.04686,1.04759,1.04658,1.04716,5668.6201
04.10.2023 01:00:00.000,1.04715,1.04720,1.04605,1.04670,11018.54
04.10.2023 02:00:00.000,1.04672,1.04685,1.04600,1.04635,5828.8599
04.10.2023 03:00:00.000,1.04635,1.04668,1.04574,1.04594,3615.46
04.10.2023 04:00:00.000,1.04594,1.04702,1.04584,1.04702,4821.6899
04.10.2023 05:00:00.000,1.04702,1.04741,1.04670,1.04683,5951.0298
04.10.2023 06:00:00.000,1.04684,1.04694,1.04544,1.04606,15121.3096
04.10.2023 07:00:00.000,1.04605,1.04857,1.04515,1.04849,24688.6699
04.10.2023 08:00:00.000,1.04848,1.04889,1.04792,1.04863,16093.5703
04.10.2023 09:00:00.000,1.04865,1.05042,1.04849,1.04986,15773.25
04.10.2023 10:00:00.000,1.04985,1.05117,1.04956,1.05035,13152.8604
04.10.2023 11:00:00.000,1.05035,1.05166,1.04981,1.04982,18896.3398
04.10.2023 12:00:00.000,1.04982,1.05323,1.04963,1.05254,35559
04.10.2023 13:00:00.000,1.05252,1.05260,1.05054,1.05081,29067.1309
04.10.2023 14:00:00.000,1.05080,1.05123,1.04831,1.04929,40989.8008
04.10.2023 15:00:00.000,1.04930,1.05202,1.04905,1.05179,25825.3809
04.10.2023 16:00:00.000,1.05180,1.05219,1.05112,1.05125,11957.1104
04.10.2023 17:00:00.000,1.05123,1.05132,1.05010,1.05030,9564.1201
04.10.2023 18:00:00.000,1.05028,1.05072,1.04980,1.05034,9426.2598
04.10.2023 19:00:00.000,1.05034,1.05197,1.05018,1.05156,10028.2402
04.10.2023 20:00:00.000,1.05154,1.05161,1.05030,1.05049,3537.1001
04.10.2023 21:00:00.000,1.05052,1.05080,1.05042,1.05074,690.46
04.10.2023 22:00:00.000,1.05075,1.05088,1.05056,1.05068,1500.99
04.10.2023 23:00:00.000,1.05068,1.05095,1.05054,1.05072,4299.8799
05.10.2023 00:00:00.000,1.05070,1.05221,1.05024,1.05204,7802.3701
05.10.2023 01:00:00.000,1.05203,1.05290,1.05203,1.05287,11746.6904
05.10.2023 02:00:00.000,1.05288,1.05291,1.05211,1.05233,4746.1401
05.10.2023 03:00:00.000,1.05232,1.05287,1.05217,1.05252,4585.2002
05.10.2023 04:00:00.000,1.05252,1.05266,1.05207,1.05208,3812.3999
05.10.2023 05:00:00.000,1.05209,1.05263,1.05169,1.05177,6366.1499
05.10.2023 06:00:00.000,1.05177,1.05211,1.05049,1.05073,11003.3096
05.10.2023 07:00:00.000,1.05070,1.05147,1.05018,1.05090,16599.7207
05.10.2023 08:00:00.000,1.05088,1.05205,1.05030,1.05044,16539.5293
05.10.2023 09:00:00.000,1.05044,1.05166,1.05035,1.05080,14328.1201
05.10.2023 10:00:00.000,1.05080,1.05232,1.05053,1.05191,16006.9404
05.10.2023 11:00:00.000,1.05191,1.05255,1.05114,1.05238,12120.9502
05.10.2023 12:00:00.000,1.05238,1.05300,1.05002,1.05149,38308.4219
05.10.2023 13:00:00.000,1.05150,1.05321,1.05081,1.05253,39778.0313
05.10.2023 14:00:00.000,1.05253,1.05333,1.05128,1.05303,29613.7793
05.10.2023 15:00:00.000,1.05304,1.05376,1.05205,1.05261,27713.7793
05.10.2023 16:00:00.000,1.05260,1.05402,1.05243,1.05362,16868.7402
05.10.2023 17:00:00.000,1.05361,1.05400,1.05292,1.05379,11147.5703
05.10.2023 18:00:00.000,1.05380,1.05518,1.05380,1.05512,8763.25
05.10.2023 19:00:00.000,1.05508,1.05517,1.05450,1.05498,8259.5898
05.10.2023 20:00:00.000,1.05497,1.05520,1.05481,1.05505,3931.48
05.10.2023 21:00:00.000,1.05505,1.05515,1.05486,1.05495,1846.38
05.10.2023 22:00:00.000,1.05496,1.05512,1.05483,1.05486,1041.71
05.10.2023 23:00:00.000,1.05486,1.05489,1.05464,1.05466,2114.49
06.10.2023 00:00:00.000,1.05466,1.05481,1.05415,1.05419,5323.1899
06.10.2023 01:00:00.000,1.05419,1.05449,1.05384,1.05433,6453.4102
06.10.2023 02:00:00.000,1.05431,1.05476,1.05416,1.05451,4981.6001
06.10.2023 03:00:00.000,1.05450,1.05465,1.05405,1.05426,4457.02
06.10.2023 04:00:00.000,1.05427,1.05447,1.05401,1.05406,4165.0801
06.10.2023 05:00:00.000,1.05405,1.05419,1.05337,1.05354,4253.5
06.10.2023 06:00:00.000,1.05354,1.05405,1.05316,1.05348,8045.8701
06.10.2023 07:00:00.000,1.05348,1.05511,1.05343,1.05501,17232.4297
06.10.2023 08:00:00.000,1.05500,1.05535,1.05424,1.05485,18269.2305
06.10.2023 09:00:00.000,1.05484,1.05577,1.05459,1.05530,11411.2197
06.10.2023 10:00:00.000,1.05530,1.05635,1.05530,1.05549,10462.2402
06.10.2023 11:00:00.000,1.05549,1.05675,1.05507,1.05662,12007.6396
06.10.2023 12:00:00.000,1.05663,1.05685,1.04827,1.04965,48634.9609
06.10.2023 13:00:00.000,1.04966,1.05229,1.04885,1.05120,51790.4102
06.10.2023 14:00:00.000,1.05122,1.05555,1.05053,1.05378,39398.6797
06.10.2023 15:00:00.000,1.05379,1.06001,1.05361,1.05949,43543.0313
06.10.2023 16:00:00.000,1.05946,1.05955,1.05757,1.05793,26512.9199
06.10.2023 17:00:00.000,1.05792,1.05925,1.05774,1.05883,13321.1201
06.10.2023 18:00:00.000,1.05884,1.05997,1.05872,1.05935,11185.1104
06.10.2023 19:00:00.000,1.05937,1.05963,1.05889,1.05898,40069.5313
06.10.2023 20:00:00.000,1.05899,1.05905,1.05825,1.05905,20586.2305
06.10.2023 21:00:00.000,1.05905,1.05905,1.05905,1.05905,0
06.10.2023 22:00:00.000,1.05905,1.05905,1.05905,1.05905,0
06.10.2023 23:00:00.000,1.05905,1.05905,1.05905,1.05905,0
07.10.2023 00:00:00.000,1.05905,1.05905,1.05905,1.05905,0
07.10.2023 01:00:00.000,1.05905,1.05905,1.05905,1.05905,0
07.10.2023 02:00:00.000,1.05905,1.05905,1.05905,1.05905,0
07.10.2023 03:00:00.000,1.05905,1.05905,1.05905,1.05905,0
07.10.2023 04:00:00.000,1.05905,1.05905,1.05905,1.05905,0
07.10.2023 05:00:00.000,1.05905,1.05905,1.05905,1.05905,0
07.10.2023 06:00:00.000,1.05905,1.05905,1.05905,1.05905,0
07.10.2023 07:00:00.000,1.05905,1.05905,1.05905,1.05905,0
07.10.2023 08:00:00.000,1.05905,1.05905,1.05905,1.05905,0
07.10.2023 09:00:00.000,1.05905,1.05905,1.05905,1.05905,0
07.10.2023 10:00:00.000,1.05905,1.05905,1.05905,1.05905,0
07.10.2023 11:00:00.000,1.05905,1.05905,1.05905,1.05905,0
07.10.2023 12:00:00.000,1.05905,1.05905,1.05905,1.05905,0
07.10.2023 13:00:00.000,1.05905,1.05905,1.05905,1.05905,0
07.10.2023 14:00:00.000,1.05905,1.05905,1.05905,1.05905,0
07.10.2023 15:00:00.000,1.05905,1.05905,1.05905,1.05905,0
07.10.2023 16:00:00.000,1.05905,1.05905,1.05905,1.05905,0
07.10.2023 17:00:00.000,1.05905,1.05905,1.05905,1.05905,0
07.10.2023 18:00:00.000,1.05905,1.05905,1.05905,1.05905,0
07.10.2023 19:00:00.000,1.05905,1.05905,1.05905,1.05905,0
07.10.2023 20:00:00.000,1.05905,1.05905,1.05905,1.05905,0
07.10.2023 21:00:00.000,1.05905,1.05905,1.05905,1.05905,0
07.10.2023 22:00:00.000,1.05905,1.05905,1.05905,1.05905,0
07.10.2023 23:00:00.000,1.05905,1.05905,1.05905,1.05905,0
08.10.2023 00:00:00.000,1.05905,1.05905,1.05905,1.05905,0
08.10.2023 01:00:00.000,1.05905,1.05905,1.05905,1.05905,0
08.10.2023 02:00:00.000,1.05905,1.05905,1.05905,1.05905,0
08.10.2023 03:00:00.000,1.05905,1.05905,1.05905,1.05905,0
08.10.2023 04:00:00.000,1.05905,1.05905,1.05905,1.05905,0
08.10.2023 05:00:00.000,1.05905,1.05905,1.05905,1.05905,0
08.10.2023 06:00:00.000,1.05905,1.05905,1.05905,1.05905,0
08.10.2023 07:00:00.000,1.05905,1.05905,1.05905,1.05905,0
08.10.2023 08:00:00.000,1.05905,1.05905,1.05905,1.05905,0
08.10.2023 09:00:00.000,1.05905,1.05905,1.05905,1.05905,0
08.10.2023 10:00:00.000,1.05905,1.05905,1.05905,1.05905,0
08.10.2023 11:00:00.000,1.05905,1.05905,1.05905,1.05905,0
08.10.2023 12:00:00.000,1.05905,1.05905,1.05905,1.05905,0
08.10.2023 13:00:00.000,1.05905,1.05905,1.05905,1.05905,0
08.10.2023 14:00:00.000,1.05905,1.05905,1.05905,1.05905,0
08.10.2023 15:00:00.000,1.05905,1.05905,1.05905,1.05905,0
08.10.2023 16:00:00.000,1.05905,1.05905,1.05905,1.05905,0
08.10.2023 17:00:00.000,1.05905,1.05905,1.05905,1.05905,0
08.10.2023 18:00:00.000,1.05905,1.05905,1.05905,1.05905,0
08.10.2023 19:00:00.000,1.05905,1.05905,1.05905,1.05905,0
08.10.2023 20:00:00.000,1.05905,1.05905,1.05905,1.05905,0
08.10.2023 21:00:00.000,1.05530,1.05626,1.05513,1.05569,1331.76
08.10.2023 22:00:00.000,1.05569,1.05645,1.05507,1.05585,6710.1602
08.10.2023 23:00:00.000,1.05585,1.05685,1.05585,1.05664,4697.4399
09.10.2023 00:00:00.000,1.05664,1.05746,1.05624,1.05737,3793.98
09.10.2023 01:00:00.000,1.05736,1.05743,1.05572,1.05634,4473.9502
09.10.2023 02:00:00.000,1.05636,1.05656,1.05590,1.05617,3343.6599
09.10.2023 03:00:00.000,1.05615,1.05616,1.05518,1.05524,2312.72
09.10.2023 04:00:00.000,1.05525,1.05547,1.05481,1.05503,1821.21
09.10.2023 05:00:00.000,1.05505,1.05571,1.05503,1.05540,3543.45
09.10.2023 06:00:00.000,1.05541,1.05589,1.05318,1.05374,11216.0596
09.10.2023 07:00:00.000,1.05374,1.05397,1.05197,1.05232,13214.0098
09.10.2023 08:00:00.000,1.05231,1.05419,1.05204,1.05418,10486.9004
09.10.2023 09:00:00.000,1.05419,1.05451,1.05309,1.05336,11163.6904
09.10.2023 10:00:00.000,1.05337,1.05341,1.05234,1.05282,11120.4297
09.10.2023 11:00:00.000,1.05283,1.05405,1.05269,1.05284,10195.9404
09.10.2023 12:00:00.000,1.05283,1.05362,1.05227,1.05333,15492.3496
09.10.2023 13:00:00.000,1.05331,1.05549,1.05327,1.05532,31325.25
09.10.2023 14:00:00.000,1.05532,1.05579,1.05375,1.05455,25048.3398
09.10.2023 15:00:00.000,1.05455,1.05530,1.05394,1.05399,12702.4102
09.10.2023 16:00:00.000,1.05398,1.05441,1.05347,1.05356,8633.3799
09.10.2023 17:00:00.000,1.05357,1.05651,1.05355,1.05634,16167.25
09.10.2023 18:00:00.000,1.05636,1.05676,1.05603,1.05645,12183.3799
09.10.2023 19:00:00.000,1.05644,1.05704,1.05644,1.05693,11917.7695
09.10.2023 20:00:00.000,1.05692,1.05725,1.05653,1.05674,6647.7798
09.10.2023 21:00:00.000,1.05679,1.05683,1.05650,1.05666,2719.6399
09.10.2023 22:00:00.000,1.05668,1.05719,1.05659,1.05690,1243.24
09.10.2023 23:00:00.000,1.05691,1.05799,1.05682,1.05788,3519.4399
10.10.2023 00:00:00.000,1.05789,1.05839,1.05710,1.05729,12277.75
10.10.2023 01:00:00.000,1.05730,1.05808,1.05707,1.05732,14201.6396
10.10.2023 02:00:00.000,1.05733,1.05772,1.05668,1.05672,8593.7803
10.10.2023 03:00:00.000,1.05672,1.05705,1.05663,1.05697,7108.1499
10.10.2023 04:00:00.000,1.05697,1.05697,1.05609,1.05616,6545.1099
10.10.2023 05:00:00.000,1.05615,1.05671,1.05589,1.05617,7852.8799
10.10.2023 06:00:00.000,1.05619,1.05693,1.05549,1.05616,16419.8203
10.10.2023 07:00:00.000,1.05615,1.05726,1.05545,1.05720,25960.4395
10.10.2023 08:00:00.000,1.05720,1.06098,1.05700,1.06045,25152.9102
10.10.2023 09:00:00.000,1.06044,1.06113,1.05975,1.06022,19630.2207
10.10.2023 10:00:00.000,1.06021,1.06049,1.05909,1.05923,12466.3799
10.10.2023 11:00:00.000,1.05923,1.05923,1.05720,1.05759,15439.4102
10.10.2023 12:00:00.000,1.05757,1.05955,1.05744,1.05936,30042.4199
10.10.2023 13:00:00.000,1.05933,1.05970,1.05849,1.05944,25984.3906
10.10.2023 14:00:00.000,1.05944,1.06067,1.05893,1.05973,27208.3594
10.10.2023 15:00:00.000,1.05972,1.06197,1.05962,1.06173,25330.1602
10.10.2023 16:00:00.000,1.06174,1.06199,1.06097,1.06173,12376.8799
10.10.2023 17:00:00.000,1.06172,1.06187,1.05936,1.05950,13385.8604
10.10.2023 18:00:00.000,1.05949,1.06014,1.05926,1.05989,12166.7402
10.10.2023 19:00:00.000,1.05990,1.06065,1.05940,1.06048,14133.6396
10.10.2023 20:00:00.000,1.06049,1.06067,1.06023,1.06065,5302.1602
10.10.2023 21:00:00.000,1.06065,1.06099,1.06059,1.06059,3209.0701
10.10.2023 22:00:00.000,1.06060,1.06070,1.06035,1.06056,1269.6801
10.10.2023 23:00:00.000,1.06057,1.06100,1.06037,1.06045,3541.6299
11.10.2023 00:00:00.000,1.06045,1.06145,1.06045,1.06108,6570.6001
11.10.2023 01:00:00.000,1.06108,1.06125,1.06015,1.06082,8188.9102
11.10.2023 02:00:00.000,1.06082,1.06100,1.06023,1.06079,7425.0801
11.10.2023 03:00:00.000,1.06080,1.06084,1.06039,1.06051,6777.3101
11.10.2023 04:00:00.000,1.06050,1.06079,1.06029,1.06030,4704.1899
11.10.2023 05:00:00.000,1.06030,1.06106,1.06008,1.06018,6510.0898
11.10.2023 06:00:00.000,1.06016,1.06147,1.05994,1.06106,13325.1104
11.10.2023 07:00:00.000,1.06105,1.06286,1.05956,1.06001,29263.5098
11.10.2023 08:00:00.000,1.06001,1.06137,1.05935,1.06087,24657.75
11.10.2023 09:00:00.000,1.06085,1.06149,1.06046,1.06047,14389.5898
11.10.2023 10:00:00.000,1.06048,1.06068,1.05978,1.06020,14114.7803
11.10.2023 11:00:00.000,1.06020,1.06089,1.05966,1.06041,12736.6504
11.10.2023 12:00:00.000,1.06041,1.06146,1.05814,1.06146,34747.2813
11.10.2023 13:00:00.000,1.06146,1.06348,1.06066,1.06293,34890.7383
11.10.2023 14:00:00.000,1.06293,1.06347,1.06185,1.06243,32797
11.10.2023 15:00:00.000,1.06243,1.06247,1.06104,1.06129,18820.6895
11.10.2023 16:00:00.000,1.06128,1.06131,1.05998,1.06074,13069.6396
11.10.2023 17:00:00.000,1.06073,1.06099,1.05851,1.05935,15472.6602
11.10.2023 18:00:00.000,1.05935,1.06087,1.05913,1.06073,18576.1699
11.10.2023 19:00:00.000,1.06074,1.06159,1.06072,1.06127,8231.3203
11.10.2023 20:00:00.000,1.06128,1.06208,1.06118,1.06208,2428.27
11.10.2023 21:00:00.000,1.06208,1.06224,1.06182,1.06211,634.94
11.10.2023 22:00:00.000,1.06213,1.06221,1.06190,1.06195,1315.96
11.10.2023 23:00:00.000,1.06195,1.06258,1.06193,1.06237,2628.22
12.10.2023 00:00:00.000,1.06236,1.06281,1.06201,1.06227,6319.5498
12.10.2023 01:00:00.000,1.06226,1.06270,1.06203,1.06250,6276.8701
12.10.2023 02:00:00.000,1.06249,1.06263,1.06206,1.06241,6198.0601
12.10.2023 03:00:00.000,1.06240,1.06293,1.06209,1.06289,4331.1499
12.10.2023 04:00:00.000,1.06286,1.06319,1.06273,1.06312,4347.0298
12.10.2023 05:00:00.000,1.06312,1.06339,1.06296,1.06314,4879.0098
12.10.2023 06:00:00.000,1.06315,1.06400,1.06280,1.06359,12578.6602
12.10.2023 07:00:00.000,1.06358,1.06362,1.06202,1.06202,14202.25
12.10.2023 08:00:00.000,1.06202,1.06271,1.06195,1.06265,11349.6797
12.10.2023 09:00:00.000,1.06266,1.06275,1.06162,1.06183,10625.7305
12.10.2023 10:00:00.000,1.06183,1.06270,1.06170,1.06188,9611.6504
12.10.2023 11:00:00.000,1.06188,1.06204,1.06134,1.06198,10175.2197
12.10.2023 12:00:00.000,1.06197,1.06286,1.05721,1.05820,49889.5117
12.10.2023 13:00:00.000,1.05819,1.05864,1.05478,1.05496,47911.6914
12.10.2023 14:00:00.000,1.05495,1.05628,1.05446,1.05558,33164.8594
12.10.2023 15:00:00.000,1.05558,1.05602,1.05456,1.05522,19168.6992
12.10.2023 16:00:00.000,1.05522,1.05610,1.05464,1.05487,11753.3301
12.10.2023 17:00:00.000,1.05486,1.05493,1.05324,1.05346,18432.4004
12.10.2023 18:00:00.000,1.05347,1.05372,1.05260,1.05268,12706.2998
12.10.2023 19:00:00.000,1.05268,1.05341,1.05267,1.05309,6992.2998
12.10.2023 20:00:00.000,1.05309,1.05317,1.05279,1.05290,3237
12.10.2023 21:00:00.000,1.05290,1.05343,1.05282,1.05313,1147.65
12.10.2023 22:00:00.000,1.05314,1.05322,1.05299,1.05319,2577.1101
12.10.2023 23:00:00.000,1.05318,1.05377,1.05312,1.05358,4199.29
13.10.2023 00:00:00.000,1.05359,1.05398,1.05348,1.05391,7546.4302
13.10.2023 01:00:00.000,1.05391,1.05436,1.05378,1.05424,10110.5303
13.10.2023 02:00:00.000,1.05423,1.05469,1.05403,1.05464,6843.3701
13.10.2023 03:00:00.000,1.05463,1.05484,1.05428,1.05458,5380.6299
13.10.2023 04:00:00.000,1.05454,1.05502,1.05435,1.05500,4180.2598
13.10.2023 05:00:00.000,1.05500,1.05510,1.05443,1.05487,7498.6299
13.10.2023 06:00:00.000,1.05484,1.05486,1.05337,1.05369,12587.0801
13.10.2023 07:00:00.000,1.05368,1.05581,1.05317,1.05520,25209.6191
13.10.2023 08:00:00.000,1.05520,1.05587,1.05506,1.05541,17582.0996
13.10.2023 09:00:00.000,1.05540,1.05550,1.05280,1.05296,12411.0195
13.10.2023 10:00:00.000,1.05297,1.05310,1.05159,1.05180,12294.4404
13.10.2023 11:00:00.000,1.05180,1.05309,1.05142,1.05247,13584.2002
13.10.2023 12:00:00.000,1.05249,1.05476,1.05212,1.05378,24380.7695
13.10.2023 13:00:00.000,1.05378,1.05415,1.05168,1.05266,29302.3398
13.10.2023 14:00:00.000,1.05267,1.05267,1.04997,1.05035,35163.6484
13.10.2023 15:00:00.000,1.05036,1.05055,1.04957,1.05008,18029.1094
13.10.2023 16:00:00.000,1.05010,1.05152,1.04997,1.05092,12724.1504
13.10.2023 17:00:00.000,1.05093,1.05119,1.05010,1.05051,10408.0596
13.10.2023 18:00:00.000,1.05051,1.05125,1.05043,1.05113,10681.6797
13.10.2023 19:00:00.000,1.05114,1.05161,1.05096,1.05140,7576.4399
13.10.2023 20:00:00.000,1.05140,1.05140,1.05060,1.05115,4936.7798
13.10.2023 21:00:00.000,1.05115,1.05115,1.05115,1.05115,0
13.10.2023 22:00:00.000,1.05115,1.05115,1.05115,1.05115,0
13.10.2023 23:00:00.000,1.05115,1.05115,1.05115,1.05115,0
14.10.2023 00:00:00.000,1.05115,1.05115,1.05115,1.05115,0
14.10.2023 01:00:00.000,1.05115,1.05115,1.05115,1.05115,0
14.10.2023 02:00:00.000,1.05115,1.05115,1.05115,1.05115,0
14.10.2023 03:00:00.000,1.05115,1.05115,1.05115,1.05115,0
14.10.2023 04:00:00.000,1.05115,1.05115,1.05115,1.05115,0
14.10.2023 05:00:00.000,1.05115,1.05115,1.05115,1.05115,0
14.10.2023 06:00:00.000,1.05115,1.05115,1.05115,1.05115,0
14.10.2023 07:00:00.000,1.05115,1.05115,1.05115,1.05115,0
14.10.2023 08:00:00.000,1.05115,1.05115,1.05115,1.05115,0
14.10.2023 09:00:00.000,1.05115,1.05115,1.05115,1.05115,0
14.10.2023 10:00:00.000,1.05115,1.05115,1.05115,1.05115,0
14.10.2023 11:00:00.000,1.05115,1.05115,1.05115,1.05115,0
14.10.2023 12:00:00.000,1.05115,1.05115,1.05115,1.05115,0
14.10.2023 13:00:00.000,1.05115,1.05115,1.05115,1.05115,0
14.10.2023 14:00:00.000,1.05115,1.05115,1.05115,1.05115,0
14.10.2023 15:00:00.000,1.05115,1.05115,1.05115,1.05115,0
14.10.2023 16:00:00.000,1.05115,1.05115,1.05115,1.05115,0
14.10.2023 17:00:00.000,1.05115,1.05115,1.05115,1.05115,0
14.10.2023 18:00:00.000,1.05115,1.05115,1.05115,1.05115,0
14.10.2023 19:00:00.000,1.05115,1.05115,1.05115,1.05115,0
14.10.2023 20:00:00.000,1.05115,1.05115,1.05115,1.05115,0
14.10.2023 21:00:00.000,1.05115,1.05115,1.05115,1.05115,0
14.10.2023 22:00:00.000,1.05115,1.05115,1.05115,1.05115,0
14.10.2023 23:00:00.000,1.05115,1.05115,1.05115,1.05115,0
15.10.2023 00:00:00.000,1.05115,1.05115,1.05115,1.05115,0
15.10.2023 01:00:00.000,1.05115,1.05115,1.05115,1.05115,0
15.10.2023 02:00:00.000,1.05115,1.05115,1.05115,1.05115,0
15.10.2023 03:00:00.000,1.05115,1.05115,1.05115,1.05115,0
15.10.2023 04:00:00.000,1.05115,1.05115,1.05115,1.05115,0
15.10.2023 05:00:00.000,1.05115,1.05115,1.05115,1.05115,0
15.10.2023 06:00:00.000,1.05115,1.05115,1.05115,1.05115,0
15.10.2023 07:00:00.000,1.05115,1.05115,1.05115,1.05115,0
15.10.2023 08:00:00.000,1.05115,1.05115,1.05115,1.05115,0
15.10.2023 09:00:00.000,1.05115,1.05115,1.05115,1.05115,0
15.10.2023 10:00:00.000,1.05115,1.05115,1.05115,1.05115,0
15.10.2023 11:00:00.000,1.05115,1.05115,1.05115,1.05115,0
15.10.2023 12:00:00.000,1.05115,1.05115,1.05115,1.05115,0
15.10.2023 13:00:00.000,1.05115,1.05115,1.05115,1.05115,0
15.10.2023 14:00:00.000,1.05115,1.05115,1.05115,1.05115,0
15.10.2023 15:00:00.000,1.05115,1.05115,1.05115,1.05115,0
15.10.2023 16:00:00.000,1.05115,1.05115,1.05115,1.05115,0
15.10.2023 17:00:00.000,1.05115,1.05115,1.05115,1.05115,0
15.10.2023 18:00:00.000,1.05115,1.05115,1.05115,1.05115,0
15.10.2023 19:00:00.000,1.05115,1.05115,1.05115,1.05115,0
15.10.2023 20:00:00.000,1.05115,1.05115,1.05115,1.05115,0
15.10.2023 21:00:00.000,1.05209,1.05243,1.05123,1.05230,2275.9399
15.10.2023 22:00:00.000,1.05224,1.05259,1.05166,1.05218,5024.8398
15.10.2023 23:00:00.000,1.05218,1.05228,1.05176,1.05222,4313.6001
16.10.2023 00:00:00.000,1.05222,1.05238,1.05157,1.05177,6113.54
16.10.2023 01:00:00.000,1.05179,1.05255,1.05179,1.05222,5698.25
16.10.2023 02:00:00.000,1.05222,1.05258,1.05202,1.05218,4324.6899
16.10.2023 03:00:00.000,1.05220,1.05242,1.05201,1.05237,4788.5298
16.10.2023 04:00:00.000,1.05237,1.05270,1.05226,1.05261,3807.6201
16.10.2023 05:00:00.000,1.05264,1.05306,1.05230,1.05297,4638.48
16.10.2023 06:00:00.000,1.05295,1.05384,1.05269,1.05350,15733.8096
16.10.2023 07:00:00.000,1.05349,1.05360,1.05238,1.05343,21981.1191
16.10.2023 08:00:00.000,1.05343,1.05431,1.05236,1.05410,16907.5098
16.10.2023 09:00:00.000,1.05408,1.05427,1.05319,1.05321,9487.79
16.10.2023 10:00:00.000,1.05320,1.05348,1.05279,1.05325,8650.6602
16.10.2023 11:00:00.000,1.05325,1.05390,1.05262,1.05368,9378.5898
16.10.2023 12:00:00.000,1.05367,1.05461,1.05296,1.05418,27471.5703
16.10.2023 13:00:00.000,1.05419,1.05441,1.05283,1.05301,24804.8906
16.10.2023 14:00:00.000,1.05300,1.05557,1.05258,1.05498,24168.7207
16.10.2023 15:00:00.000,1.05499,1.05527,1.05395,1.05449,15317.71
16.10.2023 16:00:00.000,1.05449,1.05494,1.05404,1.05475,11243.5
16.10.2023 17:00:00.000,1.05476,1.05562,1.05438,1.05553,8868.4902
16.10.2023 18:00:00.000,1.05552,1.05568,1.05519,1.05543,9647.4902
16.10.2023 19:00:00.000,1.05543,1.05629,1.05527,1.05627,9353.7197
16.10.2023 20:00:00.000,1.05628,1.05629,1.05584,1.05611,4978.3799
16.10.2023 21:00:00.000,1.05609,1.05624,1.05579,1.05595,1576.95
16.10.2023 22:00:00.000,1.05597,1.05624,1.05561,1.05566,1531.61
16.10.2023 23:00:00.000,1.05565,1.05577,1.05532,1.05546,2485.8501
17.10.2023 00:00:00.000,1.05547,1.05608,1.05546,1.05557,7853.3398
17.10.2023 01:00:00.000,1.05557,1.05561,1.05496,1.05526,6141.27
17.10.2023 02:00:00.000,1.05526,1.05531,1.05463,1.05501,5462.3301
17.10.2023 03:00:00.000,1.05501,1.05545,1.05482,1.05501,3984.5
17.10.2023 04:00:00.000,1.05501,1.05503,1.05457,1.05476,4504.6602
17.10.2023 05:00:00.000,1.05476,1.05507,1.05439,1.05443,5277.7402
17.10.2023 06:00:00.000,1.05444,1.05452,1.05342,1.05373,10017.0596
17.10.2023 07:00:00.000,1.05372,1.05549,1.05343,1.05488,14695.1602
17.10.2023 08:00:00.000,1.05486,1.05490,1.05331,1.05362,13104.2002
17.10.2023 09:00:00.000,1.05363,1.05546,1.05363,1.05539,11872.4902
17.10.2023 10:00:00.000,1.05540,1.05628,1.05463,1.05535,17014.6895
17.10.2023 11:00:00.000,1.05536,1.05795,1.05534,1.05753,13175.1797
17.10.2023 12:00:00.000,1.05753,1.05780,1.05385,1.05473,36652.6719
17.10.2023 13:00:00.000,1.05472,1.05616,1.05400,1.05493,32702.3008
17.10.2023 14:00:00.000,1.05493,1.05871,1.05484,1.05754,28245.0703
17.10.2023 15:00:00.000,1.05754,1.05930,1.05754,1.05923,21645.7109
17.10.2023 16:00:00.000,1.05924,1.05950,1.05788,1.05797,10542.9004
17.10.2023 17:00:00.000,1.05795,1.05813,1.05648,1.05672,9969.3398
17.10.2023 18:00:00.000,1.05673,1.05747,1.05642,1.05691,12490.2002
17.10.2023 19:00:00.000,1.05691,1.05811,1.05691,1.05772,8175.6201
17.10.2023 20:00:00.000,1.05770,1.05781,1.05737,1.05781,3984.9299
17.10.2023 21:00:00.000,1.05783,1.05817,1.05755,1.05772,1419.4
17.10.2023 22:00:00.000,1.05772,1.05775,1.05750,1.05761,1840.46
17.10.2023 23:00:00.000,1.05761,1.05765,1.05720,1.05730,3319.0801
18.10.2023 00:00:00.000,1.05729,1.05746,1.05607,1.05646,6384.4102
18.10.2023 01:00:00.000,1.05646,1.05703,1.05615,1.05697,8142.2798
18.10.2023 02:00:00.000,1.05697,1.05793,1.05697,1.05756,9072.9404
18.10.2023 03:00:00.000,1.05755,1.05781,1.05725,1.05757,3918.3501
18.10.2023 04:00:00.000,1.05756,1.05789,1.05735,1.05758,4888.73
18.10.2023 05:00:00.000,1.05757,1.05849,1.05747,1.05828,6637.4902
18.10.2023 06:00:00.000,1.05827,1.05944,1.05772,1.05792,12895.4502
18.10.2023 07:00:00.000,1.05791,1.05834,1.05706,1.05791,18417.7109
18.10.2023 08:00:00.000,1.05790,1.05851,1.05735,1.05835,16086.6201
18.10.2023 09:00:00.000,1.05831,1.05869,1.05659,1.05693,14021.0703
18.10.2023 10:00:00.000,1.05693,1.05699,1.05543,1.05562,14945.6396
18.10.2023 11:00:00.000,1.05561,1.05683,1.05523,1.05608,12428.71
18.10.2023 12:00:00.000,1.05607,1.05746,1.05493,1.05572,25011.6699
18.10.2023 13:00:00.000,1.05573,1.05644,1.05489,1.05508,30626.3301
18.10.2023 14:00:00.000,1.05509,1.05604,1.05324,1.05376,32370.9004
18.10.2023 15:00:00.000,1.05377,1.05428,1.05260,1.05314,18772.7305
18.10.2023 16:00:00.000,1.05315,1.05379,1.05233,1.05370,15797.9102
18.10.2023 17:00:00.000,1.05371,1.05538,1.05346,1.05502,19531.2695
18.10.2023 18:00:00.000,1.05502,1.05514,1.05350,1.05359,8986.0303
18.10.2023 19:00:00.000,1.05359,1.05380,1.05318,1.05355,8838.7002
18.10.2023 20:00:00.000,1.05355,1.05377,1.05343,1.05372,3506.3
18.10.2023 21:00:00.000,1.05372,1.05395,1.05357,1.05371,4251.2598
18.10.2023 22:00:00.000,1.05372,1.05398,1.05370,1.05375,1756.5699
18.10.2023 23:00:00.000,1.05374,1.05398,1.05366,1.05381,2588.4199
19.10.2023 00:00:00.000,1.05383,1.05400,1.05330,1.05391,9329.1201
19.10.2023 01:00:00.000,1.05391,1.05422,1.05327,1.05366,9514.96
19.10.2023 02:00:00.000,1.05367,1.05397,1.05344,1.05352,6788.8398
19.10.2023 03:00:00.000,1.05351,1.05371,1.05327,1.05341,3949.6399
19.10.2023 04:00:00.000,1.05338,1.05354,1.05308,1.05337,4703.6099
19.10.2023 05:00:00.000,1.05338,1.05351,1.05305,1.05333,6117.04
19.10.2023 06:00:00.000,1.05331,1.05424,1.05283,1.05404,8856.7002
19.10.2023 07:00:00.000,1.05404,1.05484,1.05358,1.05378,18042.5898
19.10.2023 08:00:00.000,1.05377,1.05438,1.05296,1.05360,17850.9805
19.10.2023 09:00:00.000,1.05361,1.05455,1.05353,1.05446,12101.7197
19.10.2023 10:00:00.000,1.05446,1.05525,1.05431,1.05513,10675.5996
19.10.2023 11:00:00.000,1.05514,1.05637,1.05514,1.05581,14225.1904
19.10.2023 12:00:00.000,1.05581,1.05798,1.05562,1.05765,28566.7695
19.10.2023 13:00:00.000,1.05765,1.05817,1.05659,1.05758,25670.8496
19.10.2023 14:00:00.000,1.05757,1.05794,1.05656,1.05689,23947.0391
19.10.2023 15:00:00.000,1.05690,1.05785,1.05670,1.05699,20137.6797
19.10.2023 16:00:00.000,1.05700,1.06166,1.05565,1.05967,57879.4805
19.10.2023 17:00:00.000,1.05964,1.06068,1.05841,1.05987,40216.7109
19.10.2023 18:00:00.000,1.05988,1.06050,1.05783,1.05810,16233.1797
19.10.2023 19:00:00.000,1.05811,1.05905,1.05810,1.05882,12431.3896
19.10.2023 20:00:00.000,1.05880,1.05881,1.05806,1.05834,4457.8599
19.10.2023 21:00:00.000,1.05837,1.05888,1.05814,1.05834,747.45
19.10.2023 22:00:00.000,1.05832,1.05837,1.05797,1.05813,1985.5
19.10.2023 23:00:00.000,1.05803,1.05867,1.05786,1.05866,5263.3799
20.10.2023 00:00:00.000,1.05864,1.05866,1.05739,1.05763,6555.0601
20.10.2023 01:00:00.000,1.05762,1.05763,1.05687,1.05727,8126.2598
20.10.2023 02:00:00.000,1.05726,1.05800,1.05711,1.05783,6864.2402
20.10.2023 03:00:00.000,1.05782,1.05801,1.05749,1.05762,3931.1101
20.10.2023 04:00:00.000,1.05762,1.05775,1.05736,1.05756,3589.48
20.10.2023 05:00:00.000,1.05757,1.05791,1.05717,1.05741,5766.0298
20.10.2023 06:00:00.000,1.05741,1.05763,1.05652,1.05744,14897.0303
20.10.2023 07:00:00.000,1.05744,1.05768,1.05686,1.05708,15661.0098
20.10.2023 08:00:00.000,1.05709,1.05955,1.05686,1.05881,14999.7598
20.10.2023 09:00:00.000,1.05879,1.05936,1.05800,1.05901,11603.8701
20.10.2023 10:00:00.000,1.05901,1.05931,1.05840,1.05854,9859.21
20.10.2023 11:00:00.000,1.05854,1.05992,1.05850,1.05911,11925.5195
20.10.2023 12:00:00.000,1.05908,1.05924,1.05654,1.05838,30591.3398
20.10.2023 13:00:00.000,1.05839,1.05951,1.05790,1.05792,31737.7598
20.10.2023 14:00:00.000,1.05791,1.06009,1.05723,1.05879,24693.4199
20.10.2023 15:00:00.000,1.05879,1.05965,1.05872,1.05912,14904.1504
20.10.2023 16:00:00.000,1.05912,1.05913,1.05815,1.05897,12019.7695
20.10.2023 17:00:00.000,1.05897,1.06038,1.05880,1.05959,14517.7402
20.10.2023 18:00:00.000,1.05959,1.05966,1.05864,1.05927,7924.98
20.10.2023 19:00:00.000,1.05927,1.05949,1.05885,1.05924,7846.8901
20.10.2023 20:00:00.000,1.05923,1.05969,1.05918,1.05969,7003.3301
20.10.2023 21:00:00.000,1.05969,1.05969,1.05969,1.05969,0
20.10.2023 22:00:00.000,1.05969,1.05969,1.05969,1.05969,0
20.10.2023 23:00:00.000,1.05969,1.05969,1.05969,1.05969,0
21.10.2023 00:00:00.000,1.05969,1.05969,1.05969,1.05969,0
21.10.2023 01:00:00.000,1.05969,1.05969,1.05969,1.05969,0
21.10.2023 02:00:00.000,1.05969,1.05969,1.05969,1.05969,0
21.10.2023 03:00:00.000,1.05969,1.05969,1.05969,1.05969,0
21.10.2023 04:00:00.000,1.05969,1.05969,1.05969,1.05969,0
21.10.2023 05:00:00.000,1.05969,1.05969,1.05969,1.05969,0
21.10.2023 06:00:00.000,1.05969,1.05969,1.05969,1.05969,0
21.10.2023 07:00:00.000,1.05969,1.05969,1.05969,1.05969,0
21.10.2023 08:00:00.000,1.05969,1.05969,1.05969,1.05969,0
21.10.2023 09:00:00.000,1.05969,1.05969,1.05969,1.05969,0
21.10.2023 10:00:00.000,1.05969,1.05969,1.05969,1.05969,0
21.10.2023 11:00:00.000,1.05969,1.05969,1.05969,1.05969,0
21.10.2023 12:00:00.000,1.05969,1.05969,1.05969,1.05969,0
21.10.2023 13:00:00.000,1.05969,1.05969,1.05969,1.05969,0
21.10.2023 14:00:00.000,1.05969,1.05969,1.05969,1.05969,0
21.10.2023 15:00:00.000,1.05969,1.05969,1.05969,1.05969,0
21.10.2023 16:00:00.000,1.05969,1.05969,1.05969,1.05969,0
21.10.2023 17:00:00.000,1.05969,1.05969,1.05969,1.05969,0
21.10.2023 18:00:00.000,1.05969,1.05969,1.05969,1.05969,0
21.10.2023 19:00:00.000,1.05969,1.05969,1.05969,1.05969,0
21.10.2023 20:00:00.000,1.05969,1.05969,1.05969,1.05969,0
21.10.2023 21:00:00.000,1.05969,1.05969,1.05969,1.05969,0
21.10.2023 22:00:00.000,1.05969,1.05969,1.05969,1.05969,0
21.10.2023 23:00:00.000,1.05969,1.05969,1.05969,1.05969,0
22.10.2023 00:00:00.000,1.05969,1.05969,1.05969,1.05969,0
22.10.2023 01:00:00.000,1.05969,1.05969,1.05969,1.05969,0
22.10.2023 02:00:00.000,1.05969,1.05969,1.05969,1.05969,0
22.10.2023 03:00:00.000,1.05969,1.05969,1.05969,1.05969,0
22.10.2023 04:00:00.000,1.05969,1.05969,1.05969,1.05969,0
22.10.2023 05:00:00.000,1.05969,1.05969,1.05969,1.05969,0
22.10.2023 06:00:00.000,1.05969,1.05969,1.05969,1.05969,0
22.10.2023 07:00:00.000,1.05969,1.05969,1.05969,1.05969,0
22.10.2023 08:00:00.000,1.05969,1.05969,1.05969,1.05969,0
22.10.2023 09:00:00.000,1.05969,1.05969,1.05969,1.05969,0
22.10.2023 10:00:00.000,1.05969,1.05969,1.05969,1.05969,0
22.10.2023 11:00:00.000,1.05969,1.05969,1.05969,1.05969,0
22.10.2023 12:00:00.000,1.05969,1.05969,1.05969,1.05969,0
22.10.2023 13:00:00.000,1.05969,1.05969,1.05969,1.05969,0
22.10.2023 14:00:00.000,1.05969,1.05969,1.05969,1.05969,0
22.10.2023 15:00:00.000,1.05969,1.05969,1.05969,1.05969,0
22.10.2023 16:00:00.000,1.05969,1.05969,1.05969,1.05969,0
22.10.2023 17:00:00.000,1.05969,1.05969,1.05969,1.05969,0
22.10.2023 18:00:00.000,1.05969,1.05969,1.05969,1.05969,0
22.10.2023 19:00:00.000,1.05969,1.05969,1.05969,1.05969,0
22.10.2023 20:00:00.000,1.05969,1.05969,1.05969,1.05969,0
22.10.2023 21:00:00.000,1.05995,1.06002,1.05951,1.05960,1549.12
22.10.2023 22:00:00.000,1.05960,1.05960,1.05891,1.05917,3768.99
22.10.2023 23:00:00.000,1.05921,1.05938,1.05888,1.05898,3095.75
23.10.2023 00:00:00.000,1.05894,1.05903,1.05842,1.05873,4848.1499
23.10.2023 01:00:00.000,1.05873,1.05873,1.05820,1.05837,7291
23.10.2023 02:00:00.000,1.05836,1.05836,1.05736,1.05738,4595.7202
23.10.2023 03:00:00.000,1.05738,1.05786,1.05738,1.05753,5014.4702
23.10.2023 04:00:00.000,1.05753,1.05774,1.05742,1.05766,4523.6001
23.10.2023 05:00:00.000,1.05764,1.05795,1.05754,1.05776,5198.6001
23.10.2023 06:00:00.000,1.05776,1.05865,1.05717,1.05826,7912.2002
23.10.2023 07:00:00.000,1.05827,1.05978,1.05767,1.05978,17505.75
23.10.2023 08:00:00.000,1.05977,1.06106,1.05952,1.06029,14924.8896
23.10.2023 09:00:00.000,1.06028,1.06150,1.05910,1.05933,14953.3896
23.10.2023 10:00:00.000,1.05932,1.06045,1.05907,1.06044,11945.25
23.10.2023 11:00:00.000,1.06046,1.06099,1.06010,1.06018,10103.0898
23.10.2023 12:00:00.000,1.06018,1.06191,1.05954,1.06100,17347.3906
23.10.2023 13:00:00.000,1.06100,1.06135,1.05913,1.06054,30958.2109
23.10.2023 14:00:00.000,1.06054,1.06321,1.06050,1.06289,33789.9414
23.10.2023 15:00:00.000,1.06287,1.06469,1.06282,1.06454,18325.9004
23.10.2023 16:00:00.000,1.06455,1.06649,1.06411,1.06648,11226.9502
23.10.2023 17:00:00.000,1.06647,1.06729,1.06598,1.06684,11789.6504
23.10.2023 18:00:00.000,1.06684,1.06781,1.06657,1.06744,10516.71
23.10.2023 19:00:00.000,1.06744,1.06749,1.06604,1.06658,8982.8701
23.10.2023 20:00:00.000,1.06658,1.06703,1.06637,1.06703,2681.8999
23.10.2023 21:00:00.000,1.06710,1.06737,1.06667,1.06691,2385.21
23.10.2023 22:00:00.000,1.06690,1.06723,1.06683,1.06683,1131.83
23.10.2023 23:00:00.000,1.06684,1.06705,1.06672,1.06701,2369.6799
24.10.2023 00:00:00.000,1.06701,1.06736,1.06671,1.06725,5440.0898
24.10.2023 01:00:00.000,1.06725,1.06750,1.06681,1.06707,7529.52
24.10.2023 02:00:00.000,1.06707,1.06873,1.06693,1.06817,8925.3799
24.10.2023 03:00:00.000,1.06817,1.06863,1.06810,1.06827,4814.9102
24.10.2023 04:00:00.000,1.06827,1.06836,1.06791,1.06792,3138.29
24.10.2023 05:00:00.000,1.06793,1.06831,1.06773,1.06812,4477.7202
24.10.2023 06:00:00.000,1.06811,1.06868,1.06771,1.06854,9920.5195
24.10.2023 07:00:00.000,1.06855,1.06946,1.06571,1.06632,23618.0605
24.10.2023 08:00:00.000,1.06629,1.06629,1.06443,1.06504,17954.7207
24.10.2023 09:00:00.000,1.06505,1.06513,1.06360,1.06369,12696.7998
24.10.2023 10:00:00.000,1.06368,1.06398,1.06219,1.06256,11927.7998
24.10.2023 11:00:00.000,1.06257,1.06416,1.06221,1.06355,17956.9297
24.10.2023 12:00:00.000,1.06354,1.06366,1.06125,1.06161,22615.6992
24.10.2023 13:00:00.000,1.06161,1.06245,1.05967,1.06116,32178.9199
24.10.2023 14:00:00.000,1.06116,1.06164,1.05908,1.05999,30631.3691
24.10.2023 15:00:00.000,1.05998,1.06000,1.05833,1.05939,19843.1309
24.10.2023 16:00:00.000,1.05939,1.06022,1.05835,1.05870,11402.3301
24.10.2023 17:00:00.000,1.05868,1.05943,1.05868,1.05890,11141.96
24.10.2023 18:00:00.000,1.05888,1.05912,1.05845,1.05886,8851.3799
24.10.2023 19:00:00.000,1.05884,1.05939,1.05872,1.05919,8333.7695
24.10.2023 20:00:00.000,1.05920,1.05945,1.05891,1.05908,4152.3398
24.10.2023 21:00:00.000,1.05908,1.05970,1.05906,1.05932,908.56
24.10.2023 22:00:00.000,1.05934,1.05941,1.05900,1.05938,3255.3301
24.10.2023 23:00:00.000,1.05938,1.05954,1.05920,1.05952,4037.7
25.10.2023 00:00:00.000,1.05953,1.05990,1.05898,1.05929,10057.6201
25.10.2023 01:00:00.000,1.05930,1.05980,1.05919,1.05947,11150.0996
25.10.2023 02:00:00.000,1.05948,1.06047,1.05947,1.06039,8711.3604
25.10.2023 03:00:00.000,1.06039,1.06052,1.06018,1.06022,5886.6802
25.10.2023 04:00:00.000,1.06022,1.06065,1.06011,1.06064,4801.3901
25.10.2023 05:00:00.000,1.06063,1.06069,1.05977,1.06013,6747.3799
25.10.2023 06:00:00.000,1.06012,1.06043,1.05927,1.05927,9228.8496
25.10.2023 07:00:00.000,1.05925,1.05928,1.05785,1.05874,17490.0703
25.10.2023 08:00:00.000,1.05874,1.05970,1.05835,1.05853,13771.2197
25.10.2023 09:00:00.000,1.05853,1.05853,1.05667,1.05691,11406.5498
25.10.2023 10:00:00.000,1.05692,1.05775,1.05661,1.05745,11612.96
25.10.2023 11:00:00.000,1.05746,1.05791,1.05698,1.05730,10247.4297
25.10.2023 12:00:00.000,1.05732,1.05798,1.05697,1.05750,14873.4805
25.10.2023 13:00:00.000,1.05751,1.05829,1.05671,1.05813,23294.7793
25.10.2023 14:00:00.000,1.05812,1.05916,1.05684,1.05853,39405.8906
25.10.2023 15:00:00.000,1.05854,1.05959,1.05832,1.05833,25473.6992
25.10.2023 16:00:00.000,1.05832,1.05863,1.05710,1.05747,10773.1201
25.10.2023 17:00:00.000,1.05746,1.05768,1.05660,1.05714,17757.6504
25.10.2023 18:00:00.000,1.05713,1.05737,1.05660,1.05666,11459.96
25.10.2023 19:00:00.000,1.05667,1.05702,1.05660,1.05680,6977.73
25.10.2023 20:00:00.000,1.05680,1.05700,1.05659,1.05670,5027.4199
25.10.2023 21:00:00.000,1.05677,1.05726,1.05660,1.05683,1450.1801
25.10.2023 22:00:00.000,1.05687,1.05689,1.05646,1.05658,2175.1201
25.10.2023 23:00:00.000,1.05658,1.05670,1.05605,1.05664,3265.8899
26.10.2023 00:00:00.000,1.05663,1.05694,1.05579,1.05600,6097.77
26.10.2023 01:00:00.000,1.05599,1.05615,1.05542,1.05552,7558.4399
26.10.2023 02:00:00.000,1.05553,1.05565,1.05437,1.05455,7856.4502
26.10.2023 03:00:00.000,1.05454,1.05482,1.05416,1.05470,6759.73
26.10.2023 04:00:00.000,1.05471,1.05483,1.05424,1.05459,5984.0698
26.10.2023 05:00:00.000,1.05457,1.05494,1.05415,1.05431,7947.9502
26.10.2023 06:00:00.000,1.05428,1.05457,1.05331,1.05388,15842.7197
26.10.2023 07:00:00.000,1.05389,1.05496,1.05382,1.05483,15746.5703
26.10.2023 08:00:00.000,1.05483,1.05526,1.05446,1.05455,10058.8398
26.10.2023 09:00:00.000,1.05455,1.05522,1.05403,1.05459,9551.1299
26.10.2023 10:00:00.000,1.05457,1.05495,1.05352,1.05374,7918.9702
26.10.2023 11:00:00.000,1.05375,1.05392,1.05313,1.05365,9178.5098
26.10.2023 12:00:00.000,1.05364,1.05593,1.05224,1.05593,44531.5508
26.10.2023 13:00:00.000,1.05594,1.05605,1.05418,1.05473,29879.8301
26.10.2023 14:00:00.000,1.05471,1.05486,1.05312,1.05430,26613.0801
26.10.2023 15:00:00.000,1.05430,1.05451,1.05254,1.05319,18338.7793
26.10.2023 16:00:00.000,1.05317,1.05371,1.05251,1.05286,14269.6699
26.10.2023 17:00:00.000,1.05286,1.05526,1.05284,1.05508,18525.7207
26.10.2023 18:00:00.000,1.05508,1.05648,1.05493,1.05612,10336.79
26.10.2023 19:00:00.000,1.05612,1.05635,1.05486,1.05568,8318.2402
26.10.2023 20:00:00.000,1.05567,1.05646,1.05554,1.05632,4269.8101
26.10.2023 21:00:00.000,1.05633,1.05656,1.05600,1.05620,1789.38
26.10.2023 22:00:00.000,1.05616,1.05655,1.05616,1.05648,1254.87
26.10.2023 23:00:00.000,1.05648,1.05661,1.05628,1.05642,5140.7598
27.10.2023 00:00:00.000,1.05639,1.05647,1.05560,1.05581,6108.8198
27.10.2023 01:00:00.000,1.05579,1.05624,1.05526,1.05591,6665.3599
27.10.2023 02:00:00.000,1.05591,1.05669,1.05591,1.05647,7421.9502
27.10.2023 03:00:00.000,1.05649,1.05656,1.05612,1.05646,4896.6699
27.10.2023 04:00:00.000,1.05647,1.05680,1.05636,1.05674,4516.4199
27.10.2023 05:00:00.000,1.05675,1.05701,1.05654,1.05695,8118.8398
27.10.2023 06:00:00.000,1.05692,1.05699,1.05550,1.05564,8198.7598
27.10.2023 07:00:00.000,1.05564,1.05631,1.05523,1.05586,8106.9102
27.10.2023 08:00:00.000,1.05585,1.05626,1.05539,1.05621,9328.3799
27.10.2023 09:00:00.000,1.05620,1.05656,1.05604,1.05647,7248.8799
27.10.2023 10:00:00.000,1.05648,1.05672,1.05560,1.05560,6162.3701
27.10.2023 11:00:00.000,1.05558,1.05564,1.05355,1.05374,9390.7402
27.10.2023 12:00:00.000,1.05373,1.05696,1.05359,1.05561,23069.0801
27.10.2023 13:00:00.000,1.05562,1.05921,1.05556,1.05803,27280
27.10.2023 14:00:00.000,1.05801,1.05948,1.05658,1.05784,27259.8398
27.10.2023 15:00:00.000,1.05784,1.05972,1.05775,1.05915,14054.8604
27.10.2023 16:00:00.000,1.05915,1.05967,1.05810,1.05832,8750
27.10.2023 17:00:00.000,1.05831,1.05833,1.05575,1.05674,28138.2695
27.10.2023 18:00:00.000,1.05674,1.05738,1.05625,1.05679,35373.9297
27.10.2023 19:00:00.000,1.05678,1.05710,1.05621,1.05707,20875.9902
27.10.2023 20:00:00.000,1.05708,1.05709,1.05631,1.05647,5432.8901
27.10.2023 21:00:00.000,1.05647,1.05647,1.05647,1.05647,0
27.10.2023 22:00:00.000,1.05647,1.05647,1.05647,1.05647,0
27.10.2023 23:00:00.000,1.05647,1.05647,1.05647,1.05647,0
28.10.2023 00:00:00.000,1.05647,1.05647,1.05647,1.05647,0
28.10.2023 01:00:00.000,1.05647,1.05647,1.05647,1.05647,0
28.10.2023 02:00:00.000,1.05647,1.05647,1.05647,1.05647,0
28.10.2023 03:00:00.000,1.05647,1.05647,1.05647,1.05647,0
28.10.2023 04:00:00.000,1.05647,1.05647,1.05647,1.05647,0
28.10.2023 05:00:00.000,1.05647,1.05647,1.05647,1.05647,0
28.10.2023 06:00:00.000,1.05647,1.05647,1.05647,1.05647,0
28.10.2023 07:00:00.000,1.05647,1.05647,1.05647,1.05647,0
28.10.2023 08:00:00.000,1.05647,1.05647,1.05647,1.05647,0
28.10.2023 09:00:00.000,1.05647,1.05647,1.05647,1.05647,0
28.10.2023 10:00:00.000,1.05647,1.05647,1.05647,1.05647,0
28.10.2023 11:00:00.000,1.05647,1.05647,1.05647,1.05647,0
28.10.2023 12:00:00.000,1.05647,1.05647,1.05647,1.05647,0
28.10.2023 13:00:00.000,1.05647,1.05647,1.05647,1.05647,0
28.10.2023 14:00:00.000,1.05647,1.05647,1.05647,1.05647,0
28.10.2023 15:00:00.000,1.05647,1.05647,1.05647,1.05647,0
28.10.2023 16:00:00.000,1.05647,1.05647,1.05647,1.05647,0
28.10.2023 17:00:00.000,1.05647,1.05647,1.05647,1.05647,0
28.10.2023 18:00:00.000,1.05647,1.05647,1.05647,1.05647,0
28.10.2023 19:00:00.000,1.05647,1.05647,1.05647,1.05647,0
28.10.2023 20:00:00.000,1.05647,1.05647,1.05647,1.05647,0
28.10.2023 21:00:00.000,1.05647,1.05647,1.05647,1.05647,0
28.10.2023 22:00:00.000,1.05647,1.05647,1.05647,1.05647,0
28.10.2023 23:00:00.000,1.05647,1.05647,1.05647,1.05647,0
29.10.2023 00:00:00.000,1.05647,1.05647,1.05647,1.05647,0
29.10.2023 01:00:00.000,1.05647,1.05647,1.05647,1.05647,0
29.10.2023 02:00:00.000,1.05647,1.05647,1.05647,1.05647,0
29.10.2023 03:00:00.000,1.05647,1.05647,1.05647,1.05647,0
29.10.2023 04:00:00.000,1.05647,1.05647,1.05647,1.05647,0
29.10.2023 05:00:00.000,1.05647,1.05647,1.05647,1.05647,0
29.10.2023 06:00:00.000,1.05647,1.05647,1.05647,1.05647,0
29.10.2023 07:00:00.000,1.05647,1.05647,1.05647,1.05647,0
29.10.2023 08:00:00.000,1.05647,1.05647,1.05647,1.05647,0
29.10.2023 09:00:00.000,1.05647,1.05647,1.05647,1.05647,0
29.10.2023 10:00:00.000,1.05647,1.05647,1.05647,1.05647,0
29.10.2023 11:00:00.000,1.05647,1.05647,1.05647,1.05647,0
29.10.2023 12:00:00.000,1.05647,1.05647,1.05647,1.05647,0
29.10.2023 13:00:00.000,1.05647,1.05647,1.05647,1.05647,0
29.10.2023 14:00:00.000,1.05647,1.05647,1.05647,1.05647,0
29.10.2023 15:00:00.000,1.05647,1.05647,1.05647,1.05647,0
29.10.2023 16:00:00.000,1.05647,1.05647,1.05647,1.05647,0
29.10.2023 17:00:00.000,1.05647,1.05647,1.05647,1.05647,0
29.10.2023 18:00:00.000,1.05647,1.05647,1.05647,1.05647,0
29.10.2023 19:00:00.000,1.05647,1.05647,1.05647,1.05647,0
29.10.2023 20:00:00.000,1.05647,1.05647,1.05647,1.05647,0
29.10.2023 21:00:00.000,1.05764,1.05768,1.05665,1.05672,969.76
29.10.2023 22:00:00.000,1.05672,1.05693,1.05595,1.05615,2968.72
29.10.2023 23:00:00.000,1.05616,1.05642,1.05592,1.05621,3047.3899
30.10.2023 00:00:00.000,1.05622,1.05632,1.05554,1.05627,6555.96
30.10.2023 01:00:00.000,1.05627,1.05642,1.05598,1.05640,5975.8301
30.10.2023 02:00:00.000,1.05639,1.05660,1.05619,1.05627,4661.4302
30.10.2023 03:00:00.000,1.05629,1.05636,1.05590,1.05606,3359.1101
30.10.2023 04:00:00.000,1.05606,1.05626,1.05586,1.05612,2599.25
30.10.2023 05:00:00.000,1.05611,1.05621,1.05591,1.05618,2748.49
30.10.2023 06:00:00.000,1.05617,1.05660,1.05566,1.05654,6528.3901
30.10.2023 07:00:00.000,1.05652,1.05677,1.05532,1.05570,8808.8604
30.10.2023 08:00:00.000,1.05569,1.05608,1.05474,1.05601,17847.1309
30.10.2023 09:00:00.000,1.05601,1.05863,1.05600,1.05827,12553.5703
30.10.2023 10:00:00.000,1.05827,1.05883,1.05740,1.05751,9569.3096
30.10.2023 11:00:00.000,1.05750,1.05966,1.05735,1.05853,10244.4502
30.10.2023 12:00:00.000,1.05854,1.06086,1.05822,1.06072,19788.8906
30.10.2023 13:00:00.000,1.06071,1.06151,1.05968,1.06097,29066.4609
30.10.2023 14:00:00.000,1.06097,1.06183,1.05910,1.06055,31762.1191
30.10.2023 15:00:00.000,1.06056,1.06252,1.06050,1.06193,18756.5195
30.10.2023 16:00:00.000,1.06191,1.06210,1.06053,1.06073,10203.1602
30.10.2023 17:00:00.000,1.06075,1.06147,1.06003,1.06116,8511.7695
30.10.2023 18:00:00.000,1.06115,1.06191,1.06103,1.06179,7274.79
30.10.2023 19:00:00.000,1.06178,1.06218,1.06141,1.06171,6848.8999
30.10.2023 20:00:00.000,1.06172,1.06176,1.06143,1.06158,2581.05
30.10.2023 21:00:00.000,1.06158,1.06229,1.06151,1.06160,624.53
30.10.2023 22:00:00.000,1.06162,1.06173,1.06122,1.06123,1100.16
30.10.2023 23:00:00.000,1.06123,1.06153,1.06123,1.06142,2242.3301
31.10.2023 00:00:00.000,1.06142,1.06145,1.06097,1.06117,6423.3501
31.10.2023 01:00:00.000,1.06116,1.06128,1.06035,1.06100,7258.3101
31.10.2023 02:00:00.000,1.06102,1.06115,1.05989,1.06012,7074.5601
31.10.2023 03:00:00.000,1.06012,1.06014,1.05909,1.05947,10876.9697
31.10.2023 04:00:00.000,1.05946,1.05973,1.05909,1.05940,5195.6401
31.10.2023 05:00:00.000,1.05941,1.05992,1.05928,1.05988,7284.3101
31.10.2023 06:00:00.000,1.05988,1.06094,1.05944,1.06090,7887.5898
31.10.2023 07:00:00.000,1.06089,1.06259,1.06037,1.06214,12002.8203
31.10.2023 08:00:00.000,1.06215,1.06459,1.06156,1.06456,17490.6699
31.10.2023 09:00:00.000,1.06455,1.06750,1.06358,1.06688,16161.2695
31.10.2023 10:00:00.000,1.06692,1.06703,1.06524,1.06645,14806.2197
31.10.2023 11:00:00.000,1.06644,1.06670,1.06555,1.06559,8210.5195
31.10.2023 12:00:00.000,1.06559,1.06611,1.06215,1.06244,23738.5801
31.10.2023 13:00:00.000,1.06243,1.06259,1.06015,1.06040,32891.9102
31.10.2023 14:00:00.000,1.06040,1.06160,1.05952,1.06023,36662.8984
31.10.2023 15:00:00.000,1.06025,1.06057,1.05663,1.05672,30767.4395
31.10.2023 16:00:00.000,1.05673,1.05746,1.05576,1.05677,23087.6504
31.10.2023 17:00:00.000,1.05676,1.05804,1.05660,1.05752,13460.6904
31.10.2023 18:00:00.000,1.05750,1.05821,1.05711,1.05815,7374.98
31.10.2023 19:00:00.000,1.05814,1.05859,1.05803,1.05809,6467.7202
31.10.2023 20:00:00.000,1.05810,1.05838,1.05730,1.05771,2685.3999
31.10.2023 21:00:00.000,1.05771,1.05783,1.05734,1.05765,1108.25
31.10.2023 22:00:00.000,1.05758,1.05800,1.05758,1.05798,2087.54
31.10.2023 23:00:00.000,1.05798,1.05808,1.05775,1.05782,4578.7002
01.11.2023 00:00:00.000,1.05779,1.05808,1.05689,1.05736,5063.1802
01.11.2023 01:00:00.000,1.05735,1.05767,1.05675,1.05693,9012.4697
01.11.2023 02:00:00.000,1.05692,1.05732,1.05667,1.05705,5441.8599
01.11.2023 03:00:00.000,1.05705,1.05739,1.05689,1.05707,8973.2695
01.11.2023 04:00:00.000,1.05706,1.05722,1.05661,1.05674,6242.3501
01.11.2023 05:00:00.000,1.05674,1.05695,1.05654,1.05681,7068.8701
01.11.2023 06:00:00.000,1.05681,1.05766,1.05681,1.05743,8849.4902
01.11.2023 07:00:00.000,1.05742,1.05778,1.05591,1.05648,8896.7402
01.11.2023 08:00:00.000,1.05649,1.05684,1.05574,1.05584,12112.54
01.11.2023 09:00:00.000,1.05584,1.05629,1.05457,1.05494,9400.1504
01.11.2023 10:00:00.000,1.05495,1.05539,1.05459,1.05484,7313.4902
01.11.2023 11:00:00.000,1.05485,1.05509,1.05410,1.05432,10589.2803
01.11.2023 12:00:00.000,1.05432,1.05576,1.05372,1.05389,35101.8594
01.11.2023 13:00:00.000,1.05387,1.05399,1.05217,1.05315,25108.5
01.11.2023 14:00:00.000,1.05319,1.05710,1.05319,1.05527,45801.4609
01.11.2023 15:00:00.000,1.05527,1.05595,1.05359,1.05374,16221.3604
01.11.2023 16:00:00.000,1.05373,1.05418,1.05323,1.05339,9309.7305
01.11.2023 17:00:00.000,1.05340,1.05359,1.05277,1.05355,9036.54
01.11.2023 18:00:00.000,1.05352,1.05527,1.05171,1.05422,58453.7813
01.11.2023 19:00:00.000,1.05421,1.05707,1.05415,1.05675,32034.1406
01.11.2023 20:00:00.000,1.05675,1.05759,1.05675,1.05710,4380.3501
01.11.2023 21:00:00.000,1.05710,1.05745,1.05685,1.05696,794.69
01.11.2023 22:00:00.000,1.05696,1.05790,1.05696,1.05786,2202.8601
01.11.2023 23:00:00.000,1.05787,1.05870,1.05777,1.05869,7276.5098
02.11.2023 00:00:00.000,1.05870,1.06021,1.05839,1.06020,9151.0703
02.11.2023 01:00:00.000,1.06020,1.06023,1.05968,1.05980,8165.6802
02.11.2023 02:00:00.000,1.05979,1.05988,1.05935,1.05961,4167.3799
02.11.2023 03:00:00.000,1.05958,1.06005,1.05942,1.06001,3531.47
02.11.2023 04:00:00.000,1.06002,1.06002,1.05953,1.05962,3733.02
02.11.2023 05:00:00.000,1.05962,1.06022,1.05955,1.05974,4626.5498
02.11.2023 06:00:00.000,1.05972,1.06022,1.05940,1.06001,6234.9702
02.11.2023 07:00:00.000,1.06002,1.06102,1.05965,1.06037,11060.2002
02.11.2023 08:00:00.000,1.06036,1.06088,1.05914,1.06007,22129.5098
02.11.2023 09:00:00.000,1.06007,1.06249,1.05992,1.06238,20912.7695
02.11.2023 10:00:00.000,1.06239,1.06374,1.06212,1.06348,15478.2305
02.11.2023 11:00:00.000,1.06346,1.06391,1.06306,1.06340,11071.7305
02.11.2023 12:00:00.000,1.06340,1.06678,1.06327,1.06643,33394.2305
02.11.2023 13:00:00.000,1.06642,1.06670,1.06422,1.06481,25270.4609
02.11.2023 14:00:00.000,1.06476,1.06479,1.06274,1.06399,23879.8594
02.11.2023 15:00:00.000,1.06398,1.06434,1.06171,1.06176,18905.4102
02.11.2023 16:00:00.000,1.06175,1.06232,1.06106,1.06157,16507.9805
02.11.2023 17:00:00.000,1.06157,1.06299,1.06141,1.06285,10288
02.11.2023 18:00:00.000,1.06284,1.06326,1.06236,1.06261,9429.8496
02.11.2023 19:00:00.000,1.06259,1.06266,1.06168,1.06233,7882.5
02.11.2023 20:00:00.000,1.06232,1.06239,1.06171,1.06226,3246.8701
02.11.2023 21:00:00.000,1.06226,1.06267,1.06194,1.06223,1446.9
02.11.2023 22:00:00.000,1.06221,1.06229,1.06176,1.06177,939.61
02.11.2023 23:00:00.000,1.06176,1.06191,1.06157,1.06159,2511.6001
03.11.2023 00:00:00.000,1.06160,1.06221,1.06150,1.06183,3590.6399
03.11.2023 01:00:00.000,1.06182,1.06228,1.06150,1.06222,4091.4199
03.11.2023 02:00:00.000,1.06223,1.06286,1.06215,1.06265,4144.1602
03.11.2023 03:00:00.000,1.06265,1.06291,1.06246,1.06255,2608.25
03.11.2023 04:00:00.000,1.06256,1.06289,1.06250,1.06266,2439.72
03.11.2023 05:00:00.000,1.06267,1.06318,1.06262,1.06300,3705.05
03.11.2023 06:00:00.000,1.06300,1.06340,1.06281,1.06314,5935.7202
03.11.2023 07:00:00.000,1.06312,1.06338,1.06253,1.06295,10285.2402
03.11.2023 08:00:00.000,1.06295,1.06324,1.06200,1.06273,13418.3604
03.11.2023 09:00:00.000,1.06273,1.06487,1.06243,1.06483,13151.1797
03.11.2023 10:00:00.000,1.06481,1.06483,1.06422,1.06432,8590.6104
03.11.2023 11:00:00.000,1.06429,1.06529,1.06410,1.06469,12193.5498
03.11.2023 12:00:00.000,1.06470,1.07196,1.06455,1.07097,38484.0781
03.11.2023 13:00:00.000,1.07096,1.07246,1.06962,1.07164,36626.3984
03.11.2023 14:00:00.000,1.07167,1.07349,1.06939,1.07200,46917.2188
03.11.2023 15:00:00.000,1.07201,1.07355,1.07156,1.07324,25631.1406
03.11.2023 16:00:00.000,1.07324,1.07395,1.07255,1.07394,18171.1406
03.11.2023 17:00:00.000,1.07395,1.07468,1.07309,1.07368,12240.3096
03.11.2023 18:00:00.000,1.07367,1.07400,1.07328,1.07359,8116.8398
03.11.2023 19:00:00.000,1.07359,1.07376,1.07226,1.07249,4753.8301
03.11.2023 20:00:00.000,1.07250,1.07339,1.07250,1.07337,7904.0801
03.11.2023 21:00:00.000,1.07337,1.07337,1.07337,1.07337,0
03.11.2023 22:00:00.000,1.07337,1.07337,1.07337,1.07337,0
03.11.2023 23:00:00.000,1.07337,1.07337,1.07337,1.07337,0
04.11.2023 00:00:00.000,1.07337,1.07337,1.07337,1.07337,0
04.11.2023 01:00:00.000,1.07337,1.07337,1.07337,1.07337,0
04.11.2023 02:00:00.000,1.07337,1.07337,1.07337,1.07337,0
04.11.2023 03:00:00.000,1.07337,1.07337,1.07337,1.07337,0
04.11.2023 04:00:00.000,1.07337,1.07337,1.07337,1.07337,0
04.11.2023 05:00:00.000,1.07337,1.07337,1.07337,1.07337,0
04.11.2023 06:00:00.000,1.07337,1.07337,1.07337,1.07337,0
04.11.2023 07:00:00.000,1.07337,1.07337,1.07337,1.07337,0
04.11.2023 08:00:00.000,1.07337,1.07337,1.07337,1.07337,0
04.11.2023 09:00:00.000,1.07337,1.07337,1.07337,1.07337,0
04.11.2023 10:00:00.000,1.07337,1.07337,1.07337,1.07337,0
04.11.2023 11:00:00.000,1.07337,1.07337,1.07337,1.07337,0
04.11.2023 12:00:00.000,1.07337,1.07337,1.07337,1.07337,0
04.11.2023 13:00:00.000,1.07337,1.07337,1.07337,1.07337,0
04.11.2023 14:00:00.000,1.07337,1.07337,1.07337,1.07337,0
04.11.2023 15:00:00.000,1.07337,1.07337,1.07337,1.07337,0
04.11.2023 16:00:00.000,1.07337,1.07337,1.07337,1.07337,0
04.11.2023 17:00:00.000,1.07337,1.07337,1.07337,1.07337,0
04.11.2023 18:00:00.000,1.07337,1.07337,1.07337,1.07337,0
04.11.2023 19:00:00.000,1.07337,1.07337,1.07337,1.07337,0
04.11.2023 20:00:00.000,1.07337,1.07337,1.07337,1.07337,0
04.11.2023 21:00:00.000,1.07337,1.07337,1.07337,1.07337,0
04.11.2023 22:00:00.000,1.07337,1.07337,1.07337,1.07337,0
04.11.2023 23:00:00.000,1.07337,1.07337,1.07337,1.07337,0
05.11.2023 00:00:00.000,1.07337,1.07337,1.07337,1.07337,0
05.11.2023 01:00:00.000,1.07337,1.07337,1.07337,1.07337,0
05.11.2023 02:00:00.000,1.07337,1.07337,1.07337,1.07337,0
05.11.2023 03:00:00.000,1.07337,1.07337,1.07337,1.07337,0
05.11.2023 04:00:00.000,1.07337,1.07337,1.07337,1.07337,0
05.11.2023 05:00:00.000,1.07337,1.07337,1.07337,1.07337,0
05.11.2023 06:00:00.000,1.07337,1.07337,1.07337,1.07337,0
05.11.2023 07:00:00.000,1.07337,1.07337,1.07337,1.07337,0
05.11.2023 08:00:00.000,1.07337,1.07337,1.07337,1.07337,0
05.11.2023 09:00:00.000,1.07337,1.07337,1.07337,1.07337,0
05.11.2023 10:00:00.000,1.07337,1.07337,1.07337,1.07337,0
05.11.2023 11:00:00.000,1.07337,1.07337,1.07337,1.07337,0
05.11.2023 12:00:00.000,1.07337,1.07337,1.07337,1.07337,0
05.11.2023 13:00:00.000,1.07337,1.07337,1.07337,1.07337,0
05.11.2023 14:00:00.000,1.07337,1.07337,1.07337,1.07337,0
05.11.2023 15:00:00.000,1.07337,1.07337,1.07337,1.07337,0
05.11.2023 16:00:00.000,1.07337,1.07337,1.07337,1.07337,0
05.11.2023 17:00:00.000,1.07337,1.07337,1.07337,1.07337,0
05.11.2023 18:00:00.000,1.07337,1.07337,1.07337,1.07337,0
05.11.2023 19:00:00.000,1.07337,1.07337,1.07337,1.07337,0
05.11.2023 20:00:00.000,1.07337,1.07337,1.07337,1.07337,0
05.11.2023 21:00:00.000,1.07337,1.07337,1.07337,1.07337,0
05.11.2023 22:00:00.000,1.07284,1.07295,1.07252,1.07273,597.51
05.11.2023 23:00:00.000,1.07273,1.07338,1.07242,1.07316,3189.6799
06.11.2023 00:00:00.000,1.07318,1.07323,1.07229,1.07245,4998.75
06.11.2023 01:00:00.000,1.07245,1.07297,1.07226,1.07286,6522.5898
06.11.2023 02:00:00.000,1.07288,1.07336,1.07267,1.07331,4750.04
06.11.2023 03:00:00.000,1.07330,1.07346,1.07314,1.07346,3421.54
06.11.2023 04:00:00.000,1.07345,1.07378,1.07341,1.07358,4838.1802
06.11.2023 05:00:00.000,1.07357,1.07391,1.07334,1.07358,4611.0601
06.11.2023 06:00:00.000,1.07359,1.07403,1.07347,1.07364,4683.8701
06.11.2023 07:00:00.000,1.07365,1.07439,1.07320,1.07332,11193.54
06.11.2023 08:00:00.000,1.07334,1.07564,1.07318,1.07505,20842.1406
06.11.2023 09:00:00.000,1.07506,1.07565,1.07429,1.07473,11848.1904
06.11.2023 10:00:00.000,1.07473,1.07559,1.07452,1.07487,10313.04
06.11.2023 11:00:00.000,1.07487,1.07542,1.07443,1.07516,8003.8901
06.11.2023 12:00:00.000,1.07516,1.07543,1.07391,1.07438,9027.0898
06.11.2023 13:00:00.000,1.07438,1.07450,1.07353,1.07376,12274.2402
06.11.2023 14:00:00.000,1.07377,1.07462,1.07364,1.07392,23026.7891
06.11.2023 15:00:00.000,1.07391,1.07443,1.07263,1.07439,16640.8398
06.11.2023 16:00:00.000,1.07439,1.07494,1.07402,1.07462,11533.4199
06.11.2023 17:00:00.000,1.07462,1.07463,1.07339,1.07357,6091.77
06.11.2023 18:00:00.000,1.07357,1.07371,1.07291,1.07359,7005.8599
06.11.2023 19:00:00.000,1.07360,1.07370,1.07224,1.07244,8018.3398
06.11.2023 20:00:00.000,1.07240,1.07243,1.07194,1.07199,5467.04
06.11.2023 21:00:00.000,1.07200,1.07208,1.07165,1.07183,2850.2
06.11.2023 22:00:00.000,1.07182,1.07231,1.07167,1.07219,781.39
06.11.2023 23:00:00.000,1.07222,1.07226,1.07180,1.07185,1639.28
07.11.2023 00:00:00.000,1.07185,1.07197,1.07119,1.07140,3283.96
07.11.2023 01:00:00.000,1.07137,1.07137,1.07081,1.07106,5210.7402
07.11.2023 02:00:00.000,1.07107,1.07127,1.07061,1.07114,4447.5098
07.11.2023 03:00:00.000,1.07114,1.07142,1.07078,1.07092,8618.46
07.11.2023 04:00:00.000,1.07093,1.07114,1.07053,1.07067,6351.6201
07.11.2023 05:00:00.000,1.07067,1.07111,1.07055,1.07106,4679.77
07.11.2023 06:00:00.000,1.07107,1.07118,1.07002,1.07009,6205.02
07.11.2023 07:00:00.000,1.07008,1.07015,1.06920,1.06971,11956.0703
07.11.2023 08:00:00.000,1.06969,1.07065,1.06951,1.07038,15784.8398
07.11.2023 09:00:00.000,1.07038,1.07039,1.06833,1.06839,11218.8398
07.11.2023 10:00:00.000,1.06839,1.06978,1.06806,1.06819,13736.7402
07.11.2023 11:00:00.000,1.06817,1.06835,1.06657,1.06741,16992.8496
07.11.2023 12:00:00.000,1.06742,1.06849,1.06741,1.06789,15360.75
07.11.2023 13:00:00.000,1.06790,1.06868,1.06722,1.06762,17814.3809
07.11.2023 14:00:00.000,1.06763,1.06772,1.06643,1.06761,21430.0098
07.11.2023 15:00:00.000,1.06762,1.06899,1.06740,1.06851,22044.3008
07.11.2023 16:00:00.000,1.06850,1.06930,1.06835,1.06861,18079.9707
07.11.2023 17:00:00.000,1.06859,1.06865,1.06726,1.06775,21805.6406
07.11.2023 18:00:00.000,1.06776,1.06999,1.06763,1.06990,20531.5898
07.11.2023 19:00:00.000,1.06990,1.07051,1.06944,1.06953,11568.54
07.11.2023 20:00:00.000,1.06953,1.06985,1.06896,1.06949,11372.75
07.11.2023 21:00:00.000,1.06949,1.07010,1.06949,1.07006,3610.6299
07.11.2023 22:00:00.000,1.07006,1.07054,1.06976,1.06989,2689.47
07.11.2023 23:00:00.000,1.06990,1.06999,1.06955,1.06959,1584.6
08.11.2023 00:00:00.000,1.06958,1.06980,1.06898,1.06904,4648.1802
08.11.2023 01:00:00.000,1.06905,1.06942,1.06866,1.06920,5519.8101
08.11.2023 02:00:00.000,1.06922,1.06993,1.06894,1.06938,6034.73
08.11.2023 03:00:00.000,1.06938,1.06961,1.06887,1.06901,6214.1802
08.11.2023 04:00:00.000,1.06901,1.06929,1.06887,1.06923,5063.0098
08.11.2023 05:00:00.000,1.06924,1.06931,1.06854,1.06863,4337.52
08.11.2023 06:00:00.000,1.06862,1.06883,1.06815,1.06818,6065.8799
08.11.2023 07:00:00.000,1.06821,1.06845,1.06756,1.06805,9340.1699
08.11.2023 08:00:00.000,1.06805,1.06830,1.06716,1.06728,14016.6299
08.11.2023 09:00:00.000,1.06732,1.06745,1.06604,1.06654,14865.1699
08.11.2023 10:00:00.000,1.06654,1.06692,1.06595,1.06683,9058.5195
08.11.2023 11:00:00.000,1.06684,1.06780,1.06683,1.06773,7498.5698
08.11.2023 12:00:00.000,1.06773,1.06774,1.06672,1.06683,8273.5498
08.11.2023 13:00:00.000,1.06682,1.06727,1.06603,1.06694,15158.3301
08.11.2023 14:00:00.000,1.06696,1.06923,1.06691,1.06907,24897.0293
08.11.2023 15:00:00.000,1.06908,1.07079,1.06828,1.07053,25504.2402
08.11.2023 16:00:00.000,1.07053,1.07162,1.07038,1.07145,17809.6406
08.11.2023 17:00:00.000,1.07146,1.07148,1.07013,1.07080,14874.7695
08.11.2023 18:00:00.000,1.07080,1.07144,1.07023,1.07094,17519.8496
08.11.2023 19:00:00.000,1.07093,1.07111,1.07013,1.07024,6894.8301
08.11.2023 20:00:00.000,1.07024,1.07109,1.07000,1.07099,8801.9404
08.11.2023 21:00:00.000,1.07098,1.07112,1.07087,1.07095,3425.8101
08.11.2023 22:00:00.000,1.07095,1.07101,1.07066,1.07087,3330.97
08.11.2023 23:00:00.000,1.07081,1.07114,1.07070,1.07114,2116.53
09.11.2023 00:00:00.000,1.07115,1.07131,1.07026,1.07036,4067.8
09.11.2023 01:00:00.000,1.07036,1.07149,1.07031,1.07122,5564.6899
09.11.2023 02:00:00.000,1.07121,1.07158,1.07091,1.07098,3477.1399
09.11.2023 03:00:00.000,1.07097,1.07115,1.07067,1.07080,3298.2
09.11.2023 04:00:00.000,1.07080,1.07120,1.07080,1.07091,3054.1799
09.11.2023 05:00:00.000,1.07090,1.07103,1.07026,1.07028,3497.0701
09.11.2023 06:00:00.000,1.07028,1.07098,1.07017,1.07077,5053.9902
09.11.2023 07:00:00.000,1.07077,1.07096,1.07026,1.07055,7164.5601
09.11.2023 08:00:00.000,1.07056,1.07100,1.06939,1.07018,14012.6797
09.11.2023 09:00:00.000,1.07017,1.07049,1.06943,1.06980,13108.0098
09.11.2023 10:00:00.000,1.06981,1.06998,1.06852,1.06868,10450.3799
09.11.2023 11:00:00.000,1.06869,1.06921,1.06806,1.06885,11273.0303
09.11.2023 12:00:00.000,1.06884,1.06929,1.06873,1.06904,13028.4502
09.11.2023 13:00:00.000,1.06906,1.07090,1.06868,1.07076,24394.5195
09.11.2023 14:00:00.000,1.07077,1.07256,1.07004,1.07244,27625.1699
09.11.2023 15:00:00.000,1.07243,1.07249,1.07078,1.07152,27266.6992
09.11.2023 16:00:00.000,1.07151,1.07172,1.07053,1.07099,13981.9902
09.11.2023 17:00:00.000,1.07098,1.07128,1.07001,1.07049,10743.04
09.11.2023 18:00:00.000,1.07048,1.07057,1.06730,1.06946,33407.6406
09.11.2023 19:00:00.000,1.06945,1.06959,1.06603,1.06674,40507.9297
09.11.2023 20:00:00.000,1.06674,1.06756,1.06626,1.06640,14851.9697
09.11.2023 21:00:00.000,1.06640,1.06692,1.06639,1.06684,4813.52
09.11.2023 22:00:00.000,1.06683,1.06714,1.06669,1.06688,2935.95
09.11.2023 23:00:00.000,1.06693,1.06700,1.06646,1.06672,2177.1899
10.11.2023 00:00:00.000,1.06673,1.06707,1.06632,1.06686,4413.5898
10.11.2023 01:00:00.000,1.06685,1.06753,1.06669,1.06721,5594.1499
10.11.2023 02:00:00.000,1.06721,1.06746,1.06704,1.06726,5658.6699
10.11.2023 03:00:00.000,1.06725,1.06743,1.06691,1.06701,2638.72
10.11.2023 04:00:00.000,1.06703,1.06716,1.06674,1.06715,3431.97
10.11.2023 05:00:00.000,1.06714,1.06722,1.06661,1.06694,2709.8999
10.11.2023 06:00:00.000,1.06693,1.06703,1.06638,1.06657,4157.8599
10.11.2023 07:00:00.000,1.06657,1.06698,1.06563,1.06633,13704.3496
10.11.2023 08:00:00.000,1.06633,1.06785,1.06633,1.06713,15010.7998
10.11.2023 09:00:00.000,1.06714,1.06802,1.06646,1.06775,12733.6396
10.11.2023 10:00:00.000,1.06774,1.06883,1.06695,1.06871,12077.3096
10.11.2023 11:00:00.000,1.06871,1.06890,1.06743,1.06771,8609.8496
10.11.2023 12:00:00.000,1.06771,1.06885,1.06702,1.06819,13546.0303
10.11.2023 13:00:00.000,1.06820,1.06929,1.06775,1.06889,14955.4902
10.11.2023 14:00:00.000,1.06890,1.06898,1.06706,1.06734,20891.5195
10.11.2023 15:00:00.000,1.06733,1.06797,1.06627,1.06700,26760.3594
10.11.2023 16:00:00.000,1.06701,1.06798,1.06633,1.06695,15568.1396
10.11.2023 17:00:00.000,1.06695,1.06820,1.06643,1.06795,11231.6602
10.11.2023 18:00:00.000,1.06795,1.06847,1.06730,1.06814,8287.3398
10.11.2023 19:00:00.000,1.06815,1.06876,1.06791,1.06798,8270.4102
10.11.2023 20:00:00.000,1.06798,1.06877,1.06773,1.06854,7183.27
10.11.2023 21:00:00.000,1.06852,1.06887,1.06829,1.06887,3944.6201
10.11.2023 22:00:00.000,1.06887,1.06887,1.06887,1.06887,0
10.11.2023 23:00:00.000,1.06887,1.06887,1.06887,1.06887,0
11.11.2023 00:00:00.000,1.06887,1.06887,1.06887,1.06887,0
11.11.2023 01:00:00.000,1.06887,1.06887,1.06887,1.06887,0
11.11.2023 02:00:00.000,1.06887,1.06887,1.06887,1.06887,0
11.11.2023 03:00:00.000,1.06887,1.06887,1.06887,1.06887,0
11.11.2023 04:00:00.000,1.06887,1.06887,1.06887,1.06887,0
11.11.2023 05:00:00.000,1.06887,1.06887,1.06887,1.06887,0
11.11.2023 06:00:00.000,1.06887,1.06887,1.06887,1.06887,0
11.11.2023 07:00:00.000,1.06887,1.06887,1.06887,1.06887,0
11.11.2023 08:00:00.000,1.06887,1.06887,1.06887,1.06887,0
11.11.2023 09:00:00.000,1.06887,1.06887,1.06887,1.06887,0
11.11.2023 10:00:00.000,1.06887,1.06887,1.06887,1.06887,0
11.11.2023 11:00:00.000,1.06887,1.06887,1.06887,1.06887,0
11.11.2023 12:00:00.000,1.06887,1.06887,1.06887,1.06887,0
11.11.2023 13:00:00.000,1.06887,1.06887,1.06887,1.06887,0
11.11.2023 14:00:00.000,1.06887,1.06887,1.06887,1.06887,0
11.11.2023 15:00:00.000,1.06887,1.06887,1.06887,1.06887,0
11.11.2023 16:00:00.000,1.06887,1.06887,1.06887,1.06887,0
11.11.2023 17:00:00.000,1.06887,1.06887,1.06887,1.06887,0
11.11.2023 18:00:00.000,1.06887,1.06887,1.06887,1.06887,0
11.11.2023 19:00:00.000,1.06887,1.06887,1.06887,1.06887,0
11.11.2023 20:00:00.000,1.06887,1.06887,1.06887,1.06887,0
11.11.2023 21:00:00.000,1.06887,1.06887,1.06887,1.06887,0
11.11.2023 22:00:00.000,1.06887,1.06887,1.06887,1.06887,0
11.11.2023 23:00:00.000,1.06887,1.06887,1.06887,1.06887,0
12.11.2023 00:00:00.000,1.06887,1.06887,1.06887,1.06887,0
12.11.2023 01:00:00.000,1.06887,1.06887,1.06887,1.06887,0
12.11.2023 02:00:00.000,1.06887,1.06887,1.06887,1.06887,0
12.11.2023 03:00:00.000,1.06887,1.06887,1.06887,1.06887,0
12.11.2023 04:00:00.000,1.06887,1.06887,1.06887,1.06887,0
12.11.2023 05:00:00.000,1.06887,1.06887,1.06887,1.06887,0
12.11.2023 06:00:00.000,1.06887,1.06887,1.06887,1.06887,0
12.11.2023 07:00:00.000,1.06887,1.06887,1.06887,1.06887,0
12.11.2023 08:00:00.000,1.06887,1.06887,1.06887,1.06887,0
12.11.2023 09:00:00.000,1.06887,1.06887,1.06887,1.06887,0
12.11.2023 10:00:00.000,1.06887,1.06887,1.06887,1.06887,0
12.11.2023 11:00:00.000,1.06887,1.06887,1.06887,1.06887,0
12.11.2023 12:00:00.000,1.06887,1.06887,1.06887,1.06887,0
12.11.2023 13:00:00.000,1.06887,1.06887,1.06887,1.06887,0
12.11.2023 14:00:00.000,1.06887,1.06887,1.06887,1.06887,0
12.11.2023 15:00:00.000,1.06887,1.06887,1.06887,1.06887,0
12.11.2023 16:00:00.000,1.06887,1.06887,1.06887,1.06887,0
12.11.2023 17:00:00.000,1.06887,1.06887,1.06887,1.06887,0
12.11.2023 18:00:00.000,1.06887,1.06887,1.06887,1.06887,0
12.11.2023 19:00:00.000,1.06887,1.06887,1.06887,1.06887,0
12.11.2023 20:00:00.000,1.06887,1.06887,1.06887,1.06887,0
12.11.2023 21:00:00.000,1.06887,1.06887,1.06887,1.06887,0
12.11.2023 22:00:00.000,1.06887,1.06887,1.06836,1.06848,1526.5
12.11.2023 23:00:00.000,1.06848,1.06908,1.06848,1.06908,1593.35
13.11.2023 00:00:00.000,1.06907,1.06907,1.06824,1.06841,3790.8501
13.11.2023 01:00:00.000,1.06842,1.06887,1.06813,1.06869,6108.1499
13.11.2023 02:00:00.000,1.06870,1.06875,1.06817,1.06834,4001.6499
13.11.2023 03:00:00.000,1.06835,1.06862,1.06819,1.06859,3978.7
13.11.2023 04:00:00.000,1.06858,1.06892,1.06844,1.06845,2564.1299
13.11.2023 05:00:00.000,1.06843,1.06869,1.06837,1.06860,2740.3999
13.11.2023 06:00:00.000,1.06860,1.06925,1.06838,1.06903,5789.0898
13.11.2023 07:00:00.000,1.06903,1.06976,1.06890,1.06928,7890.54
13.11.2023 08:00:00.000,1.06925,1.06950,1.06858,1.06916,9903.6504
13.11.2023 09:00:00.000,1.06916,1.07015,1.06858,1.06898,8344.7002
13.11.2023 10:00:00.000,1.06898,1.06997,1.06874,1.06975,8341.4697
13.11.2023 11:00:00.000,1.06975,1.06981,1.06851,1.06874,7905.8398
13.11.2023 12:00:00.000,1.06874,1.06880,1.06699,1.06733,7570.27
13.11.2023 13:00:00.000,1.06732,1.06738,1.06652,1.06728,16739.6895
13.11.2023 14:00:00.000,1.06728,1.06803,1.06681,1.06771,20770.3809
13.11.2023 15:00:00.000,1.06772,1.06930,1.06750,1.06889,29559.7207
13.11.2023 16:00:00.000,1.06890,1.07040,1.06854,1.06994,11621.9297
13.11.2023 17:00:00.000,1.06994,1.07063,1.06938,1.06960,8525.7305
13.11.2023 18:00:00.000,1.06960,1.07055,1.06902,1.07018,9436.8203
13.11.2023 19:00:00.000,1.07018,1.07058,1.06974,1.07022,7649.9702
13.11.2023 20:00:00.000,1.07021,1.07045,1.06991,1.06995,5383.1299
13.11.2023 21:00:00.000,1.06994,1.06997,1.06978,1.06988,3598.8899
13.11.2023 22:00:00.000,1.06989,1.07035,1.06984,1.06998,2491.7
13.11.2023 23:00:00.000,1.06998,1.07015,1.06984,1.07015,1074.59
14.11.2023 00:00:00.000,1.07015,1.07025,1.06984,1.06999,2262.5701
14.11.2023 01:00:00.000,1.07000,1.07006,1.06949,1.06989,4004.3999
14.11.2023 02:00:00.000,1.06988,1.07023,1.06969,1.06981,3795.47
14.11.2023 03:00:00.000,1.06983,1.06987,1.06955,1.06967,3366.1101
14.11.2023 04:00:00.000,1.06967,1.07000,1.06961,1.06965,2269.23
14.11.2023 05:00:00.000,1.06965,1.06967,1.06931,1.06959,3236.97
14.11.2023 06:00:00.000,1.06958,1.07000,1.06944,1.06993,4219.1299
14.11.2023 07:00:00.000,1.06995,1.07097,1.06980,1.07064,7696.8198
14.11.2023 08:00:00.000,1.07065,1.07100,1.06964,1.06983,12487.1699
14.11.2023 09:00:00.000,1.06982,1.07179,1.06962,1.07163,13991.5498
14.11.2023 10:00:00.000,1.07164,1.07308,1.07152,1.07219,13572.9502
14.11.2023 11:00:00.000,1.07220,1.07239,1.07151,1.07196,7812.1602
14.11.2023 12:00:00.000,1.07195,1.07269,1.07186,1.07212,9321.9004
14.11.2023 13:00:00.000,1.07213,1.08004,1.07071,1.07894,40226.5117
14.11.2023 14:00:00.000,1.07892,1.08358,1.07888,1.08335,46240.7383
14.11.2023 15:00:00.000,1.08335,1.08426,1.08233,1.08378,33159.1289
14.11.2023 16:00:00.000,1.08375,1.08642,1.08366,1.08607,23785.1309
14.11.2023 17:00:00.000,1.08607,1.08738,1.08543,1.08731,16760.1309
14.11.2023 18:00:00.000,1.08730,1.08767,1.08690,1.08700,7351.8198
14.11.2023 19:00:00.000,1.08700,1.08828,1.08679,1.08816,9180.4004
14.11.2023 20:00:00.000,1.08816,1.08877,1.08777,1.08827,8287.5596
14.11.2023 21:00:00.000,1.08825,1.08825,1.08758,1.08797,2551.01
14.11.2023 22:00:00.000,1.08799,1.08813,1.08754,1.08760,1020.37
14.11.2023 23:00:00.000,1.08760,1.08831,1.08760,1.08780,1920.9399
15.11.2023 00:00:00.000,1.08780,1.08784,1.08659,1.08697,6718.5898
15.11.2023 01:00:00.000,1.08697,1.08743,1.08676,1.08721,5215.6401
15.11.2023 02:00:00.000,1.08723,1.08800,1.08709,1.08788,6584.6602
15.11.2023 03:00:00.000,1.08785,1.08829,1.08762,1.08823,4079.45
15.11.2023 04:00:00.000,1.08825,1.08838,1.08779,1.08780,2675.52
15.11.2023 05:00:00.000,1.08780,1.08797,1.08727,1.08728,4453.71
15.11.2023 06:00:00.000,1.08729,1.08772,1.08716,1.08733,4918.75
15.11.2023 07:00:00.000,1.08734,1.08767,1.08649,1.08731,12426.6201
15.11.2023 08:00:00.000,1.08731,1.08796,1.08668,1.08707,17386.8496
15.11.2023 09:00:00.000,1.08706,1.08706,1.08440,1.08523,17016.3301
15.11.2023 10:00:00.000,1.08523,1.08590,1.08508,1.08571,9209.3096
15.11.2023 11:00:00.000,1.08571,1.08683,1.08560,1.08662,10166.8398
15.11.2023 12:00:00.000,1.08663,1.08682,1.08544,1.08638,7654.77
15.11.2023 13:00:00.000,1.08639,1.08860,1.08400,1.08592,33945.6484
15.11.2023 14:00:00.000,1.08592,1.08612,1.08317,1.08363,31943.0801
15.11.2023 15:00:00.000,1.08362,1.08654,1.08340,1.08652,26474.5508
15.11.2023 16:00:00.000,1.08654,1.08689,1.08486,1.08524,17911.7402
15.11.2023 17:00:00.000,1.08525,1.08565,1.08434,1.08542,12322.6396
15.11.2023 18:00:00.000,1.08541,1.08548,1.08423,1.08462,9154.1201
15.11.2023 19:00:00.000,1.08462,1.08483,1.08413,1.08464,7617.8301
15.11.2023 20:00:00.000,1.08464,1.08472,1.08426,1.08433,6628.9702
15.11.2023 21:00:00.000,1.08432,1.08485,1.08428,1.08485,2740.04
15.11.2023 22:00:00.000,1.08494,1.08534,1.08468,1.08506,2774.1699
15.11.2023 23:00:00.000,1.08508,1.08545,1.08482,1.08543,1813.47
16.11.2023 00:00:00.000,1.08544,1.08557,1.08510,1.08553,3919.04
16.11.2023 01:00:00.000,1.08553,1.08559,1.08422,1.08439,5735.6499
16.11.2023 02:00:00.000,1.08440,1.08441,1.08302,1.08337,6567.8999
16.11.2023 03:00:00.000,1.08336,1.08361,1.08318,1.08327,3884.79
16.11.2023 04:00:00.000,1.08328,1.08375,1.08323,1.08373,2383.97
16.11.2023 05:00:00.000,1.08372,1.08398,1.08338,1.08382,3828.1499
16.11.2023 06:00:00.000,1.08382,1.08412,1.08366,1.08394,4450.6699
16.11.2023 07:00:00.000,1.08393,1.08462,1.08341,1.08410,11255.0596
16.11.2023 08:00:00.000,1.08410,1.08552,1.08386,1.08551,14759.0498
16.11.2023 09:00:00.000,1.08551,1.08610,1.08481,1.08512,9571.0303
16.11.2023 10:00:00.000,1.08511,1.08519,1.08432,1.08453,8374.0098
16.11.2023 11:00:00.000,1.08453,1.08585,1.08447,1.08524,8539.75
16.11.2023 12:00:00.000,1.08524,1.08533,1.08393,1.08427,10585.3604
16.11.2023 13:00:00.000,1.08426,1.08817,1.08419,1.08813,25441.4102
16.11.2023 14:00:00.000,1.08812,1.08814,1.08585,1.08763,28061.4609
16.11.2023 15:00:00.000,1.08764,1.08957,1.08719,1.08784,33969.8789
16.11.2023 16:00:00.000,1.08784,1.08830,1.08466,1.08500,18893.3594
16.11.2023 17:00:00.000,1.08501,1.08611,1.08475,1.08600,14015.5596
16.11.2023 18:00:00.000,1.08601,1.08659,1.08565,1.08592,9253.9199
16.11.2023 19:00:00.000,1.08592,1.08602,1.08521,1.08559,7837.3901
16.11.2023 20:00:00.000,1.08559,1.08582,1.08451,1.08464,7827.9302
16.11.2023 21:00:00.000,1.08465,1.08540,1.08464,1.08528,3025.55
16.11.2023 22:00:00.000,1.08531,1.08553,1.08484,1.08546,4336.9102
16.11.2023 23:00:00.000,1.08547,1.08560,1.08513,1.08533,1258.76
17.11.2023 00:00:00.000,1.08533,1.08558,1.08490,1.08533,2983.05
17.11.2023 01:00:00.000,1.08534,1.08573,1.08507,1.08531,7748.52
17.11.2023 02:00:00.000,1.08530,1.08572,1.08495,1.08555,4739.23
17.11.2023 03:00:00.000,1.08556,1.08574,1.08534,1.08542,3857.6101
17.11.2023 04:00:00.000,1.08543,1.08552,1.08504,1.08505,2527.77
17.11.2023 05:00:00.000,1.08506,1.08560,1.08482,1.08534,4160.5098
17.11.2023 06:00:00.000,1.08536,1.08566,1.08511,1.08514,3509.3999
17.11.2023 07:00:00.000,1.08515,1.08515,1.08353,1.08386,9246.6396
17.11.2023 08:00:00.000,1.08386,1.08497,1.08249,1.08486,23987.8906
17.11.2023 09:00:00.000,1.08484,1.08586,1.08454,1.08531,15599.3604
17.11.2023 10:00:00.000,1.08532,1.08714,1.08517,1.08710,17837.6699
17.11.2023 11:00:00.000,1.08710,1.08750,1.08589,1.08664,15895.3301
17.11.2023 12:00:00.000,1.08662,1.08688,1.08576,1.08634,10956.8398
17.11.2023 13:00:00.000,1.08634,1.08777,1.08615,1.08713,24273.5195
17.11.2023 14:00:00.000,1.08711,1.08847,1.08587,1.08694,28731.9004
17.11.2023 15:00:00.000,1.08694,1.08935,1.08685,1.08869,23526.0195
17.11.2023 16:00:00.000,1.08869,1.08902,1.08750,1.08787,18286.5605
17.11.2023 17:00:00.000,1.08787,1.08914,1.08782,1.08905,11305.2998
17.11.2023 18:00:00.000,1.08904,1.09046,1.08886,1.09033,8597.5898
17.11.2023 19:00:00.000,1.09033,1.09037,1.08956,1.08998,7152.7202
17.11.2023 20:00:00.000,1.08998,1.09093,1.08975,1.09086,6443.21
17.11.2023 21:00:00.000,1.09086,1.09180,1.09050,1.09180,5496.3501
17.11.2023 22:00:00.000,1.09180,1.09180,1.09180,1.09180,0
17.11.2023 23:00:00.000,1.09180,1.09180,1.09180,1.09180,0
18.11.2023 00:00:00.000,1.09180,1.09180,1.09180,1.09180,0
18.11.2023 01:00:00.000,1.09180,1.09180,1.09180,1.09180,0
18.11.2023 02:00:00.000,1.09180,1.09180,1.09180,1.09180,0
18.11.2023 03:00:00.000,1.09180,1.09180,1.09180,1.09180,0
18.11.2023 04:00:00.000,1.09180,1.09180,1.09180,1.09180,0
18.11.2023 05:00:00.000,1.09180,1.09180,1.09180,1.09180,0
18.11.2023 06:00:00.000,1.09180,1.09180,1.09180,1.09180,0
18.11.2023 07:00:00.000,1.09180,1.09180,1.09180,1.09180,0
18.11.2023 08:00:00.000,1.09180,1.09180,1.09180,1.09180,0
18.11.2023 09:00:00.000,1.09180,1.09180,1.09180,1.09180,0
18.11.2023 10:00:00.000,1.09180,1.09180,1.09180,1.09180,0
18.11.2023 11:00:00.000,1.09180,1.09180,1.09180,1.09180,0
18.11.2023 12:00:00.000,1.09180,1.09180,1.09180,1.09180,0
18.11.2023 13:00:00.000,1.09180,1.09180,1.09180,1.09180,0
18.11.2023 14:00:00.000,1.09180,1.09180,1.09180,1.09180,0
18.11.2023 15:00:00.000,1.09180,1.09180,1.09180,1.09180,0
18.11.2023 16:00:00.000,1.09180,1.09180,1.09180,1.09180,0
18.11.2023 17:00:00.000,1.09180,1.09180,1.09180,1.09180,0
18.11.2023 18:00:00.000,1.09180,1.09180,1.09180,1.09180,0
18.11.2023 19:00:00.000,1.09180,1.09180,1.09180,1.09180,0
18.11.2023 20:00:00.000,1.09180,1.09180,1.09180,1.09180,0
18.11.2023 21:00:00.000,1.09180,1.09180,1.09180,1.09180,0
18.11.2023 22:00:00.000,1.09180,1.09180,1.09180,1.09180,0
18.11.2023 23:00:00.000,1.09180,1.09180,1.09180,1.09180,0
19.11.2023 00:00:00.000,1.09180,1.09180,1.09180,1.09180,0
19.11.2023 01:00:00.000,1.09180,1.09180,1.09180,1.09180,0
19.11.2023 02:00:00.000,1.09180,1.09180,1.09180,1.09180,0
19.11.2023 03:00:00.000,1.09180,1.09180,1.09180,1.09180,0
19.11.2023 04:00:00.000,1.09180,1.09180,1.09180,1.09180,0
19.11.2023 05:00:00.000,1.09180,1.09180,1.09180,1.09180,0
19.11.2023 06:00:00.000,1.09180,1.09180,1.09180,1.09180,0
19.11.2023 07:00:00.000,1.09180,1.09180,1.09180,1.09180,0
19.11.2023 08:00:00.000,1.09180,1.09180,1.09180,1.09180,0
19.11.2023 09:00:00.000,1.09180,1.09180,1.09180,1.09180,0
19.11.2023 10:00:00.000,1.09180,1.09180,1.09180,1.09180,0
19.11.2023 11:00:00.000,1.09180,1.09180,1.09180,1.09180,0
19.11.2023 12:00:00.000,1.09180,1.09180,1.09180,1.09180,0
19.11.2023 13:00:00.000,1.09180,1.09180,1.09180,1.09180,0
19.11.2023 14:00:00.000,1.09180,1.09180,1.09180,1.09180,0
19.11.2023 15:00:00.000,1.09180,1.09180,1.09180,1.09180,0
19.11.2023 16:00:00.000,1.09180,1.09180,1.09180,1.09180,0
19.11.2023 17:00:00.000,1.09180,1.09180,1.09180,1.09180,0
19.11.2023 18:00:00.000,1.09180,1.09180,1.09180,1.09180,0
19.11.2023 19:00:00.000,1.09180,1.09180,1.09180,1.09180,0
19.11.2023 20:00:00.000,1.09180,1.09180,1.09180,1.09180,0
19.11.2023 21:00:00.000,1.09180,1.09180,1.09180,1.09180,0
19.11.2023 22:00:00.000,1.09162,1.09162,1.09095,1.09116,1920.55
19.11.2023 23:00:00.000,1.09115,1.09127,1.09058,1.09058,3387.6299
20.11.2023 00:00:00.000,1.09057,1.09057,1.08977,1.09014,5907.5801
20.11.2023 01:00:00.000,1.09016,1.09110,1.09016,1.09084,8211.0098
20.11.2023 02:00:00.000,1.09086,1.09241,1.09083,1.09226,9126.5303
20.11.2023 03:00:00.000,1.09225,1.09251,1.09179,1.09240,9558.2695
20.11.2023 04:00:00.000,1.09241,1.09360,1.09220,1.09222,7098.6001
20.11.2023 05:00:00.000,1.09222,1.09280,1.09188,1.09188,4783.96
20.11.2023 06:00:00.000,1.09191,1.09233,1.09160,1.09173,5901.3599
20.11.2023 07:00:00.000,1.09172,1.09198,1.09132,1.09163,11103.9102
20.11.2023 08:00:00.000,1.09162,1.09299,1.09155,1.09194,17964.6797
20.11.2023 09:00:00.000,1.09194,1.09403,1.09187,1.09368,16424.0195
20.11.2023 10:00:00.000,1.09369,1.09369,1.09229,1.09264,9406.1504
20.11.2023 11:00:00.000,1.09262,1.09297,1.09215,1.09230,8279.1602
20.11.2023 12:00:00.000,1.09229,1.09307,1.09208,1.09299,10150.6299
20.11.2023 13:00:00.000,1.09299,1.09324,1.09246,1.09267,14115.7803
20.11.2023 14:00:00.000,1.09267,1.09459,1.09189,1.09407,21545.3906
20.11.2023 15:00:00.000,1.09407,1.09418,1.09266,1.09383,14472.8203
20.11.2023 16:00:00.000,1.09382,1.09451,1.09378,1.09445,10802.6797
20.11.2023 17:00:00.000,1.09444,1.09518,1.09353,1.09378,7912.79
20.11.2023 18:00:00.000,1.09377,1.09520,1.09371,1.09455,18199.25
20.11.2023 19:00:00.000,1.09455,1.09474,1.09390,1.09466,8216.0898
20.11.2023 20:00:00.000,1.09466,1.09477,1.09420,1.09421,5917.75
20.11.2023 21:00:00.000,1.09420,1.09447,1.09397,1.09405,3837.3
20.11.2023 22:00:00.000,1.09406,1.09451,1.09390,1.09435,1659.45
20.11.2023 23:00:00.000,1.09435,1.09472,1.09425,1.09450,1729.9
21.11.2023 00:00:00.000,1.09450,1.09523,1.09424,1.09456,4377.6099
21.11.2023 01:00:00.000,1.09457,1.09576,1.09433,1.09526,11963.1504
21.11.2023 02:00:00.000,1.09515,1.09623,1.09484,1.09601,9658.4004
21.11.2023 03:00:00.000,1.09604,1.09643,1.09586,1.09638,6124.2798
21.11.2023 04:00:00.000,1.09634,1.09653,1.09582,1.09590,5117.4102
21.11.2023 05:00:00.000,1.09590,1.09640,1.09539,1.09562,7134.1802
21.11.2023 06:00:00.000,1.09562,1.09613,1.09525,1.09587,7313.1299
21.11.2023 07:00:00.000,1.09587,1.09632,1.09511,1.09541,9958.1299
21.11.2023 08:00:00.000,1.09540,1.09640,1.09439,1.09463,15489.04
21.11.2023 09:00:00.000,1.09463,1.09509,1.09428,1.09438,13337.1104
21.11.2023 10:00:00.000,1.09439,1.09539,1.09427,1.09454,8728.7002
21.11.2023 11:00:00.000,1.09454,1.09469,1.09393,1.09394,7445.1899
21.11.2023 12:00:00.000,1.09395,1.09508,1.09393,1.09483,7935.04
21.11.2023 13:00:00.000,1.09484,1.09614,1.09393,1.09452,19975.1895
21.11.2023 14:00:00.000,1.09452,1.09596,1.09442,1.09534,21966.1602
21.11.2023 15:00:00.000,1.09534,1.09594,1.09316,1.09343,25575.9395
21.11.2023 16:00:00.000,1.09344,1.09439,1.09226,1.09230,17589.6191
21.11.2023 17:00:00.000,1.09236,1.09267,1.09190,1.09211,11501.0303
21.11.2023 18:00:00.000,1.09210,1.09218,1.09028,1.09090,13301.6797
21.11.2023 19:00:00.000,1.09090,1.09160,1.09003,1.09153,14863.7598
21.11.2023 20:00:00.000,1.09153,1.09168,1.09115,1.09120,7690.7002
21.11.2023 21:00:00.000,1.09120,1.09147,1.09103,1.09113,2932.6399
21.11.2023 22:00:00.000,1.09118,1.09187,1.09099,1.09116,803.07
21.11.2023 23:00:00.000,1.09108,1.09188,1.09106,1.09173,2375.3601
22.11.2023 00:00:00.000,1.09173,1.09198,1.09147,1.09197,5033.8398
22.11.2023 01:00:00.000,1.09197,1.09231,1.09092,1.09136,8233.8799
22.11.2023 02:00:00.000,1.09137,1.09205,1.09121,1.09163,6517.0698
22.11.2023 03:00:00.000,1.09161,1.09192,1.09131,1.09146,3648.49
22.11.2023 04:00:00.000,1.09145,1.09157,1.09110,1.09140,2921.1001
22.11.2023 05:00:00.000,1.09139,1.09148,1.09053,1.09075,5608.4702
22.11.2023 06:00:00.000,1.09074,1.09077,1.08958,1.09005,8530.1104
22.11.2023 07:00:00.000,1.09004,1.09168,1.09001,1.09147,11756.2695
22.11.2023 08:00:00.000,1.09147,1.09199,1.08829,1.08857,15210.79
22.11.2023 09:00:00.000,1.08855,1.09125,1.08853,1.09027,16644.9102
22.11.2023 10:00:00.000,1.09027,1.09058,1.08952,1.09011,10370.6699
22.11.2023 11:00:00.000,1.09010,1.09079,1.08981,1.09002,12821
22.11.2023 12:00:00.000,1.09002,1.09123,1.08981,1.09068,13482.0596
22.11.2023 13:00:00.000,1.09065,1.09179,1.08915,1.08962,26974.7793
22.11.2023 14:00:00.000,1.08964,1.08987,1.08716,1.08753,31330.2402
22.11.2023 15:00:00.000,1.08749,1.08749,1.08524,1.08659,33189.6602
22.11.2023 16:00:00.000,1.08660,1.08735,1.08616,1.08705,15368.4697
22.11.2023 17:00:00.000,1.08706,1.08837,1.08690,1.08788,10699.8896
22.11.2023 18:00:00.000,1.08785,1.08872,1.08778,1.08849,8518.9502
22.11.2023 19:00:00.000,1.08848,1.08880,1.08801,1.08841,8662.6396
22.11.2023 20:00:00.000,1.08840,1.08885,1.08820,1.08876,8185.96
22.11.2023 21:00:00.000,1.08875,1.08896,1.08863,1.08893,2182.04
22.11.2023 22:00:00.000,1.08893,1.08894,1.08858,1.08865,1029.97
22.11.2023 23:00:00.000,1.08865,1.08886,1.08837,1.08882,1079.9
23.11.2023 00:00:00.000,1.08882,1.08928,1.08881,1.08923,3327.9399
23.11.2023 01:00:00.000,1.08922,1.08961,1.08888,1.08951,6206.6299
23.11.2023 02:00:00.000,1.08951,1.09049,1.08950,1.09038,5078.8901
23.11.2023 03:00:00.000,1.09037,1.09061,1.09016,1.09052,3647.4399
23.11.2023 04:00:00.000,1.09052,1.09057,1.09022,1.09029,1998.12
23.11.2023 05:00:00.000,1.09028,1.09120,1.09012,1.09108,2865.99
23.11.2023 06:00:00.000,1.09108,1.09180,1.09068,1.09084,5994.54
23.11.2023 07:00:00.000,1.09084,1.09150,1.09058,1.09140,9472.8203
23.11.2023 08:00:00.000,1.09140,1.09311,1.08958,1.09179,22767.5996
23.11.2023 09:00:00.000,1.09181,1.09239,1.09059,1.09233,21591.5391
23.11.2023 10:00:00.000,1.09232,1.09243,1.09153,1.09192,8473.8203
23.11.2023 11:00:00.000,1.09194,1.09199,1.09126,1.09149,5457.2202
23.11.2023 12:00:00.000,1.09148,1.09154,1.09004,1.09036,8049.6699
23.11.2023 13:00:00.000,1.09035,1.09057,1.08969,1.09019,7723.96
23.11.2023 14:00:00.000,1.09018,1.09031,1.08873,1.08965,11964.6904
23.11.2023 15:00:00.000,1.08964,1.09107,1.08961,1.09098,8636.79
23.11.2023 16:00:00.000,1.09097,1.09101,1.09029,1.09065,4822.8398
23.11.2023 17:00:00.000,1.09065,1.09072,1.09027,1.09061,2227.97
23.11.2023 18:00:00.000,1.09062,1.09063,1.09035,1.09038,504.65
23.11.2023 19:00:00.000,1.09039,1.09076,1.09036,1.09039,1078.9
23.11.2023 20:00:00.000,1.09039,1.09067,1.09030,1.09057,1267.42
23.11.2023 21:00:00.000,1.09056,1.09077,1.09048,1.09073,510.53
23.11.2023 22:00:00.000,1.09077,1.09103,1.09049,1.09073,3449.8601
23.11.2023 23:00:00.000,1.09076,1.09088,1.09039,1.09041,1575.71
24.11.2023 00:00:00.000,1.09041,1.09100,1.09031,1.09069,4694.9102
24.11.2023 01:00:00.000,1.09072,1.09105,1.09014,1.09021,5747.1499
24.11.2023 02:00:00.000,1.09020,1.09037,1.08955,1.08957,3646.3501
24.11.2023 03:00:00.000,1.08956,1.08998,1.08952,1.08992,2078.6799
24.11.2023 04:00:00.000,1.08993,1.09038,1.08976,1.09038,4265.1802
24.11.2023 05:00:00.000,1.09037,1.09123,1.09037,1.09120,5631.29
24.11.2023 06:00:00.000,1.09119,1.09120,1.09040,1.09077,3693.9199
24.11.2023 07:00:00.000,1.09074,1.09110,1.09032,1.09082,8686.2402
24.11.2023 08:00:00.000,1.09081,1.09195,1.09054,1.09193,10927.9297
24.11.2023 09:00:00.000,1.09191,1.09209,1.09017,1.09030,11780.1396
24.11.2023 10:00:00.000,1.09031,1.09103,1.09020,1.09098,7625.4502
24.11.2023 11:00:00.000,1.09095,1.09167,1.09070,1.09143,8056.3901
24.11.2023 12:00:00.000,1.09142,1.09284,1.09124,1.09169,9948.4199
24.11.2023 13:00:00.000,1.09169,1.09226,1.09071,1.09221,12474.3604
24.11.2023 14:00:00.000,1.09222,1.09386,1.09174,1.09369,16902.3906
24.11.2023 15:00:00.000,1.09369,1.09455,1.09345,1.09399,17283.2207
24.11.2023 16:00:00.000,1.09399,1.09417,1.09303,1.09334,10086.4199
24.11.2023 17:00:00.000,1.09335,1.09410,1.09284,1.09406,5920.8501
24.11.2023 18:00:00.000,1.09406,1.09490,1.09402,1.09480,2493.0901
24.11.2023 19:00:00.000,1.09480,1.09482,1.09410,1.09463,8989.7695
24.11.2023 20:00:00.000,1.09463,1.09479,1.09439,1.09463,2243.25
24.11.2023 21:00:00.000,1.09461,1.09476,1.09394,1.09471,7149.7002
24.11.2023 22:00:00.000,1.09471,1.09471,1.09471,1.09471,0
24.11.2023 23:00:00.000,1.09471,1.09471,1.09471,1.09471,0
25.11.2023 00:00:00.000,1.09471,1.09471,1.09471,1.09471,0
25.11.2023 01:00:00.000,1.09471,1.09471,1.09471,1.09471,0
25.11.2023 02:00:00.000,1.09471,1.09471,1.09471,1.09471,0
25.11.2023 03:00:00.000,1.09471,1.09471,1.09471,1.09471,0
25.11.2023 04:00:00.000,1.09471,1.09471,1.09471,1.09471,0
25.11.2023 05:00:00.000,1.09471,1.09471,1.09471,1.09471,0
25.11.2023 06:00:00.000,1.09471,1.09471,1.09471,1.09471,0
25.11.2023 07:00:00.000,1.09471,1.09471,1.09471,1.09471,0
25.11.2023 08:00:00.000,1.09471,1.09471,1.09471,1.09471,0
25.11.2023 09:00:00.000,1.09471,1.09471,1.09471,1.09471,0
25.11.2023 10:00:00.000,1.09471,1.09471,1.09471,1.09471,0
25.11.2023 11:00:00.000,1.09471,1.09471,1.09471,1.09471,0
25.11.2023 12:00:00.000,1.09471,1.09471,1.09471,1.09471,0
25.11.2023 13:00:00.000,1.09471,1.09471,1.09471,1.09471,0
25.11.2023 14:00:00.000,1.09471,1.09471,1.09471,1.09471,0
25.11.2023 15:00:00.000,1.09471,1.09471,1.09471,1.09471,0
25.11.2023 16:00:00.000,1.09471,1.09471,1.09471,1.09471,0
25.11.2023 17:00:00.000,1.09471,1.09471,1.09471,1.09471,0
25.11.2023 18:00:00.000,1.09471,1.09471,1.09471,1.09471,0
25.11.2023 19:00:00.000,1.09471,1.09471,1.09471,1.09471,0
25.11.2023 20:00:00.000,1.09471,1.09471,1.09471,1.09471,0
25.11.2023 21:00:00.000,1.09471,1.09471,1.09471,1.09471,0
25.11.2023 22:00:00.000,1.09471,1.09471,1.09471,1.09471,0
25.11.2023 23:00:00.000,1.09471,1.09471,1.09471,1.09471,0
26.11.2023 00:00:00.000,1.09471,1.09471,1.09471,1.09471,0
26.11.2023 01:00:00.000,1.09471,1.09471,1.09471,1.09471,0
26.11.2023 02:00:00.000,1.09471,1.09471,1.09471,1.09471,0
26.11.2023 03:00:00.000,1.09471,1.09471,1.09471,1.09471,0
26.11.2023 04:00:00.000,1.09471,1.09471,1.09471,1.09471,0
26.11.2023 05:00:00.000,1.09471,1.09471,1.09471,1.09471,0
26.11.2023 06:00:00.000,1.09471,1.09471,1.09471,1.09471,0
26.11.2023 07:00:00.000,1.09471,1.09471,1.09471,1.09471,0
26.11.2023 08:00:00.000,1.09471,1.09471,1.09471,1.09471,0
26.11.2023 09:00:00.000,1.09471,1.09471,1.09471,1.09471,0
26.11.2023 10:00:00.000,1.09471,1.09471,1.09471,1.09471,0
26.11.2023 11:00:00.000,1.09471,1.09471,1.09471,1.09471,0
26.11.2023 12:00:00.000,1.09471,1.09471,1.09471,1.09471,0
26.11.2023 13:00:00.000,1.09471,1.09471,1.09471,1.09471,0
26.11.2023 14:00:00.000,1.09471,1.09471,1.09471,1.09471,0
26.11.2023 15:00:00.000,1.09471,1.09471,1.09471,1.09471,0
26.11.2023 16:00:00.000,1.09471,1.09471,1.09471,1.09471,0
26.11.2023 17:00:00.000,1.09471,1.09471,1.09471,1.09471,0
26.11.2023 18:00:00.000,1.09471,1.09471,1.09471,1.09471,0
26.11.2023 19:00:00.000,1.09471,1.09471,1.09471,1.09471,0
26.11.2023 20:00:00.000,1.09471,1.09471,1.09471,1.09471,0
26.11.2023 21:00:00.000,1.09471,1.09471,1.09471,1.09471,0
26.11.2023 22:00:00.000,1.09465,1.09476,1.09437,1.09467,1095.13
26.11.2023 23:00:00.000,1.09462,1.09478,1.09386,1.09400,3025.25
27.11.2023 00:00:00.000,1.09400,1.09407,1.09287,1.09290,3573.5901
27.11.2023 01:00:00.000,1.09290,1.09499,1.09269,1.09469,12400.5596
27.11.2023 02:00:00.000,1.09469,1.09473,1.09381,1.09432,5111.9902
27.11.2023 03:00:00.000,1.09432,1.09460,1.09395,1.09454,5392.8799
27.11.2023 04:00:00.000,1.09454,1.09499,1.09421,1.09476,4645.6499
27.11.2023 05:00:00.000,1.09474,1.09508,1.09444,1.09497,5836.71
27.11.2023 06:00:00.000,1.09497,1.09564,1.09481,1.09502,5938.8999
27.11.2023 07:00:00.000,1.09503,1.09594,1.09456,1.09477,13735.2402
27.11.2023 08:00:00.000,1.09477,1.09524,1.09394,1.09432,11178.1699
27.11.2023 09:00:00.000,1.09431,1.09526,1.09410,1.09487,11271.5
27.11.2023 10:00:00.000,1.09486,1.09567,1.09457,1.09548,12857.8604
27.11.2023 11:00:00.000,1.09548,1.09558,1.09460,1.09538,8363.6396
27.11.2023 12:00:00.000,1.09539,1.09553,1.09460,1.09499,8819.6504
27.11.2023 13:00:00.000,1.09499,1.09555,1.09437,1.09440,28546.9297
27.11.2023 14:00:00.000,1.09440,1.09451,1.09256,1.09284,19332.8203
27.11.2023 15:00:00.000,1.09283,1.09395,1.09252,1.09329,29696.2598
27.11.2023 16:00:00.000,1.09329,1.09379,1.09280,1.09365,22472.5508
27.11.2023 17:00:00.000,1.09365,1.09385,1.09295,1.09345,8158.29
27.11.2023 18:00:00.000,1.09342,1.09426,1.09323,1.09422,8668.71
27.11.2023 19:00:00.000,1.09423,1.09567,1.09423,1.09564,7733.6499
27.11.2023 20:00:00.000,1.09565,1.09576,1.09508,1.09570,7002.8799
27.11.2023 21:00:00.000,1.09570,1.09572,1.09523,1.09544,3156.49
27.11.2023 22:00:00.000,1.09544,1.09574,1.09518,1.09552,1699.55
27.11.2023 23:00:00.000,1.09552,1.09595,1.09550,1.09594,2508.97
28.11.2023 00:00:00.000,1.09593,1.09618,1.09554,1.09583,4475.9702
28.11.2023 01:00:00.000,1.09584,1.09621,1.09543,1.09580,7697.1499
28.11.2023 02:00:00.000,1.09579,1.09630,1.09537,1.09579,4825.3701
28.11.2023 03:00:00.000,1.09578,1.09594,1.09547,1.09552,4264.7402
28.11.2023 04:00:00.000,1.09553,1.09555,1.09523,1.09526,2831.47
28.11.2023 05:00:00.000,1.09526,1.09535,1.09500,1.09512,2651.3401
28.11.2023 06:00:00.000,1.09511,1.09522,1.09463,1.09471,4054.4399
28.11.2023 07:00:00.000,1.09471,1.09477,1.09346,1.09360,9533.0303
28.11.2023 08:00:00.000,1.09361,1.09502,1.09361,1.09478,14956.25
28.11.2023 09:00:00.000,1.09477,1.09552,1.09471,1.09538,11460.6299
28.11.2023 10:00:00.000,1.09538,1.09569,1.09466,1.09522,9426.46
28.11.2023 11:00:00.000,1.09524,1.09578,1.09489,1.09502,7105.7402
28.11.2023 12:00:00.000,1.09501,1.09626,1.09474,1.09509,10537.7305
28.11.2023 13:00:00.000,1.09510,1.09741,1.09455,1.09726,24319.5195
28.11.2023 14:00:00.000,1.09725,1.09850,1.09644,1.09790,31842.5
28.11.2023 15:00:00.000,1.09790,1.10021,1.09681,1.09811,38630.6797
28.11.2023 16:00:00.000,1.09810,1.10060,1.09777,1.10055,38358.3281
28.11.2023 17:00:00.000,1.10056,1.10091,1.09855,1.09871,20168.7695
28.11.2023 18:00:00.000,1.09872,1.09883,1.09734,1.09813,16113.5303
28.11.2023 19:00:00.000,1.09814,1.09939,1.09814,1.09913,12437.4404
28.11.2023 20:00:00.000,1.09913,1.09913,1.09762,1.09885,11798.8896
28.11.2023 21:00:00.000,1.09882,1.09957,1.09862,1.09933,3250.4099
28.11.2023 22:00:00.000,1.09941,1.09965,1.09925,1.09944,1459.41
28.11.2023 23:00:00.000,1.09948,1.10058,1.09936,1.10042,3983.3999
29.11.2023 00:00:00.000,1.10043,1.10079,1.09978,1.10061,4824.3301
29.11.2023 01:00:00.000,1.10063,1.10174,1.10051,1.10062,11117.0498
29.11.2023 02:00:00.000,1.10063,1.10087,1.09981,1.10067,7815.3799
29.11.2023 03:00:00.000,1.10068,1.10078,1.09985,1.09987,4620.3198
29.11.2023 04:00:00.000,1.09986,1.10036,1.09970,1.10026,4657.1899
29.11.2023 05:00:00.000,1.10025,1.10046,1.09981,1.10022,5306.1499
29.11.2023 06:00:00.000,1.10021,1.10048,1.09965,1.10015,10147.1797
29.11.2023 07:00:00.000,1.10011,1.10011,1.09823,1.09849,14783.5996
29.11.2023 08:00:00.000,1.09847,1.09986,1.09767,1.09901,27986.1895
29.11.2023 09:00:00.000,1.09895,1.09909,1.09719,1.09747,14476.0596
29.11.2023 10:00:00.000,1.09745,1.09781,1.09692,1.09768,14207.5
29.11.2023 11:00:00.000,1.09769,1.09851,1.09715,1.09849,14171.0996
29.11.2023 12:00:00.000,1.09847,1.09889,1.09793,1.09854,14501.7197
29.11.2023 13:00:00.000,1.09855,1.09951,1.09718,1.09729,34402.7891
29.11.2023 14:00:00.000,1.09727,1.09909,1.09646,1.09769,27893.5703
29.11.2023 15:00:00.000,1.09769,1.09911,1.09603,1.09749,34831.5117
29.11.2023 16:00:00.000,1.09748,1.09779,1.09618,1.09685,16604.2793
29.11.2023 17:00:00.000,1.09686,1.09784,1.09661,1.09761,9989.4199
29.11.2023 18:00:00.000,1.09761,1.09857,1.09725,1.09848,7931.9302
29.11.2023 19:00:00.000,1.09846,1.09949,1.09774,1.09833,10257.46
29.11.2023 20:00:00.000,1.09832,1.09841,1.09713,1.09726,7869.21
29.11.2023 21:00:00.000,1.09726,1.09749,1.09687,1.09699,1809.73
29.11.2023 22:00:00.000,1.09704,1.09744,1.09691,1.09721,1617.1801
29.11.2023 23:00:00.000,1.09721,1.09743,1.09707,1.09735,1362.21
30.11.2023 00:00:00.000,1.09734,1.09841,1.09722,1.09828,6268.1899
30.11.2023 01:00:00.000,1.09829,1.09829,1.09687,1.09698,7285.0601
30.11.2023 02:00:00.000,1.09697,1.09781,1.09674,1.09768,7699.5098
30.11.2023 03:00:00.000,1.09768,1.09775,1.09733,1.09745,4765.4902
30.11.2023 04:00:00.000,1.09744,1.09763,1.09685,1.09691,3881.1001
30.11.2023 05:00:00.000,1.09691,1.09732,1.09653,1.09725,4775.9399
30.11.2023 06:00:00.000,1.09724,1.09821,1.09722,1.09789,7723.8799
30.11.2023 07:00:00.000,1.09790,1.09790,1.09406,1.09518,14650.7803
30.11.2023 08:00:00.000,1.09519,1.09595,1.09206,1.09235,21021.3203
30.11.2023 09:00:00.000,1.09234,1.09391,1.09202,1.09252,21765.3398
30.11.2023 10:00:00.000,1.09250,1.09305,1.09098,1.09184,14167.2598
30.11.2023 11:00:00.000,1.09183,1.09195,1.09093,1.09159,11398.0195
30.11.2023 12:00:00.000,1.09158,1.09319,1.09112,1.09257,13930.1104
30.11.2023 13:00:00.000,1.09257,1.09501,1.09142,1.09160,34566.2109
30.11.2023 14:00:00.000,1.09161,1.09228,1.08925,1.09087,42869.1016
30.11.2023 15:00:00.000,1.09088,1.09185,1.08943,1.09111,41059.8398
30.11.2023 16:00:00.000,1.09112,1.09171,1.09017,1.09070,31332.9395
30.11.2023 17:00:00.000,1.09070,1.09124,1.08884,1.08903,11304.9697
30.11.2023 18:00:00.000,1.08903,1.09001,1.08838,1.08895,11478.5098
30.11.2023 19:00:00.000,1.08896,1.08950,1.08850,1.08903,11056.2998
30.11.2023 20:00:00.000,1.08901,1.08922,1.08796,1.08852,9366.8301
30.11.2023 21:00:00.000,1.08851,1.08914,1.08839,1.08890,4977.0098
30.11.2023 22:00:00.000,1.08890,1.08934,1.08861,1.08921,3005.75
30.11.2023 23:00:00.000,1.08919,1.08948,1.08900,1.08919,2641.71
01.12.2023 00:00:00.000,1.08919,1.09033,1.08919,1.09020,6596.6299
01.12.2023 01:00:00.000,1.09018,1.09102,1.09016,1.09071,9427.8896
01.12.2023 02:00:00.000,1.09071,1.09130,1.09066,1.09078,5377.3799
01.12.2023 03:00:00.000,1.09079,1.09096,1.08998,1.09008,5652.8101
01.12.2023 04:00:00.000,1.09007,1.09070,1.08985,1.09070,3299.47
01.12.2023 05:00:00.000,1.09069,1.09125,1.09051,1.09111,7144.0898
01.12.2023 06:00:00.000,1.09110,1.09120,1.09064,1.09090,7229.6401
01.12.2023 07:00:00.000,1.09088,1.09120,1.08947,1.08949,11029.1904
01.12.2023 08:00:00.000,1.08950,1.09031,1.08862,1.08935,21071.2598
01.12.2023 09:00:00.000,1.08930,1.09048,1.08900,1.08980,19988.6602
01.12.2023 10:00:00.000,1.08979,1.09038,1.08855,1.08908,11473.9697
01.12.2023 11:00:00.000,1.08909,1.08975,1.08828,1.08975,10604.7803
01.12.2023 12:00:00.000,1.08975,1.09013,1.08758,1.08768,11241.9199
01.12.2023 13:00:00.000,1.08768,1.08848,1.08666,1.08677,23649.2695
01.12.2023 14:00:00.000,1.08677,1.08704,1.08416,1.08448,24299.6895
01.12.2023 15:00:00.000,1.08448,1.08667,1.08329,1.08379,37864.2617
01.12.2023 16:00:00.000,1.08379,1.08856,1.08290,1.08774,42091.4414
01.12.2023 17:00:00.000,1.08774,1.08845,1.08718,1.08819,22316.1309
01.12.2023 18:00:00.000,1.08819,1.08930,1.08787,1.08892,19031.3691
01.12.2023 19:00:00.000,1.08894,1.08929,1.08703,1.08722,9575.4404
01.12.2023 20:00:00.000,1.08723,1.08800,1.08709,1.08796,7137.02
01.12.2023 21:00:00.000,1.08796,1.08875,1.08780,1.08860,4660.98
01.12.2023 22:00:00.000,1.08860,1.08860,1.08860,1.08860,0
01.12.2023 23:00:00.000,1.08860,1.08860,1.08860,1.08860,0
02.12.2023 00:00:00.000,1.08860,1.08860,1.08860,1.08860,0
02.12.2023 01:00:00.000,1.08860,1.08860,1.08860,1.08860,0
02.12.2023 02:00:00.000,1.08860,1.08860,1.08860,1.08860,0
02.12.2023 03:00:00.000,1.08860,1.08860,1.08860,1.08860,0
02.12.2023 04:00:00.000,1.08860,1.08860,1.08860,1.08860,0
02.12.2023 05:00:00.000,1.08860,1.08860,1.08860,1.08860,0
02.12.2023 06:00:00.000,1.08860,1.08860,1.08860,1.08860,0
02.12.2023 07:00:00.000,1.08860,1.08860,1.08860,1.08860,0
02.12.2023 08:00:00.000,1.08860,1.08860,1.08860,1.08860,0
02.12.2023 09:00:00.000,1.08860,1.08860,1.08860,1.08860,0
02.12.2023 10:00:00.000,1.08860,1.08860,1.08860,1.08860,0
02.12.2023 11:00:00.000,1.08860,1.08860,1.08860,1.08860,0
02.12.2023 12:00:00.000,1.08860,1.08860,1.08860,1.08860,0
02.12.2023 13:00:00.000,1.08860,1.08860,1.08860,1.08860,0
02.12.2023 14:00:00.000,1.08860,1.08860,1.08860,1.08860,0
02.12.2023 15:00:00.000,1.08860,1.08860,1.08860,1.08860,0
02.12.2023 16:00:00.000,1.08860,1.08860,1.08860,1.08860,0
02.12.2023 17:00:00.000,1.08860,1.08860,1.08860,1.08860,0
02.12.2023 18:00:00.000,1.08860,1.08860,1.08860,1.08860,0
02.12.2023 19:00:00.000,1.08860,1.08860,1.08860,1.08860,0
02.12.2023 20:00:00.000,1.08860,1.08860,1.08860,1.08860,0
02.12.2023 21:00:00.000,1.08860,1.08860,1.08860,1.08860,0
02.12.2023 22:00:00.000,1.08860,1.08860,1.08860,1.08860,0
02.12.2023 23:00:00.000,1.08860,1.08860,1.08860,1.08860,0
03.12.2023 00:00:00.000,1.08860,1.08860,1.08860,1.08860,0
03.12.2023 01:00:00.000,1.08860,1.08860,1.08860,1.08860,0
03.12.2023 02:00:00.000,1.08860,1.08860,1.08860,1.08860,0
03.12.2023 03:00:00.000,1.08860,1.08860,1.08860,1.08860,0
03.12.2023 04:00:00.000,1.08860,1.08860,1.08860,1.08860,0
03.12.2023 05:00:00.000,1.08860,1.08860,1.08860,1.08860,0
03.12.2023 06:00:00.000,1.08860,1.08860,1.08860,1.08860,0
03.12.2023 07:00:00.000,1.08860,1.08860,1.08860,1.08860,0
03.12.2023 08:00:00.000,1.08860,1.08860,1.08860,1.08860,0
03.12.2023 09:00:00.000,1.08860,1.08860,1.08860,1.08860,0
03.12.2023 10:00:00.000,1.08860,1.08860,1.08860,1.08860,0
03.12.2023 11:00:00.000,1.08860,1.08860,1.08860,1.08860,0
03.12.2023 12:00:00.000,1.08860,1.08860,1.08860,1.08860,0
03.12.2023 13:00:00.000,1.08860,1.08860,1.08860,1.08860,0
03.12.2023 14:00:00.000,1.08860,1.08860,1.08860,1.08860,0
03.12.2023 15:00:00.000,1.08860,1.08860,1.08860,1.08860,0
03.12.2023 16:00:00.000,1.08860,1.08860,1.08860,1.08860,0
03.12.2023 17:00:00.000,1.08860,1.08860,1.08860,1.08860,0
03.12.2023 18:00:00.000,1.08860,1.08860,1.08860,1.08860,0
03.12.2023 19:00:00.000,1.08860,1.08860,1.08860,1.08860,0
03.12.2023 20:00:00.000,1.08860,1.08860,1.08860,1.08860,0
03.12.2023 21:00:00.000,1.08860,1.08860,1.08860,1.08860,0
03.12.2023 22:00:00.000,1.08826,1.08908,1.08798,1.08861,1146.8199
03.12.2023 23:00:00.000,1.08843,1.08951,1.08811,1.08860,9510.9004
04.12.2023 00:00:00.000,1.08860,1.08870,1.08702,1.08719,9249.7695
04.12.2023 01:00:00.000,1.08717,1.08775,1.08667,1.08734,10064.3203
04.12.2023 02:00:00.000,1.08732,1.08845,1.08703,1.08829,7580.3599
04.12.2023 03:00:00.000,1.08828,1.08862,1.08803,1.08804,8555.5303
04.12.2023 04:00:00.000,1.08804,1.08807,1.08703,1.08716,5090.1602
04.12.2023 05:00:00.000,1.08716,1.08729,1.08686,1.08695,4407.4102
04.12.2023 06:00:00.000,1.08694,1.08767,1.08672,1.08690,7677.29
04.12.2023 07:00:00.000,1.08689,1.08693,1.08500,1.08540,15438.4697
04.12.2023 08:00:00.000,1.08541,1.08733,1.08541,1.08641,19113.1191
04.12.2023 09:00:00.000,1.08641,1.08810,1.08628,1.08748,14220.1201
04.12.2023 10:00:00.000,1.08747,1.08759,1.08590,1.08685,11694.7305
04.12.2023 11:00:00.000,1.08682,1.08789,1.08679,1.08693,8909.4004
04.12.2023 12:00:00.000,1.08691,1.08726,1.08596,1.08692,12760.8701
04.12.2023 13:00:00.000,1.08691,1.08762,1.08535,1.08548,22746.4395
04.12.2023 14:00:00.000,1.08546,1.08554,1.08198,1.08402,36649.6016
04.12.2023 15:00:00.000,1.08400,1.08437,1.08042,1.08149,35058.3789
04.12.2023 16:00:00.000,1.08149,1.08249,1.08119,1.08231,22620.3203
04.12.2023 17:00:00.000,1.08231,1.08270,1.08178,1.08257,11274.9902
04.12.2023 18:00:00.000,1.08258,1.08267,1.08154,1.08169,8519.2803
04.12.2023 19:00:00.000,1.08169,1.08293,1.08161,1.08278,8765.75
04.12.2023 20:00:00.000,1.08277,1.08356,1.08277,1.08341,9691.1104
04.12.2023 21:00:00.000,1.08342,1.08371,1.08334,1.08368,2320.96
04.12.2023 22:00:00.000,1.08361,1.08367,1.08331,1.08357,1425.87
04.12.2023 23:00:00.000,1.08358,1.08379,1.08347,1.08375,1721.05
05.12.2023 00:00:00.000,1.08376,1.08465,1.08365,1.08437,8055.6802
05.12.2023 01:00:00.000,1.08436,1.08446,1.08347,1.08394,7947.0098
05.12.2023 02:00:00.000,1.08395,1.08430,1.08350,1.08367,7634.98
05.12.2023 03:00:00.000,1.08368,1.08433,1.08365,1.08406,6151.7202
05.12.2023 04:00:00.000,1.08405,1.08447,1.08396,1.08443,4506.73
05.12.2023 05:00:00.000,1.08444,1.08476,1.08399,1.08476,5184.5898
05.12.2023 06:00:00.000,1.08475,1.08476,1.08320,1.08343,7819.1802
05.12.2023 07:00:00.000,1.08340,1.08340,1.08043,1.08075,16871.9902
05.12.2023 08:00:00.000,1.08074,1.08346,1.08062,1.08341,24837.9395
05.12.2023 09:00:00.000,1.08340,1.08428,1.08307,1.08322,15826.1396
05.12.2023 10:00:00.000,1.08321,1.08398,1.08297,1.08324,15038.9697
05.12.2023 11:00:00.000,1.08325,1.08367,1.08154,1.08190,11678.2695
05.12.2023 12:00:00.000,1.08189,1.08218,1.08125,1.08144,11661.4404
05.12.2023 13:00:00.000,1.08142,1.08340,1.08138,1.08287,26624.8105
05.12.2023 14:00:00.000,1.08287,1.08304,1.08017,1.08098,31467.1602
05.12.2023 15:00:00.000,1.08103,1.08390,1.07991,1.08059,47616.2695
05.12.2023 16:00:00.000,1.08058,1.08134,1.07822,1.07861,25412.2891
05.12.2023 17:00:00.000,1.07862,1.07976,1.07859,1.07921,16723.8203
05.12.2023 18:00:00.000,1.07921,1.07933,1.07783,1.07850,11220.21
05.12.2023 19:00:00.000,1.07850,1.07866,1.07811,1.07840,12510.7598
05.12.2023 20:00:00.000,1.07840,1.07980,1.07819,1.07952,9566.1104
05.12.2023 21:00:00.000,1.07953,1.07991,1.07937,1.07978,1974.38
05.12.2023 22:00:00.000,1.07978,1.07989,1.07941,1.07979,2257.6899
05.12.2023 23:00:00.000,1.07978,1.07979,1.07909,1.07935,2513.8201
06.12.2023 00:00:00.000,1.07935,1.07968,1.07894,1.07954,5237.52
06.12.2023 01:00:00.000,1.07954,1.07987,1.07881,1.07923,8671.6396
06.12.2023 02:00:00.000,1.07922,1.07937,1.07882,1.07923,5911.5698
06.12.2023 03:00:00.000,1.07923,1.07988,1.07919,1.07969,4265.8101
06.12.2023 04:00:00.000,1.07967,1.07998,1.07937,1.07944,4673.77
06.12.2023 05:00:00.000,1.07944,1.08020,1.07918,1.08013,5644.6201
06.12.2023 06:00:00.000,1.08014,1.08014,1.07879,1.07881,5202.7402
06.12.2023 07:00:00.000,1.07882,1.07934,1.07782,1.07903,17112.6602
06.12.2023 08:00:00.000,1.07900,1.07903,1.07752,1.07868,18753.2402
06.12.2023 09:00:00.000,1.07865,1.07979,1.07861,1.07914,16902.8105
06.12.2023 10:00:00.000,1.07914,1.07962,1.07878,1.07910,13382.3799
06.12.2023 11:00:00.000,1.07910,1.07910,1.07781,1.07800,11236.9404
06.12.2023 12:00:00.000,1.07801,1.07809,1.07727,1.07775,13675.4502
06.12.2023 13:00:00.000,1.07775,1.07998,1.07772,1.07982,36070.0391
06.12.2023 14:00:00.000,1.07982,1.08048,1.07889,1.07950,23926.6504
06.12.2023 15:00:00.000,1.07949,1.08005,1.07856,1.07902,27049.5
06.12.2023 16:00:00.000,1.07902,1.08004,1.07838,1.07894,25488.3496
06.12.2023 17:00:00.000,1.07894,1.07920,1.07810,1.07817,27775.4707
06.12.2023 18:00:00.000,1.07816,1.07844,1.07714,1.07784,10305.5195
06.12.2023 19:00:00.000,1.07783,1.07789,1.07673,1.07685,9420.71
06.12.2023 20:00:00.000,1.07686,1.07697,1.07588,1.07624,8968.8301
06.12.2023 21:00:00.000,1.07622,1.07663,1.07622,1.07647,3018.97
06.12.2023 22:00:00.000,1.07647,1.07730,1.07644,1.07682,938.09
06.12.2023 23:00:00.000,1.07682,1.07682,1.07646,1.07664,2231.48
07.12.2023 00:00:00.000,1.07665,1.07724,1.07658,1.07689,7002.6099
07.12.2023 01:00:00.000,1.07688,1.07714,1.07643,1.07673,8942.7695
07.12.2023 02:00:00.000,1.07673,1.07711,1.07623,1.07651,7609.9199
07.12.2023 03:00:00.000,1.07651,1.07657,1.07596,1.07599,6550.3198
07.12.2023 04:00:00.000,1.07598,1.07628,1.07581,1.07606,5200.3398
07.12.2023 05:00:00.000,1.07606,1.07631,1.07572,1.07619,5834.8398
07.12.2023 06:00:00.000,1.07618,1.07669,1.07589,1.07643,9927.3604
07.12.2023 07:00:00.000,1.07641,1.07814,1.07553,1.07811,21785.4004
07.12.2023 08:00:00.000,1.07811,1.07830,1.07721,1.07804,19633.0801
07.12.2023 09:00:00.000,1.07803,1.07847,1.07720,1.07800,15908.0303
07.12.2023 10:00:00.000,1.07801,1.07835,1.07641,1.07715,20176.2891
07.12.2023 11:00:00.000,1.07714,1.07775,1.07638,1.07709,17323.4395
07.12.2023 12:00:00.000,1.07709,1.07743,1.07595,1.07694,16834.4707
07.12.2023 13:00:00.000,1.07693,1.07981,1.07620,1.07904,40949.2109
07.12.2023 14:00:00.000,1.07904,1.07920,1.07704,1.07704,34125.3008
07.12.2023 15:00:00.000,1.07703,1.07937,1.07673,1.07841,31484.8301
07.12.2023 16:00:00.000,1.07842,1.07959,1.07842,1.07940,30002.6504
07.12.2023 17:00:00.000,1.07939,1.08178,1.07893,1.08139,21872.1309
07.12.2023 18:00:00.000,1.08139,1.08139,1.08028,1.08056,8835.6797
07.12.2023 19:00:00.000,1.08054,1.08063,1.07983,1.07984,7587.73
07.12.2023 20:00:00.000,1.07985,1.08039,1.07955,1.07955,5855.0298
07.12.2023 21:00:00.000,1.07954,1.07965,1.07908,1.07945,3266.71
07.12.2023 22:00:00.000,1.07951,1.07992,1.07927,1.07945,4752
07.12.2023 23:00:00.000,1.07947,1.07972,1.07897,1.07899,3176.3401
08.12.2023 00:00:00.000,1.07899,1.07981,1.07886,1.07962,12313.3896
08.12.2023 01:00:00.000,1.07962,1.08009,1.07854,1.07883,15170.6299
08.12.2023 02:00:00.000,1.07882,1.07902,1.07840,1.07897,9434.2598
08.12.2023 03:00:00.000,1.07897,1.07959,1.07881,1.07921,9845.79
08.12.2023 04:00:00.000,1.07921,1.07922,1.07829,1.07832,6038.48
08.12.2023 05:00:00.000,1.07832,1.07894,1.07824,1.07841,9478.1699
08.12.2023 06:00:00.000,1.07838,1.07875,1.07793,1.07796,8828.25
08.12.2023 07:00:00.000,1.07798,1.07826,1.07732,1.07793,16790.9199
08.12.2023 08:00:00.000,1.07794,1.07915,1.07771,1.07896,24028.0703
08.12.2023 09:00:00.000,1.07895,1.07895,1.07725,1.07771,16310.25
08.12.2023 10:00:00.000,1.07770,1.07901,1.07754,1.07842,13979.4199
08.12.2023 11:00:00.000,1.07841,1.07876,1.07782,1.07830,15688.6797
08.12.2023 12:00:00.000,1.07829,1.07861,1.07753,1.07775,12035.8604
08.12.2023 13:00:00.000,1.07774,1.07799,1.07240,1.07470,40696.3906
08.12.2023 14:00:00.000,1.07471,1.07534,1.07307,1.07468,43988.1406
08.12.2023 15:00:00.000,1.07468,1.07860,1.07468,1.07684,36421.1992
08.12.2023 16:00:00.000,1.07685,1.07705,1.07439,1.07449,24962.4004
08.12.2023 17:00:00.000,1.07450,1.07579,1.07404,1.07562,15605.2197
08.12.2023 18:00:00.000,1.07563,1.07625,1.07530,1.07573,16948.3496
08.12.2023 19:00:00.000,1.07574,1.07619,1.07567,1.07588,8627.7695
08.12.2023 20:00:00.000,1.07589,1.07666,1.07572,1.07638,5943.1602
08.12.2023 21:00:00.000,1.07639,1.07678,1.07600,1.07678,4913.0498
08.12.2023 22:00:00.000,1.07678,1.07678,1.07678,1.07678,0
08.12.2023 23:00:00.000,1.07678,1.07678,1.07678,1.07678,0
09.12.2023 00:00:00.000,1.07678,1.07678,1.07678,1.07678,0
09.12.2023 01:00:00.000,1.07678,1.07678,1.07678,1.07678,0
09.12.2023 02:00:00.000,1.07678,1.07678,1.07678,1.07678,0
09.12.2023 03:00:00.000,1.07678,1.07678,1.07678,1.07678,0
09.12.2023 04:00:00.000,1.07678,1.07678,1.07678,1.07678,0
09.12.2023 05:00:00.000,1.07678,1.07678,1.07678,1.07678,0
09.12.2023 06:00:00.000,1.07678,1.07678,1.07678,1.07678,0
09.12.2023 07:00:00.000,1.07678,1.07678,1.07678,1.07678,0
09.12.2023 08:00:00.000,1.07678,1.07678,1.07678,1.07678,0
09.12.2023 09:00:00.000,1.07678,1.07678,1.07678,1.07678,0
09.12.2023 10:00:00.000,1.07678,1.07678,1.07678,1.07678,0
09.12.2023 11:00:00.000,1.07678,1.07678,1.07678,1.07678,0
09.12.2023 12:00:00.000,1.07678,1.07678,1.07678,1.07678,0
09.12.2023 13:00:00.000,1.07678,1.07678,1.07678,1.07678,0
09.12.2023 14:00:00.000,1.07678,1.07678,1.07678,1.07678,0
09.12.2023 15:00:00.000,1.07678,1.07678,1.07678,1.07678,0
09.12.2023 16:00:00.000,1.07678,1.07678,1.07678,1.07678,0
09.12.2023 17:00:00.000,1.07678,1.07678,1.07678,1.07678,0
09.12.2023 18:00:00.000,1.07678,1.07678,1.07678,1.07678,0
09.12.2023 19:00:00.000,1.07678,1.07678,1.07678,1.07678,0
09.12.2023 20:00:00.000,1.07678,1.07678,1.07678,1.07678,0
09.12.2023 21:00:00.000,1.07678,1.07678,1.07678,1.07678,0
09.12.2023 22:00:00.000,1.07678,1.07678,1.07678,1.07678,0
09.12.2023 23:00:00.000,1.07678,1.07678,1.07678,1.07678,0
10.12.2023 00:00:00.000,1.07678,1.07678,1.07678,1.07678,0
10.12.2023 01:00:00.000,1.07678,1.07678,1.07678,1.07678,0
10.12.2023 02:00:00.000,1.07678,1.07678,1.07678,1.07678,0
10.12.2023 03:00:00.000,1.07678,1.07678,1.07678,1.07678,0
10.12.2023 04:00:00.000,1.07678,1.07678,1.07678,1.07678,0
10.12.2023 05:00:00.000,1.07678,1.07678,1.07678,1.07678,0
10.12.2023 06:00:00.000,1.07678,1.07678,1.07678,1.07678,0
10.12.2023 07:00:00.000,1.07678,1.07678,1.07678,1.07678,0
10.12.2023 08:00:00.000,1.07678,1.07678,1.07678,1.07678,0
10.12.2023 09:00:00.000,1.07678,1.07678,1.07678,1.07678,0
10.12.2023 10:00:00.000,1.07678,1.07678,1.07678,1.07678,0
10.12.2023 11:00:00.000,1.07678,1.07678,1.07678,1.07678,0
10.12.2023 12:00:00.000,1.07678,1.07678,1.07678,1.07678,0
10.12.2023 13:00:00.000,1.07678,1.07678,1.07678,1.07678,0
10.12.2023 14:00:00.000,1.07678,1.07678,1.07678,1.07678,0
10.12.2023 15:00:00.000,1.07678,1.07678,1.07678,1.07678,0
10.12.2023 16:00:00.000,1.07678,1.07678,1.07678,1.07678,0
10.12.2023 17:00:00.000,1.07678,1.07678,1.07678,1.07678,0
10.12.2023 18:00:00.000,1.07678,1.07678,1.07678,1.07678,0
10.12.2023 19:00:00.000,1.07678,1.07678,1.07678,1.07678,0
10.12.2023 20:00:00.000,1.07678,1.07678,1.07678,1.07678,0
10.12.2023 21:00:00.000,1.07678,1.07678,1.07678,1.07678,0
10.12.2023 22:00:00.000,1.07630,1.07645,1.07595,1.07619,340.46
10.12.2023 23:00:00.000,1.07620,1.07683,1.07620,1.07655,2202.6399
11.12.2023 00:00:00.000,1.07655,1.07738,1.07653,1.07722,11751.6299
11.12.2023 01:00:00.000,1.07723,1.07740,1.07675,1.07677,10443.6396
11.12.2023 02:00:00.000,1.07677,1.07682,1.07641,1.07662,5828.1299
11.12.2023 03:00:00.000,1.07663,1.07680,1.07638,1.07651,4806.7002
11.12.2023 04:00:00.000,1.07651,1.07651,1.07611,1.07633,3289.3701
11.12.2023 05:00:00.000,1.07633,1.07684,1.07623,1.07682,3268.96
11.12.2023 06:00:00.000,1.07681,1.07710,1.07667,1.07696,3533.97
11.12.2023 07:00:00.000,1.07697,1.07697,1.07532,1.07561,13796.5898
11.12.2023 08:00:00.000,1.07560,1.07709,1.07515,1.07653,18070.5703
11.12.2023 09:00:00.000,1.07653,1.07682,1.07577,1.07671,14201.1797
11.12.2023 10:00:00.000,1.07670,1.07791,1.07669,1.07736,11397.4004
11.12.2023 11:00:00.000,1.07736,1.07781,1.07637,1.07683,13834.8604
11.12.2023 12:00:00.000,1.07683,1.07706,1.07556,1.07614,10436.5
11.12.2023 13:00:00.000,1.07612,1.07669,1.07525,1.07637,17162.9102
11.12.2023 14:00:00.000,1.07638,1.07638,1.07441,1.07532,23428.3398
11.12.2023 15:00:00.000,1.07531,1.07602,1.07418,1.07443,18979.3906
11.12.2023 16:00:00.000,1.07443,1.07498,1.07418,1.07462,18302.9004
11.12.2023 17:00:00.000,1.07461,1.07552,1.07434,1.07443,8608.6904
11.12.2023 18:00:00.000,1.07442,1.07653,1.07427,1.07636,11912.2402
11.12.2023 19:00:00.000,1.07637,1.07699,1.07610,1.07615,7513.3501
11.12.2023 20:00:00.000,1.07614,1.07651,1.07608,1.07649,4443.8701
11.12.2023 21:00:00.000,1.07646,1.07654,1.07638,1.07653,3104.46
11.12.2023 22:00:00.000,1.07654,1.07656,1.07596,1.07645,2040.0699
11.12.2023 23:00:00.000,1.07645,1.07657,1.07638,1.07656,913.66
12.12.2023 00:00:00.000,1.07655,1.07662,1.07635,1.07650,4983.04
12.12.2023 01:00:00.000,1.07652,1.07698,1.07643,1.07650,7132.8999
12.12.2023 02:00:00.000,1.07649,1.07705,1.07617,1.07620,5195.5698
12.12.2023 03:00:00.000,1.07620,1.07695,1.07614,1.07684,5141.0698
12.12.2023 04:00:00.000,1.07685,1.07696,1.07643,1.07653,2714.8501
12.12.2023 05:00:00.000,1.07655,1.07710,1.07655,1.07692,4262.6401
12.12.2023 06:00:00.000,1.07694,1.07801,1.07687,1.07795,6458.0601
12.12.2023 07:00:00.000,1.07795,1.07834,1.07741,1.07781,11442.5
12.12.2023 08:00:00.000,1.07778,1.07923,1.07733,1.07854,15053.54
12.12.2023 09:00:00.000,1.07853,1.07978,1.07807,1.07937,12472.6504
12.12.2023 10:00:00.000,1.07937,1.08075,1.07929,1.08013,13289.0098
12.12.2023 11:00:00.000,1.08013,1.08018,1.07923,1.07966,10680.4102
12.12.2023 12:00:00.000,1.07965,1.08061,1.07957,1.07983,11389.3701
12.12.2023 13:00:00.000,1.07982,1.08286,1.07738,1.07768,44547.8281
12.12.2023 14:00:00.000,1.07766,1.08004,1.07673,1.07745,41740.6094
12.12.2023 15:00:00.000,1.07743,1.07900,1.07695,1.07844,24686.1406
12.12.2023 16:00:00.000,1.07847,1.07934,1.07813,1.07891,19299
12.12.2023 17:00:00.000,1.07891,1.07959,1.07841,1.07883,12665.3398
12.12.2023 18:00:00.000,1.07883,1.07988,1.07869,1.07933,11211.96
12.12.2023 19:00:00.000,1.07934,1.07938,1.07876,1.07904,6413.9302
12.12.2023 20:00:00.000,1.07903,1.07985,1.07893,1.07974,5579.6602
12.12.2023 21:00:00.000,1.07973,1.07994,1.07941,1.07948,3511.1399
12.12.2023 22:00:00.000,1.07955,1.07975,1.07940,1.07969,1519.38
12.12.2023 23:00:00.000,1.07968,1.07995,1.07956,1.07985,2476.1299
13.12.2023 00:00:00.000,1.07985,1.08000,1.07915,1.07942,5708.2002
13.12.2023 01:00:00.000,1.07941,1.07963,1.07915,1.07936,4956.23
13.12.2023 02:00:00.000,1.07935,1.07940,1.07843,1.07876,5470.9302
13.12.2023 03:00:00.000,1.07877,1.07887,1.07846,1.07876,4945.5
13.12.2023 04:00:00.000,1.07876,1.07899,1.07860,1.07865,4266.1602
13.12.2023 05:00:00.000,1.07866,1.07913,1.07866,1.07903,3895.75
13.12.2023 06:00:00.000,1.07902,1.07924,1.07811,1.07840,8104.7402
13.12.2023 07:00:00.000,1.07842,1.07890,1.07804,1.07855,10715.4297
13.12.2023 08:00:00.000,1.07855,1.07930,1.07830,1.07896,16078.2598
13.12.2023 09:00:00.000,1.07896,1.07920,1.07808,1.07876,13503.5996
13.12.2023 10:00:00.000,1.07875,1.07876,1.07733,1.07779,11956.3496
13.12.2023 11:00:00.000,1.07779,1.07852,1.07739,1.07838,11833.0703
13.12.2023 12:00:00.000,1.07839,1.07898,1.07812,1.07820,10318.0996
13.12.2023 13:00:00.000,1.07821,1.08038,1.07821,1.08006,24698.3691
13.12.2023 14:00:00.000,1.08006,1.08095,1.07828,1.07912,24917.0098
13.12.2023 15:00:00.000,1.07910,1.07959,1.07846,1.07947,17640.1406
13.12.2023 16:00:00.000,1.07948,1.07969,1.07859,1.07921,12084.0996
13.12.2023 17:00:00.000,1.07921,1.07940,1.07832,1.07843,9297.6797
13.12.2023 18:00:00.000,1.07842,1.07899,1.07802,1.07870,8521.75
13.12.2023 19:00:00.000,1.07872,1.08918,1.07853,1.08881,66081.6875
13.12.2023 20:00:00.000,1.08883,1.08967,1.08650,1.08815,30466.0605
13.12.2023 21:00:00.000,1.08814,1.08842,1.08737,1.08753,8363.04
13.12.2023 22:00:00.000,1.08754,1.08839,1.08740,1.08781,3385.6101
13.12.2023 23:00:00.000,1.08783,1.08853,1.08758,1.08827,6596.48
14.12.2023 00:00:00.000,1.08828,1.08954,1.08793,1.08934,14529.7197
14.12.2023 01:00:00.000,1.08934,1.08984,1.08856,1.08966,12241.1797
14.12.2023 02:00:00.000,1.08968,1.09052,1.08933,1.09046,10612.7803
14.12.2023 03:00:00.000,1.09047,1.09155,1.09046,1.09061,11136.8896
14.12.2023 04:00:00.000,1.09062,1.09099,1.08994,1.08996,9608.8301
14.12.2023 05:00:00.000,1.08997,1.09003,1.08932,1.08942,11875.1699
14.12.2023 06:00:00.000,1.08943,1.09033,1.08943,1.09017,13643.9805
14.12.2023 07:00:00.000,1.09018,1.09080,1.08811,1.08813,24001.9199
14.12.2023 08:00:00.000,1.08815,1.09052,1.08801,1.09020,31042.2793
14.12.2023 09:00:00.000,1.09020,1.09131,1.09003,1.09043,26417.8594
14.12.2023 10:00:00.000,1.09042,1.09143,1.08983,1.09134,20907.7109
14.12.2023 11:00:00.000,1.09135,1.09322,1.09133,1.09298,18164.7207
14.12.2023 12:00:00.000,1.09297,1.09399,1.09233,1.09239,23652.4805
14.12.2023 13:00:00.000,1.09242,1.09516,1.09066,1.09440,48370.8984
14.12.2023 14:00:00.000,1.09440,1.09927,1.09362,1.09910,48405.0195
14.12.2023 15:00:00.000,1.09911,1.09973,1.09683,1.09936,38747.4688
14.12.2023 16:00:00.000,1.09938,1.10033,1.09908,1.09963,26249.3398
14.12.2023 17:00:00.000,1.09965,1.10093,1.09893,1.10051,16682.1094
14.12.2023 18:00:00.000,1.10052,1.10062,1.09824,1.09829,13122.9297
14.12.2023 19:00:00.000,1.09829,1.09955,1.09797,1.09923,12383.5996
14.12.2023 20:00:00.000,1.09923,1.09970,1.09883,1.09930,9110.79
14.12.2023 21:00:00.000,1.09929,1.09947,1.09884,1.09947,5825.3301
14.12.2023 22:00:00.000,1.09953,1.09970,1.09918,1.09937,1943.34
14.12.2023 23:00:00.000,1.09937,1.09967,1.09901,1.09936,3004.1899
15.12.2023 00:00:00.000,1.09936,1.09944,1.09770,1.09832,7808.25
15.12.2023 01:00:00.000,1.09832,1.09897,1.09819,1.09848,7397.8701
15.12.2023 02:00:00.000,1.09849,1.09987,1.09848,1.09975,7439.8999
15.12.2023 03:00:00.000,1.09975,1.10009,1.09939,1.09991,7667.04
15.12.2023 04:00:00.000,1.09993,1.10039,1.09970,1.09983,7501.7998
15.12.2023 05:00:00.000,1.09982,1.09984,1.09839,1.09846,8351.75
15.12.2023 06:00:00.000,1.09846,1.09881,1.09809,1.09875,8877.25
15.12.2023 07:00:00.000,1.09875,1.09955,1.09832,1.09941,13084.4199
15.12.2023 08:00:00.000,1.09940,1.09994,1.09465,1.09565,33697.7383
15.12.2023 09:00:00.000,1.09563,1.09678,1.09493,1.09606,23277.4902
15.12.2023 10:00:00.000,1.09606,1.09678,1.09567,1.09646,20195.5898
15.12.2023 11:00:00.000,1.09644,1.09695,1.09569,1.09686,14436.4102
15.12.2023 12:00:00.000,1.09686,1.09696,1.09409,1.09434,13040.8398
15.12.2023 13:00:00.000,1.09435,1.09485,1.09043,1.09166,36317.0586
15.12.2023 14:00:00.000,1.09167,1.09286,1.09107,1.09200,49784.4219
15.12.2023 15:00:00.000,1.09200,1.09238,1.09051,1.09158,33993.5703
15.12.2023 16:00:00.000,1.09159,1.09168,1.09017,1.09055,22410.1699
15.12.2023 17:00:00.000,1.09056,1.09167,1.09044,1.09105,15477.2695
15.12.2023 18:00:00.000,1.09104,1.09109,1.08886,1.08939,22368.9902
15.12.2023 19:00:00.000,1.08938,1.08998,1.08901,1.08997,10776.7803
15.12.2023 20:00:00.000,1.08998,1.09095,1.08943,1.08943,11278.3096
15.12.2023 21:00:00.000,1.08943,1.08967,1.08924,1.08961,11660.8203
15.12.2023 22:00:00.000,1.08961,1.08961,1.08961,1.08961,0
15.12.2023 23:00:00.000,1.08961,1.08961,1.08961,1.08961,0
16.12.2023 00:00:00.000,1.08961,1.08961,1.08961,1.08961,0
16.12.2023 01:00:00.000,1.08961,1.08961,1.08961,1.08961,0
16.12.2023 02:00:00.000,1.08961,1.08961,1.08961,1.08961,0
16.12.2023 03:00:00.000,1.08961,1.08961,1.08961,1.08961,0
16.12.2023 04:00:00.000,1.08961,1.08961,1.08961,1.08961,0
16.12.2023 05:00:00.000,1.08961,1.08961,1.08961,1.08961,0
16.12.2023 06:00:00.000,1.08961,1.08961,1.08961,1.08961,0
16.12.2023 07:00:00.000,1.08961,1.08961,1.08961,1.08961,0
16.12.2023 08:00:00.000,1.08961,1.08961,1.08961,1.08961,0
16.12.2023 09:00:00.000,1.08961,1.08961,1.08961,1.08961,0
16.12.2023 10:00:00.000,1.08961,1.08961,1.08961,1.08961,0
16.12.2023 11:00:00.000,1.08961,1.08961,1.08961,1.08961,0
16.12.2023 12:00:00.000,1.08961,1.08961,1.08961,1.08961,0
16.12.2023 13:00:00.000,1.08961,1.08961,1.08961,1.08961,0
16.12.2023 14:00:00.000,1.08961,1.08961,1.08961,1.08961,0
16.12.2023 15:00:00.000,1.08961,1.08961,1.08961,1.08961,0
16.12.2023 16:00:00.000,1.08961,1.08961,1.08961,1.08961,0
16.12.2023 17:00:00.000,1.08961,1.08961,1.08961,1.08961,0
16.12.2023 18:00:00.000,1.08961,1.08961,1.08961,1.08961,0
16.12.2023 19:00:00.000,1.08961,1.08961,1.08961,1.08961,0
16.12.2023 20:00:00.000,1.08961,1.08961,1.08961,1.08961,0
16.12.2023 21:00:00.000,1.08961,1.08961,1.08961,1.08961,0
16.12.2023 22:00:00.000,1.08961,1.08961,1.08961,1.08961,0
16.12.2023 23:00:00.000,1.08961,1.08961,1.08961,1.08961,0
17.12.2023 00:00:00.000,1.08961,1.08961,1.08961,1.08961,0
17.12.2023 01:00:00.000,1.08961,1.08961,1.08961,1.08961,0
17.12.2023 02:00:00.000,1.08961,1.08961,1.08961,1.08961,0
17.12.2023 03:00:00.000,1.08961,1.08961,1.08961,1.08961,0
17.12.2023 04:00:00.000,1.08961,1.08961,1.08961,1.08961,0
17.12.2023 05:00:00.000,1.08961,1.08961,1.08961,1.08961,0
17.12.2023 06:00:00.000,1.08961,1.08961,1.08961,1.08961,0
17.12.2023 07:00:00.000,1.08961,1.08961,1.08961,1.08961,0
17.12.2023 08:00:00.000,1.08961,1.08961,1.08961,1.08961,0
17.12.2023 09:00:00.000,1.08961,1.08961,1.08961,1.08961,0
17.12.2023 10:00:00.000,1.08961,1.08961,1.08961,1.08961,0
17.12.2023 11:00:00.000,1.08961,1.08961,1.08961,1.08961,0
17.12.2023 12:00:00.000,1.08961,1.08961,1.08961,1.08961,0
17.12.2023 13:00:00.000,1.08961,1.08961,1.08961,1.08961,0
17.12.2023 14:00:00.000,1.08961,1.08961,1.08961,1.08961,0
17.12.2023 15:00:00.000,1.08961,1.08961,1.08961,1.08961,0
17.12.2023 16:00:00.000,1.08961,1.08961,1.08961,1.08961,0
17.12.2023 17:00:00.000,1.08961,1.08961,1.08961,1.08961,0
17.12.2023 18:00:00.000,1.08961,1.08961,1.08961,1.08961,0
17.12.2023 19:00:00.000,1.08961,1.08961,1.08961,1.08961,0
17.12.2023 20:00:00.000,1.08961,1.08961,1.08961,1.08961,0
17.12.2023 21:00:00.000,1.08961,1.08961,1.08961,1.08961,0
17.12.2023 22:00:00.000,1.09016,1.09025,1.08963,1.08971,897.73
17.12.2023 23:00:00.000,1.08971,1.08977,1.08923,1.08951,2431.55
18.12.2023 00:00:00.000,1.08950,1.09015,1.08941,1.09007,6592.6001
18.12.2023 01:00:00.000,1.09007,1.09009,1.08947,1.08976,6892.02
18.12.2023 02:00:00.000,1.08976,1.09054,1.08976,1.09041,8646.3398
18.12.2023 03:00:00.000,1.09040,1.09138,1.09031,1.09111,6229.7798
18.12.2023 04:00:00.000,1.09110,1.09133,1.09092,1.09131,4451.8599
18.12.2023 05:00:00.000,1.09131,1.09160,1.09109,1.09156,6791.98
18.12.2023 06:00:00.000,1.09157,1.09203,1.09119,1.09187,6805.9502
18.12.2023 07:00:00.000,1.09186,1.09301,1.09163,1.09218,13601.0195
18.12.2023 08:00:00.000,1.09218,1.09238,1.09161,1.09184,16914.4297
18.12.2023 09:00:00.000,1.09182,1.09283,1.09139,1.09199,14595.2197
18.12.2023 10:00:00.000,1.09199,1.09210,1.09084,1.09106,14995.2998
18.12.2023 11:00:00.000,1.09106,1.09137,1.09073,1.09130,14445.4902
18.12.2023 12:00:00.000,1.09130,1.09178,1.09093,1.09139,17957.2598
18.12.2023 13:00:00.000,1.09138,1.09294,1.09138,1.09214,24727.3594
18.12.2023 14:00:00.000,1.09215,1.09311,1.09208,1.09293,22566.8105
18.12.2023 15:00:00.000,1.09294,1.09314,1.09111,1.09142,21300.7109
18.12.2023 16:00:00.000,1.09143,1.09249,1.09134,1.09191,19109.8301
18.12.2023 17:00:00.000,1.09191,1.09280,1.09185,1.09277,9127.9502
18.12.2023 18:00:00.000,1.09277,1.09281,1.09202,1.09233,8464.5703
18.12.2023 19:00:00.000,1.09234,1.09234,1.09133,1.09169,6539.9902
18.12.2023 20:00:00.000,1.09169,1.09198,1.09138,1.09196,5524.75
18.12.2023 21:00:00.000,1.09197,1.09245,1.09177,1.09242,3774.3899
18.12.2023 22:00:00.000,1.09243,1.09251,1.09199,1.09234,2085.73
18.12.2023 23:00:00.000,1.09229,1.09255,1.09203,1.09235,3799.22
19.12.2023 00:00:00.000,1.09236,1.09250,1.09180,1.09205,7929.1899
19.12.2023 01:00:00.000,1.09205,1.09262,1.09178,1.09188,7593.4199
19.12.2023 02:00:00.000,1.09188,1.09232,1.09150,1.09218,8887.0996
19.12.2023 03:00:00.000,1.09218,1.09293,1.09205,1.09256,11517.5
19.12.2023 04:00:00.000,1.09257,1.09272,1.09203,1.09232,5533.6001
19.12.2023 05:00:00.000,1.09231,1.09286,1.09212,1.09281,6477.6299
19.12.2023 06:00:00.000,1.09278,1.09311,1.09232,1.09277,13079.0098
19.12.2023 07:00:00.000,1.09278,1.09414,1.09241,1.09287,18518.4492
19.12.2023 08:00:00.000,1.09287,1.09425,1.09275,1.09410,24558.9297
19.12.2023 09:00:00.000,1.09409,1.09495,1.09392,1.09415,11424.2998
19.12.2023 10:00:00.000,1.09416,1.09455,1.09363,1.09383,10656.46
19.12.2023 11:00:00.000,1.09382,1.09399,1.09307,1.09375,11484.5801
19.12.2023 12:00:00.000,1.09374,1.09709,1.09374,1.09689,13582.9404
19.12.2023 13:00:00.000,1.09687,1.09740,1.09538,1.09622,21180.4609
19.12.2023 14:00:00.000,1.09623,1.09843,1.09593,1.09794,25704.3398
19.12.2023 15:00:00.000,1.09795,1.09876,1.09695,1.09860,34223.5313
19.12.2023 16:00:00.000,1.09859,1.09863,1.09725,1.09771,19399.2793
19.12.2023 17:00:00.000,1.09770,1.09795,1.09728,1.09751,16503.5195
19.12.2023 18:00:00.000,1.09750,1.09765,1.09696,1.09751,8328.4502
19.12.2023 19:00:00.000,1.09752,1.09782,1.09725,1.09763,8501.9297
19.12.2023 20:00:00.000,1.09764,1.09787,1.09723,1.09785,7172.4102
19.12.2023 21:00:00.000,1.09785,1.09817,1.09766,1.09817,5177.7998
19.12.2023 22:00:00.000,1.09817,1.09849,1.09796,1.09837,1063.2
19.12.2023 23:00:00.000,1.09836,1.09838,1.09780,1.09795,2468.75
20.12.2023 00:00:00.000,1.09796,1.09796,1.09718,1.09733,6666.0801
20.12.2023 01:00:00.000,1.09732,1.09745,1.09680,1.09699,8586.8896
20.12.2023 02:00:00.000,1.09700,1.09730,1.09674,1.09704,6277.7202
20.12.2023 03:00:00.000,1.09705,1.09716,1.09681,1.09700,6568.9502
20.12.2023 04:00:00.000,1.09701,1.09711,1.09660,1.09687,5223.3301
20.12.2023 05:00:00.000,1.09689,1.09696,1.09646,1.09650,5604.79
20.12.2023 06:00:00.000,1.09651,1.09652,1.09557,1.09592,6618.25
20.12.2023 07:00:00.000,1.09593,1.09706,1.09510,1.09670,20409.5098
20.12.2023 08:00:00.000,1.09666,1.09715,1.09583,1.09611,20605
20.12.2023 09:00:00.000,1.09610,1.09656,1.09532,1.09646,17834.6992
20.12.2023 10:00:00.000,1.09645,1.09654,1.09472,1.09528,13202.5596
20.12.2023 11:00:00.000,1.09526,1.09562,1.09358,1.09377,11887.8896
20.12.2023 12:00:00.000,1.09377,1.09422,1.09342,1.09371,13352.0098
20.12.2023 13:00:00.000,1.09368,1.09632,1.09362,1.09608,20073.1895
20.12.2023 14:00:00.000,1.09609,1.09724,1.09594,1.09708,21051.4297
20.12.2023 15:00:00.000,1.09709,1.09750,1.09536,1.09741,26144.3105
20.12.2023 16:00:00.000,1.09740,1.09758,1.09549,1.09565,16313.1201
20.12.2023 17:00:00.000,1.09566,1.09608,1.09498,1.09580,12838.3896
20.12.2023 18:00:00.000,1.09580,1.09638,1.09552,1.09600,10496.8096
20.12.2023 19:00:00.000,1.09600,1.09608,1.09428,1.09467,16127.4697
20.12.2023 20:00:00.000,1.09466,1.09490,1.09313,1.09318,17891.9902
20.12.2023 21:00:00.000,1.09316,1.09444,1.09299,1.09427,5452.7998
20.12.2023 22:00:00.000,1.09435,1.09460,1.09383,1.09437,3498.3201
20.12.2023 23:00:00.000,1.09438,1.09463,1.09429,1.09434,2644.54
21.12.2023 00:00:00.000,1.09435,1.09503,1.09413,1.09499,7660.52
21.12.2023 01:00:00.000,1.09501,1.09537,1.09484,1.09526,8224.5303
21.12.2023 02:00:00.000,1.09523,1.09545,1.09455,1.09497,6052.1899
21.12.2023 03:00:00.000,1.09496,1.09500,1.09467,1.09492,4099.6001
21.12.2023 04:00:00.000,1.09491,1.09504,1.09475,1.09494,6239.8599
21.12.2023 05:00:00.000,1.09495,1.09561,1.09489,1.09547,5819.77
21.12.2023 06:00:00.000,1.09546,1.09547,1.09432,1.09450,6835.23
21.12.2023 07:00:00.000,1.09451,1.09504,1.09427,1.09471,12008.5898
21.12.2023 08:00:00.000,1.09472,1.09550,1.09393,1.09399,16385.3398
21.12.2023 09:00:00.000,1.09400,1.09468,1.09354,1.09440,13200.2305
21.12.2023 10:00:00.000,1.09441,1.09564,1.09402,1.09541,14562.8799
21.12.2023 11:00:00.000,1.09541,1.09850,1.09537,1.09801,15059.8301
21.12.2023 12:00:00.000,1.09801,1.09870,1.09770,1.09808,11209.0303
21.12.2023 13:00:00.000,1.09806,1.10025,1.09728,1.09912,32871.8516
21.12.2023 14:00:00.000,1.09913,1.10015,1.09824,1.09925,32878.2109
21.12.2023 15:00:00.000,1.09926,1.09950,1.09756,1.09899,39110.1094
21.12.2023 16:00:00.000,1.09899,1.09948,1.09795,1.09897,26045.6699
21.12.2023 17:00:00.000,1.09898,1.09913,1.09782,1.09862,23412.4609
21.12.2023 18:00:00.000,1.09862,1.09914,1.09787,1.09899,18084.7109
21.12.2023 19:00:00.000,1.09900,1.10012,1.09886,1.09994,14314.6602
21.12.2023 20:00:00.000,1.09994,1.10034,1.09929,1.10031,15042.2695
21.12.2023 21:00:00.000,1.10032,1.10128,1.10028,1.10115,6846.3501
21.12.2023 22:00:00.000,1.10119,1.10134,1.10052,1.10096,4210.5601
21.12.2023 23:00:00.000,1.10096,1.10129,1.10059,1.10060,4440.5698
22.12.2023 00:00:00.000,1.10060,1.10099,1.10031,1.10049,6212.7002
22.12.2023 01:00:00.000,1.10050,1.10067,1.09974,1.09981,8042.6401
22.12.2023 02:00:00.000,1.09982,1.10008,1.09957,1.10004,6357.0898
22.12.2023 03:00:00.000,1.10003,1.10052,1.09960,1.09980,7570.2402
22.12.2023 04:00:00.000,1.09981,1.10035,1.09981,1.10007,8934.5596
22.12.2023 05:00:00.000,1.10007,1.10007,1.09960,1.09970,8513.96
22.12.2023 06:00:00.000,1.09971,1.10005,1.09941,1.09941,5202.48
22.12.2023 07:00:00.000,1.09943,1.10079,1.09941,1.10006,15629
22.12.2023 08:00:00.000,1.10005,1.10121,1.09995,1.10074,22111.8691
22.12.2023 09:00:00.000,1.10075,1.10137,1.10026,1.10046,20094.5293
22.12.2023 10:00:00.000,1.10045,1.10212,1.10039,1.10194,17311.4199
22.12.2023 11:00:00.000,1.10194,1.10300,1.10172,1.10259,14341.54
22.12.2023 12:00:00.000,1.10259,1.10381,1.10163,1.10188,17484.7305
22.12.2023 13:00:00.000,1.10190,1.10293,1.10020,1.10290,34908.3984
22.12.2023 14:00:00.000,1.10291,1.10402,1.10252,1.10366,28357.8496
22.12.2023 15:00:00.000,1.10366,1.10403,1.10092,1.10116,26383.4199
22.12.2023 16:00:00.000,1.10115,1.10240,1.10066,1.10076,31890.1309
22.12.2023 17:00:00.000,1.10076,1.10167,1.10003,1.10161,24786.5195
22.12.2023 18:00:00.000,1.10161,1.10194,1.10111,1.10135,11943.7803
22.12.2023 19:00:00.000,1.10135,1.10157,1.10024,1.10157,17156.3008
22.12.2023 20:00:00.000,1.10158,1.10160,1.10081,1.10129,7823.7002
22.12.2023 21:00:00.000,1.10127,1.10158,1.10104,1.10146,6679.4502
22.12.2023 22:00:00.000,1.10146,1.10146,1.10146,1.10146,0
22.12.2023 23:00:00.000,1.10146,1.10146,1.10146,1.10146,0
23.12.2023 00:00:00.000,1.10146,1.10146,1.10146,1.10146,0
23.12.2023 01:00:00.000,1.10146,1.10146,1.10146,1.10146,0
23.12.2023 02:00:00.000,1.10146,1.10146,1.10146,1.10146,0
23.12.2023 03:00:00.000,1.10146,1.10146,1.10146,1.10146,0
23.12.2023 04:00:00.000,1.10146,1.10146,1.10146,1.10146,0
23.12.2023 05:00:00.000,1.10146,1.10146,1.10146,1.10146,0
23.12.2023 06:00:00.000,1.10146,1.10146,1.10146,1.10146,0
23.12.2023 07:00:00.000,1.10146,1.10146,1.10146,1.10146,0
23.12.2023 08:00:00.000,1.10146,1.10146,1.10146,1.10146,0
23.12.2023 09:00:00.000,1.10146,1.10146,1.10146,1.10146,0
23.12.2023 10:00:00.000,1.10146,1.10146,1.10146,1.10146,0
23.12.2023 11:00:00.000,1.10146,1.10146,1.10146,1.10146,0
23.12.2023 12:00:00.000,1.10146,1.10146,1.10146,1.10146,0
23.12.2023 13:00:00.000,1.10146,1.10146,1.10146,1.10146,0
23.12.2023 14:00:00.000,1.10146,1.10146,1.10146,1.10146,0
23.12.2023 15:00:00.000,1.10146,1.10146,1.10146,1.10146,0
23.12.2023 16:00:00.000,1.10146,1.10146,1.10146,1.10146,0
23.12.2023 17:00:00.000,1.10146,1.10146,1.10146,1.10146,0
23.12.2023 18:00:00.000,1.10146,1.10146,1.10146,1.10146,0
23.12.2023 19:00:00.000,1.10146,1.10146,1.10146,1.10146,0
23.12.2023 20:00:00.000,1.10146,1.10146,1.10146,1.10146,0
23.12.2023 21:00:00.000,1.10146,1.10146,1.10146,1.10146,0
23.12.2023 22:00:00.000,1.10146,1.10146,1.10146,1.10146,0
23.12.2023 23:00:00.000,1.10146,1.10146,1.10146,1.10146,0
24.12.2023 00:00:00.000,1.10146,1.10146,1.10146,1.10146,0
24.12.2023 01:00:00.000,1.10146,1.10146,1.10146,1.10146,0
24.12.2023 02:00:00.000,1.10146,1.10146,1.10146,1.10146,0
24.12.2023 03:00:00.000,1.10146,1.10146,1.10146,1.10146,0
24.12.2023 04:00:00.000,1.10146,1.10146,1.10146,1.10146,0
24.12.2023 05:00:00.000,1.10146,1.10146,1.10146,1.10146,0
24.12.2023 06:00:00.000,1.10146,1.10146,1.10146,1.10146,0
24.12.2023 07:00:00.000,1.10146,1.10146,1.10146,1.10146,0
24.12.2023 08:00:00.000,1.10146,1.10146,1.10146,1.10146,0
24.12.2023 09:00:00.000,1.10146,1.10146,1.10146,1.10146,0
24.12.2023 10:00:00.000,1.10146,1.10146,1.10146,1.10146,0
24.12.2023 11:00:00.000,1.10146,1.10146,1.10146,1.10146,0
24.12.2023 12:00:00.000,1.10146,1.10146,1.10146,1.10146,0
24.12.2023 13:00:00.000,1.10146,1.10146,1.10146,1.10146,0
24.12.2023 14:00:00.000,1.10146,1.10146,1.10146,1.10146,0
24.12.2023 15:00:00.000,1.10146,1.10146,1.10146,1.10146,0
24.12.2023 16:00:00.000,1.10146,1.10146,1.10146,1.10146,0
24.12.2023 17:00:00.000,1.10146,1.10146,1.10146,1.10146,0
24.12.2023 18:00:00.000,1.10146,1.10146,1.10146,1.10146,0
24.12.2023 19:00:00.000,1.10146,1.10146,1.10146,1.10146,0
24.12.2023 20:00:00.000,1.10146,1.10146,1.10146,1.10146,0
24.12.2023 21:00:00.000,1.10146,1.10146,1.10146,1.10146,0
24.12.2023 22:00:00.000,1.10146,1.10146,1.10146,1.10146,0
24.12.2023 23:00:00.000,1.10210,1.10210,1.10185,1.10203,94.5
25.12.2023 00:00:00.000,1.10204,1.10204,1.09946,1.10047,448.77
25.12.2023 01:00:00.000,1.10047,1.10191,1.10047,1.10101,139.5
25.12.2023 02:00:00.000,1.10093,1.10130,1.10047,1.10098,73.8
25.12.2023 03:00:00.000,1.10096,1.10150,1.10073,1.10111,104.4
25.12.2023 04:00:00.000,1.10107,1.10149,1.10067,1.10148,73.35
25.12.2023 05:00:00.000,1.10127,1.10195,1.10127,1.10170,1227.6
25.12.2023 06:00:00.000,1.10180,1.10199,1.10156,1.10161,532.8
25.12.2023 07:00:00.000,1.10164,1.10257,1.10111,1.10257,431.17
25.12.2023 08:00:00.000,1.10257,1.10257,1.10257,1.10257,0
25.12.2023 09:00:00.000,1.10257,1.10257,1.10257,1.10257,0
25.12.2023 10:00:00.000,1.10257,1.10257,1.10257,1.10257,0
25.12.2023 11:00:00.000,1.10257,1.10257,1.10257,1.10257,0
25.12.2023 12:00:00.000,1.10257,1.10257,1.10257,1.10257,0
25.12.2023 13:00:00.000,1.10257,1.10257,1.10257,1.10257,0
25.12.2023 14:00:00.000,1.10257,1.10257,1.10257,1.10257,0
25.12.2023 15:00:00.000,1.10257,1.10257,1.10257,1.10257,0
25.12.2023 16:00:00.000,1.10257,1.10257,1.10257,1.10257,0
25.12.2023 17:00:00.000,1.10257,1.10257,1.10257,1.10257,0
25.12.2023 18:00:00.000,1.10257,1.10257,1.10257,1.10257,0
25.12.2023 19:00:00.000,1.10257,1.10257,1.10257,1.10257,0
25.12.2023 20:00:00.000,1.10257,1.10257,1.10257,1.10257,0
25.12.2023 21:00:00.000,1.10257,1.10257,1.10257,1.10257,0
25.12.2023 22:00:00.000,1.10181,1.10235,1.10141,1.10181,1201.64
25.12.2023 23:00:00.000,1.10171,1.10232,1.10147,1.10191,2269.1499
26.12.2023 00:00:00.000,1.10191,1.10204,1.10160,1.10194,4336.7598
26.12.2023 01:00:00.000,1.10195,1.10232,1.10179,1.10224,4103.23
26.12.2023 02:00:00.000,1.10223,1.10270,1.10199,1.10261,5832.5298
26.12.2023 03:00:00.000,1.10262,1.10290,1.10256,1.10279,3713.1299
26.12.2023 04:00:00.000,1.10277,1.10280,1.10226,1.10227,2760.4199
26.12.2023 05:00:00.000,1.10227,1.10274,1.10213,1.10270,3714.3201
26.12.2023 06:00:00.000,1.10269,1.10269,1.10222,1.10240,3160.8799
26.12.2023 07:00:00.000,1.10239,1.10258,1.10213,1.10225,6250.8101
26.12.2023 08:00:00.000,1.10227,1.10267,1.10141,1.10151,6530.5098
26.12.2023 09:00:00.000,1.10151,1.10153,1.10100,1.10145,5552.0298
26.12.2023 10:00:00.000,1.10146,1.10199,1.10141,1.10168,6095.8101
26.12.2023 11:00:00.000,1.10167,1.10172,1.10112,1.10140,10119.0898
26.12.2023 12:00:00.000,1.10141,1.10175,1.10089,1.10131,9103.3496
26.12.2023 13:00:00.000,1.10131,1.10248,1.10122,1.10178,14285.8496
26.12.2023 14:00:00.000,1.10180,1.10276,1.10142,1.10267,18412.1992
26.12.2023 15:00:00.000,1.10267,1.10327,1.10237,1.10250,15063.29
26.12.2023 16:00:00.000,1.10251,1.10378,1.10244,1.10346,11540.5703
26.12.2023 17:00:00.000,1.10346,1.10374,1.10303,1.10354,16543.4805
26.12.2023 18:00:00.000,1.10351,1.10399,1.10342,1.10367,7649.4102
26.12.2023 19:00:00.000,1.10368,1.10450,1.10367,1.10446,7561.8599
26.12.2023 20:00:00.000,1.10446,1.10452,1.10404,1.10426,7398.3975
26.12.2023 21:00:00.000,1.10424,1.10437,1.10409,1.10427,4708.6299
26.12.2023 22:00:00.000,1.10435,1.10456,1.10410,1.10422,724.98
26.12.2023 23:00:00.000,1.10427,1.10444,1.10419,1.10426,1906.91
27.12.2023 00:00:00.000,1.10425,1.10427,1.10361,1.10370,5421.9502
27.12.2023 01:00:00.000,1.10370,1.10376,1.10322,1.10363,5333.6899
27.12.2023 02:00:00.000,1.10365,1.10368,1.10297,1.10313,5328.2402
27.12.2023 03:00:00.000,1.10313,1.10368,1.10287,1.10366,4211.1499
27.12.2023 04:00:00.000,1.10365,1.10423,1.10365,1.10419,6785.6802
27.12.2023 05:00:00.000,1.10420,1.10442,1.10372,1.10436,5238.71
27.12.2023 06:00:00.000,1.10436,1.10455,1.10406,1.10446,6791.1201
27.12.2023 07:00:00.000,1.10441,1.10493,1.10367,1.10414,12391.0195
27.12.2023 08:00:00.000,1.10414,1.10545,1.10381,1.10471,10312.9297
27.12.2023 09:00:00.000,1.10467,1.10550,1.10466,1.10545,10850.8398
27.12.2023 10:00:00.000,1.10546,1.10594,1.10521,1.10562,7005.8101
27.12.2023 11:00:00.000,1.10563,1.10597,1.10503,1.10590,9100.6201
27.12.2023 12:00:00.000,1.10591,1.10701,1.10487,1.10686,11449.5898
27.12.2023 13:00:00.000,1.10686,1.10741,1.10623,1.10706,11407.1699
27.12.2023 14:00:00.000,1.10708,1.11055,1.10690,1.11049,19579.5605
27.12.2023 15:00:00.000,1.11050,1.11158,1.10992,1.11073,23816.4004
27.12.2023 16:00:00.000,1.11073,1.11229,1.11025,1.11130,15678.96
27.12.2023 17:00:00.000,1.11129,1.11131,1.11039,1.11056,7283.3999
27.12.2023 18:00:00.000,1.11055,1.11092,1.11018,1.11080,9891.1104
27.12.2023 19:00:00.000,1.11079,1.11142,1.10990,1.11018,8457.3701
27.12.2023 20:00:00.000,1.11019,1.11079,1.11013,1.11066,12928.7803
27.12.2023 21:00:00.000,1.11065,1.11078,1.11028,1.11059,3721.3501
27.12.2023 22:00:00.000,1.11062,1.11088,1.11029,1.11069,1669.83
27.12.2023 23:00:00.000,1.11072,1.11100,1.11063,1.11083,2269.0701
28.12.2023 00:00:00.000,1.11083,1.11171,1.11083,1.11150,6445.6299
28.12.2023 01:00:00.000,1.11150,1.11223,1.11136,1.11220,6193.6802
28.12.2023 02:00:00.000,1.11221,1.11227,1.11099,1.11181,7924.52
28.12.2023 03:00:00.000,1.11181,1.11211,1.11148,1.11187,7211.9399
28.12.2023 04:00:00.000,1.11185,1.11187,1.11104,1.11105,5419.75
28.12.2023 05:00:00.000,1.11105,1.11179,1.11087,1.11094,8421.3203
28.12.2023 06:00:00.000,1.11095,1.11153,1.11050,1.11134,9136.2197
28.12.2023 07:00:00.000,1.11135,1.11259,1.11135,1.11171,14137.9502
28.12.2023 08:00:00.000,1.11170,1.11221,1.11045,1.11212,21656.3906
28.12.2023 09:00:00.000,1.11213,1.11397,1.11145,1.11295,15678.6699
28.12.2023 10:00:00.000,1.11296,1.11326,1.11229,1.11279,13634.3203
28.12.2023 11:00:00.000,1.11280,1.11324,1.11145,1.11202,16140.4404
28.12.2023 12:00:00.000,1.11202,1.11202,1.11113,1.11127,13226.1904
28.12.2023 13:00:00.000,1.11127,1.11202,1.10726,1.10733,23033.6992
28.12.2023 14:00:00.000,1.10735,1.11051,1.10725,1.11030,28754.8594
28.12.2023 15:00:00.000,1.11030,1.11135,1.11003,1.11070,26917.1094
28.12.2023 16:00:00.000,1.11070,1.11070,1.10692,1.10721,21819.4102
28.12.2023 17:00:00.000,1.10722,1.10768,1.10663,1.10740,11455.0898
28.12.2023 18:00:00.000,1.10740,1.10740,1.10554,1.10642,13565.0898
28.12.2023 19:00:00.000,1.10643,1.10663,1.10579,1.10647,12299.6797
28.12.2023 20:00:00.000,1.10648,1.10707,1.10631,1.10658,11691.04
28.12.2023 21:00:00.000,1.10659,1.10660,1.10601,1.10616,4508.2798
28.12.2023 22:00:00.000,1.10622,1.10683,1.10622,1.10638,679.31
28.12.2023 23:00:00.000,1.10638,1.10681,1.10627,1.10681,2908.46
29.12.2023 00:00:00.000,1.10681,1.10792,1.10666,1.10766,6260.9902
29.12.2023 01:00:00.000,1.10767,1.10846,1.10755,1.10791,7118.7402
29.12.2023 02:00:00.000,1.10791,1.10796,1.10710,1.10718,5656.9302
29.12.2023 03:00:00.000,1.10719,1.10730,1.10640,1.10654,4347.3901
29.12.2023 04:00:00.000,1.10655,1.10689,1.10641,1.10670,6811.3901
29.12.2023 05:00:00.000,1.10668,1.10672,1.10611,1.10665,10050.7197
29.12.2023 06:00:00.000,1.10665,1.10750,1.10660,1.10736,11606.9199
29.12.2023 07:00:00.000,1.10736,1.10765,1.10643,1.10662,11878.2002
29.12.2023 08:00:00.000,1.10657,1.10777,1.10585,1.10609,14064.7803
29.12.2023 09:00:00.000,1.10609,1.10616,1.10443,1.10493,13960.6602
29.12.2023 10:00:00.000,1.10491,1.10675,1.10477,1.10651,15950.7197
29.12.2023 11:00:00.000,1.10650,1.10771,1.10616,1.10766,10222.4102
29.12.2023 12:00:00.000,1.10766,1.10807,1.10481,1.10519,14112.3799
29.12.2023 13:00:00.000,1.10519,1.10590,1.10468,1.10488,21364.7305
29.12.2023 14:00:00.000,1.10488,1.10706,1.10472,1.10688,19273.4902
29.12.2023 15:00:00.000,1.10693,1.10787,1.10426,1.10472,34232.9688
29.12.2023 16:00:00.000,1.10473,1.10616,1.10436,1.10610,26868.1094
29.12.2023 17:00:00.000,1.10610,1.10669,1.10532,1.10642,9748.7305
29.12.2023 18:00:00.000,1.10642,1.10642,1.10494,1.10533,13057.4697
29.12.2023 19:00:00.000,1.10533,1.10541,1.10384,1.10409,9446.3701
29.12.2023 20:00:00.000,1.10411,1.10511,1.10387,1.10413,7059.9399
29.12.2023 21:00:00.000,1.10413,1.10413,1.10342,1.10393,5497.7202
29.12.2023 22:00:00.000,1.10393,1.10393,1.10393,1.10393,0
29.12.2023 23:00:00.000,1.10393,1.10393,1.10393,1.10393,0
30.12.2023 00:00:00.000,1.10393,1.10393,1.10393,1.10393,0
30.12.2023 01:00:00.000,1.10393,1.10393,1.10393,1.10393,0
30.12.2023 02:00:00.000,1.10393,1.10393,1.10393,1.10393,0
30.12.2023 03:00:00.000,1.10393,1.10393,1.10393,1.10393,0
30.12.2023 04:00:00.000,1.10393,1.10393,1.10393,1.10393,0
30.12.2023 05:00:00.000,1.10393,1.10393,1.10393,1.10393,0
30.12.2023 06:00:00.000,1.10393,1.10393,1.10393,1.10393,0
30.12.2023 07:00:00.000,1.10393,1.10393,1.10393,1.10393,0
30.12.2023 08:00:00.000,1.10393,1.10393,1.10393,1.10393,0
30.12.2023 09:00:00.000,1.10393,1.10393,1.10393,1.10393,0
30.12.2023 10:00:00.000,1.10393,1.10393,1.10393,1.10393,0
30.12.2023 11:00:00.000,1.10393,1.10393,1.10393,1.10393,0
30.12.2023 12:00:00.000,1.10393,1.10393,1.10393,1.10393,0
30.12.2023 13:00:00.000,1.10393,1.10393,1.10393,1.10393,0
30.12.2023 14:00:00.000,1.10393,1.10393,1.10393,1.10393,0
30.12.2023 15:00:00.000,1.10393,1.10393,1.10393,1.10393,0
30.12.2023 16:00:00.000,1.10393,1.10393,1.10393,1.10393,0
30.12.2023 17:00:00.000,1.10393,1.10393,1.10393,1.10393,0
30.12.2023 18:00:00.000,1.10393,1.10393,1.10393,1.10393,0
30.12.2023 19:00:00.000,1.10393,1.10393,1.10393,1.10393,0
30.12.2023 20:00:00.000,1.10393,1.10393,1.10393,1.10393,0
30.12.2023 21:00:00.000,1.10393,1.10393,1.10393,1.10393,0
30.12.2023 22:00:00.000,1.10393,1.10393,1.10393,1.10393,0
30.12.2023 23:00:00.000,1.10393,1.10393,1.10393,1.10393,0
31.12.2023 00:00:00.000,1.10393,1.10393,1.10393,1.10393,0
31.12.2023 01:00:00.000,1.10393,1.10393,1.10393,1.10393,0
31.12.2023 02:00:00.000,1.10393,1.10393,1.10393,1.10393,0
31.12.2023 03:00:00.000,1.10393,1.10393,1.10393,1.10393,0
31.12.2023 04:00:00.000,1.10393,1.10393,1.10393,1.10393,0
31.12.2023 05:00:00.000,1.10393,1.10393,1.10393,1.10393,0
31.12.2023 06:00:00.000,1.10393,1.10393,1.10393,1.10393,0
31.12.2023 07:00:00.000,1.10393,1.10393,1.10393,1.10393,0
31.12.2023 08:00:00.000,1.10393,1.10393,1.10393,1.10393,0
31.12.2023 09:00:00.000,1.10393,1.10393,1.10393,1.10393,0
31.12.2023 10:00:00.000,1.10393,1.10393,1.10393,1.10393,0
31.12.2023 11:00:00.000,1.10393,1.10393,1.10393,1.10393,0
31.12.2023 12:00:00.000,1.10393,1.10393,1.10393,1.10393,0
31.12.2023 13:00:00.000,1.10393,1.10393,1.10393,1.10393,0
31.12.2023 14:00:00.000,1.10393,1.10393,1.10393,1.10393,0
31.12.2023 15:00:00.000,1.10393,1.10393,1.10393,1.10393,0
31.12.2023 16:00:00.000,1.10393,1.10393,1.10393,1.10393,0
31.12.2023 17:00:00.000,1.10393,1.10393,1.10393,1.10393,0
31.12.2023 18:00:00.000,1.10393,1.10393,1.10393,1.10393,0
31.12.2023 19:00:00.000,1.10393,1.10393,1.10393,1.10393,0
31.12.2023 20:00:00.000,1.10393,1.10393,1.10393,1.10393,0
31.12.2023 21:00:00.000,1.10393,1.10393,1.10393,1.10393,0
31.12.2023 22:00:00.000,1.10393,1.10393,1.10393,1.10393,0
31.12.2023 23:00:00.000,1.10393,1.10393,1.10393,1.10393,0
01.01.2024 00:00:00.000,1.10393,1.10393,1.10393,1.10393,0
01.01.2024 01:00:00.000,1.10393,1.10393,1.10393,1.10393,0
01.01.2024 02:00:00.000,1.10393,1.10393,1.10393,1.10393,0
01.01.2024 03:00:00.000,1.10393,1.10393,1.10393,1.10393,0
01.01.2024 04:00:00.000,1.10393,1.10393,1.10393,1.10393,0
01.01.2024 05:00:00.000,1.10393,1.10393,1.10393,1.10393,0
01.01.2024 06:00:00.000,1.10393,1.10393,1.10393,1.10393,0
01.01.2024 07:00:00.000,1.10393,1.10393,1.10393,1.10393,0
01.01.2024 08:00:00.000,1.10393,1.10393,1.10393,1.10393,0
01.01.2024 09:00:00.000,1.10393,1.10393,1.10393,1.10393,0
01.01.2024 10:00:00.000,1.10393,1.10393,1.10393,1.10393,0
01.01.2024 11:00:00.000,1.10393,1.10393,1.10393,1.10393,0
01.01.2024 12:00:00.000,1.10393,1.10393,1.10393,1.10393,0
01.01.2024 13:00:00.000,1.10393,1.10393,1.10393,1.10393,0
01.01.2024 14:00:00.000,1.10393,1.10393,1.10393,1.10393,0
01.01.2024 15:00:00.000,1.10393,1.10393,1.10393,1.10393,0
01.01.2024 16:00:00.000,1.10393,1.10393,1.10393,1.10393,0
01.01.2024 17:00:00.000,1.10393,1.10393,1.10393,1.10393,0
01.01.2024 18:00:00.000,1.10393,1.10393,1.10393,1.10393,0
01.01.2024 19:00:00.000,1.10393,1.10393,1.10393,1.10393,0
01.01.2024 20:00:00.000,1.10393,1.10393,1.10393,1.10393,0
01.01.2024 21:00:00.000,1.10393,1.10393,1.10393,1.10393,0
01.01.2024 22:00:00.000,1.10481,1.10491,1.10445,1.10453,1143.66
01.01.2024 23:00:00.000,1.10453,1.10454,1.10360,1.10369,2182.72
02.01.2024 00:00:00.000,1.10370,1.10385,1.10345,1.10385,4519.4199
02.01.2024 01:00:00.000,1.10383,1.10435,1.10344,1.10350,7618.2002
02.01.2024 02:00:00.000,1.10350,1.10360,1.10185,1.10190,5142
02.01.2024 03:00:00.000,1.10191,1.10251,1.10179,1.10247,6751.2998
02.01.2024 04:00:00.000,1.10248,1.10252,1.10168,1.10211,7286.4399
02.01.2024 05:00:00.000,1.10213,1.10340,1.10211,1.10337,6175.6602
02.01.2024 06:00:00.000,1.10338,1.10354,1.10271,1.10289,4564.6099
02.01.2024 07:00:00.000,1.10288,1.10382,1.10154,1.10157,19255.0508
02.01.2024 08:00:00.000,1.10158,1.10390,1.10158,1.10299,23006.25
02.01.2024 09:00:00.000,1.10299,1.10382,1.10110,1.10152,19393.3105
02.01.2024 10:00:00.000,1.10150,1.10172,1.09973,1.10077,20285.6895
02.01.2024 11:00:00.000,1.10078,1.10079,1.09668,1.09693,25486.7598
02.01.2024 12:00:00.000,1.09693,1.09720,1.09539,1.09540,16744.4707
02.01.2024 13:00:00.000,1.09540,1.09651,1.09495,1.09528,23255.4805
02.01.2024 14:00:00.000,1.09528,1.09642,1.09450,1.09633,23833.3203
02.01.2024 15:00:00.000,1.09634,1.09684,1.09412,1.09436,29375.6094
02.01.2024 16:00:00.000,1.09437,1.09619,1.09410,1.09566,14696.9102
02.01.2024 17:00:00.000,1.09567,1.09577,1.09462,1.09507,11084.8203
02.01.2024 18:00:00.000,1.09506,1.09562,1.09465,1.09470,7702.4902
02.01.2024 19:00:00.000,1.09470,1.09503,1.09430,1.09468,7697.5498
02.01.2024 20:00:00.000,1.09467,1.09514,1.09425,1.09433,6625.4902
02.01.2024 21:00:00.000,1.09433,1.09434,1.09385,1.09429,3790.6399
02.01.2024 22:00:00.000,1.09443,1.09479,1.09402,1.09425,1864.6899
02.01.2024 23:00:00.000,1.09427,1.09442,1.09412,1.09419,1914.12
03.01.2024 00:00:00.000,1.09420,1.09508,1.09414,1.09496,4962.29
03.01.2024 01:00:00.000,1.09496,1.09551,1.09451,1.09516,7462.7402
03.01.2024 02:00:00.000,1.09517,1.09533,1.09488,1.09526,3480.53
03.01.2024 03:00:00.000,1.09525,1.09624,1.09491,1.09611,4301.3701
03.01.2024 04:00:00.000,1.09609,1.09627,1.09590,1.09626,2764.6299
03.01.2024 05:00:00.000,1.09627,1.09630,1.09515,1.09515,4031.4299
03.01.2024 06:00:00.000,1.09514,1.09610,1.09513,1.09589,7064.77
03.01.2024 07:00:00.000,1.09586,1.09629,1.09517,1.09606,14453.5703
03.01.2024 08:00:00.000,1.09606,1.09655,1.09506,1.09529,18074.1699
03.01.2024 09:00:00.000,1.09528,1.09564,1.09351,1.09365,13637.3398
03.01.2024 10:00:00.000,1.09364,1.09392,1.09263,1.09282,10349
03.01.2024 11:00:00.000,1.09282,1.09299,1.09157,1.09197,12772.3496
03.01.2024 12:00:00.000,1.09198,1.09323,1.09148,1.09170,14203.8096
03.01.2024 13:00:00.000,1.09169,1.09303,1.09104,1.09218,31424.4102
03.01.2024 14:00:00.000,1.09218,1.09267,1.09100,1.09188,26125.7793
03.01.2024 15:00:00.000,1.09186,1.09388,1.08982,1.09047,50375.0391
03.01.2024 16:00:00.000,1.09048,1.09184,1.09029,1.09084,22255.3594
03.01.2024 17:00:00.000,1.09083,1.09103,1.09035,1.09068,12920.4004
03.01.2024 18:00:00.000,1.09067,1.09150,1.09029,1.09066,17814.0098
03.01.2024 19:00:00.000,1.09066,1.09260,1.08932,1.09177,38745.4609
03.01.2024 20:00:00.000,1.09179,1.09235,1.09151,1.09215,19347.5605
03.01.2024 21:00:00.000,1.09213,1.09238,1.09190,1.09218,3081.6299
03.01.2024 22:00:00.000,1.09219,1.09239,1.09188,1.09225,2841.02
03.01.2024 23:00:00.000,1.09225,1.09279,1.09224,1.09263,3860.9399
04.01.2024 00:00:00.000,1.09263,1.09269,1.09196,1.09227,7314.8101
04.01.2024 01:00:00.000,1.09226,1.09243,1.09165,1.09180,4684.3599
04.01.2024 02:00:00.000,1.09180,1.09203,1.09162,1.09196,5001.0098
04.01.2024 03:00:00.000,1.09197,1.09310,1.09197,1.09264,6572.3599
04.01.2024 04:00:00.000,1.09265,1.09288,1.09249,1.09262,5493.71
04.01.2024 05:00:00.000,1.09262,1.09271,1.09222,1.09268,5036.52
04.01.2024 06:00:00.000,1.09267,1.09349,1.09212,1.09326,12700.3096
04.01.2024 07:00:00.000,1.09326,1.09440,1.09297,1.09379,21718.5098
04.01.2024 08:00:00.000,1.09378,1.09561,1.09347,1.09536,24021.0898
04.01.2024 09:00:00.000,1.09535,1.09693,1.09455,1.09678,21658.4297
04.01.2024 10:00:00.000,1.09679,1.09723,1.09546,1.09557,13515.2002
04.01.2024 11:00:00.000,1.09558,1.09580,1.09464,1.09481,10261.54
04.01.2024 12:00:00.000,1.09478,1.09560,1.09470,1.09526,12087.2197
04.01.2024 13:00:00.000,1.09526,1.09555,1.09330,1.09473,28610.3594
04.01.2024 14:00:00.000,1.09473,1.09507,1.09384,1.09455,25273.6992
04.01.2024 15:00:00.000,1.09455,1.09655,1.09455,1.09553,26800.0703
04.01.2024 16:00:00.000,1.09554,1.09640,1.09545,1.09561,17417.4492
04.01.2024 17:00:00.000,1.09562,1.09599,1.09422,1.09506,10155.2598
04.01.2024 18:00:00.000,1.09505,1.09545,1.09461,1.09471,6212.1499
04.01.2024 19:00:00.000,1.09473,1.09499,1.09436,1.09471,4548.77
04.01.2024 20:00:00.000,1.09471,1.09494,1.09433,1.09493,12352.54
04.01.2024 21:00:00.000,1.09493,1.09502,1.09441,1.09447,6041.0098
04.01.2024 22:00:00.000,1.09461,1.09529,1.09458,1.09484,1986.42
04.01.2024 23:00:00.000,1.09477,1.09491,1.09435,1.09465,2254.99
05.01.2024 00:00:00.000,1.09463,1.09516,1.09446,1.09510,4370.75
05.01.2024 01:00:00.000,1.09509,1.09561,1.09504,1.09518,10636.7998
05.01.2024 02:00:00.000,1.09519,1.09545,1.09468,1.09471,6148.0298
05.01.2024 03:00:00.000,1.09471,1.09475,1.09393,1.09393,4570.1602
05.01.2024 04:00:00.000,1.09394,1.09415,1.09367,1.09374,3377.76
05.01.2024 05:00:00.000,1.09375,1.09382,1.09344,1.09377,5366.8799
05.01.2024 06:00:00.000,1.09376,1.09376,1.09250,1.09280,6269.7998
05.01.2024 07:00:00.000,1.09280,1.09337,1.09228,1.09235,10949.2197
05.01.2024 08:00:00.000,1.09233,1.09260,1.09036,1.09079,13610.3604
05.01.2024 09:00:00.000,1.09078,1.09307,1.09029,1.09131,18839.0195
05.01.2024 10:00:00.000,1.09132,1.09140,1.09039,1.09130,11150.6797
05.01.2024 11:00:00.000,1.09128,1.09177,1.09101,1.09143,8446.3496
05.01.2024 12:00:00.000,1.09145,1.09210,1.09140,1.09178,9580.5703
05.01.2024 13:00:00.000,1.09178,1.09280,1.08771,1.09213,50756.0117
05.01.2024 14:00:00.000,1.09215,1.09551,1.09215,1.09499,46906.9688
05.01.2024 15:00:00.000,1.09499,1.09987,1.09499,1.09784,50327.2617
05.01.2024 16:00:00.000,1.09784,1.09808,1.09533,1.09562,30720.6406
05.01.2024 17:00:00.000,1.09562,1.09564,1.09433,1.09465,28206.0996
05.01.2024 18:00:00.000,1.09464,1.09564,1.09354,1.09542,14102.7695
05.01.2024 19:00:00.000,1.09543,1.09600,1.09433,1.09455,14320.9805
05.01.2024 20:00:00.000,1.09454,1.09473,1.09359,1.09395,7862.8599
05.01.2024 21:00:00.000,1.09395,1.09461,1.09372,1.09452,6500.71
05.01.2024 22:00:00.000,1.09452,1.09452,1.09452,1.09452,0
05.01.2024 23:00:00.000,1.09452,1.09452,1.09452,1.09452,0
06.01.2024 00:00:00.000,1.09452,1.09452,1.09452,1.09452,0
06.01.2024 01:00:00.000,1.09452,1.09452,1.09452,1.09452,0
06.01.2024 02:00:00.000,1.09452,1.09452,1.09452,1.09452,0
06.01.2024 03:00:00.000,1.09452,1.09452,1.09452,1.09452,0
06.01.2024 04:00:00.000,1.09452,1.09452,1.09452,1.09452,0
06.01.2024 05:00:00.000,1.09452,1.09452,1.09452,1.09452,0
06.01.2024 06:00:00.000,1.09452,1.09452,1.09452,1.09452,0
06.01.2024 07:00:00.000,1.09452,1.09452,1.09452,1.09452,0
06.01.2024 08:00:00.000,1.09452,1.09452,1.09452,1.09452,0
06.01.2024 09:00:00.000,1.09452,1.09452,1.09452,1.09452,0
06.01.2024 10:00:00.000,1.09452,1.09452,1.09452,1.09452,0
06.01.2024 11:00:00.000,1.09452,1.09452,1.09452,1.09452,0
06.01.2024 12:00:00.000,1.09452,1.09452,1.09452,1.09452,0
06.01.2024 13:00:00.000,1.09452,1.09452,1.09452,1.09452,0
06.01.2024 14:00:00.000,1.09452,1.09452,1.09452,1.09452,0
06.01.2024 15:00:00.000,1.09452,1.09452,1.09452,1.09452,0
06.01.2024 16:00:00.000,1.09452,1.09452,1.09452,1.09452,0
06.01.2024 17:00:00.000,1.09452,1.09452,1.09452,1.09452,0
06.01.2024 18:00:00.000,1.09452,1.09452,1.09452,1.09452,0
06.01.2024 19:00:00.000,1.09452,1.09452,1.09452,1.09452,0
06.01.2024 20:00:00.000,1.09452,1.09452,1.09452,1.09452,0
06.01.2024 21:00:00.000,1.09452,1.09452,1.09452,1.09452,0
06.01.2024 22:00:00.000,1.09452,1.09452,1.09452,1.09452,0
06.01.2024 23:00:00.000,1.09452,1.09452,1.09452,1.09452,0
07.01.2024 00:00:00.000,1.09452,1.09452,1.09452,1.09452,0
07.01.2024 01:00:00.000,1.09452,1.09452,1.09452,1.09452,0
07.01.2024 02:00:00.000,1.09452,1.09452,1.09452,1.09452,0
07.01.2024 03:00:00.000,1.09452,1.09452,1.09452,1.09452,0
07.01.2024 04:00:00.000,1.09452,1.09452,1.09452,1.09452,0
07.01.2024 05:00:00.000,1.09452,1.09452,1.09452,1.09452,0
07.01.2024 06:00:00.000,1.09452,1.09452,1.09452,1.09452,0
07.01.2024 07:00:00.000,1.09452,1.09452,1.09452,1.09452,0
07.01.2024 08:00:00.000,1.09452,1.09452,1.09452,1.09452,0
07.01.2024 09:00:00.000,1.09452,1.09452,1.09452,1.09452,0
07.01.2024 10:00:00.000,1.09452,1.09452,1.09452,1.09452,0
07.01.2024 11:00:00.000,1.09452,1.09452,1.09452,1.09452,0
07.01.2024 12:00:00.000,1.09452,1.09452,1.09452,1.09452,0
07.01.2024 13:00:00.000,1.09452,1.09452,1.09452,1.09452,0
07.01.2024 14:00:00.000,1.09452,1.09452,1.09452,1.09452,0
07.01.2024 15:00:00.000,1.09452,1.09452,1.09452,1.09452,0
07.01.2024 16:00:00.000,1.09452,1.09452,1.09452,1.09452,0
07.01.2024 17:00:00.000,1.09452,1.09452,1.09452,1.09452,0
07.01.2024 18:00:00.000,1.09452,1.09452,1.09452,1.09452,0
07.01.2024 19:00:00.000,1.09452,1.09452,1.09452,1.09452,0
07.01.2024 20:00:00.000,1.09452,1.09452,1.09452,1.09452,0
07.01.2024 21:00:00.000,1.09452,1.09452,1.09452,1.09452,0
07.01.2024 22:00:00.000,1.09538,1.09538,1.09439,1.09445,872.32
07.01.2024 23:00:00.000,1.09446,1.09467,1.09350,1.09417,3320.29
08.01.2024 00:00:00.000,1.09414,1.09495,1.09405,1.09487,4684.25
08.01.2024 01:00:00.000,1.09486,1.09533,1.09472,1.09482,5736.2598
08.01.2024 02:00:00.000,1.09480,1.09480,1.09362,1.09375,5135.9502
08.01.2024 03:00:00.000,1.09374,1.09394,1.09317,1.09332,4018.98
08.01.2024 04:00:00.000,1.09330,1.09374,1.09309,1.09343,3099.0601
08.01.2024 05:00:00.000,1.09345,1.09377,1.09323,1.09377,3612.99
08.01.2024 06:00:00.000,1.09376,1.09470,1.09366,1.09464,7125.71
08.01.2024 07:00:00.000,1.09464,1.09525,1.09397,1.09455,13939.1201
08.01.2024 08:00:00.000,1.09455,1.09456,1.09294,1.09340,21268.6895
08.01.2024 09:00:00.000,1.09339,1.09426,1.09228,1.09373,16582.5703
08.01.2024 10:00:00.000,1.09372,1.09437,1.09345,1.09427,12500.3496
08.01.2024 11:00:00.000,1.09426,1.09509,1.09370,1.09382,11933.1904
08.01.2024 12:00:00.000,1.09381,1.09484,1.09374,1.09447,15647.1797
08.01.2024 13:00:00.000,1.09447,1.09565,1.09428,1.09510,25809.1309
08.01.2024 14:00:00.000,1.09508,1.09629,1.09496,1.09605,31652.5996
08.01.2024 15:00:00.000,1.09604,1.09748,1.09554,1.09698,23034.9492
08.01.2024 16:00:00.000,1.09698,1.09790,1.09685,1.09756,16601.0508
08.01.2024 17:00:00.000,1.09756,1.09790,1.09627,1.09649,7956.2402
08.01.2024 18:00:00.000,1.09648,1.09658,1.09491,1.09556,8250.71
08.01.2024 19:00:00.000,1.09555,1.09630,1.09531,1.09612,9629
08.01.2024 20:00:00.000,1.09612,1.09612,1.09497,1.09549,12190.4102
08.01.2024 21:00:00.000,1.09549,1.09565,1.09499,1.09508,4486
08.01.2024 22:00:00.000,1.09513,1.09560,1.09505,1.09519,1917.4
08.01.2024 23:00:00.000,1.09518,1.09533,1.09498,1.09500,2038.13
09.01.2024 00:00:00.000,1.09499,1.09595,1.09496,1.09554,8170.5601
09.01.2024 01:00:00.000,1.09552,1.09621,1.09517,1.09617,9662.4102
09.01.2024 02:00:00.000,1.09617,1.09650,1.09609,1.09630,5981.8799
09.01.2024 03:00:00.000,1.09631,1.09665,1.09610,1.09629,5900.1001
09.01.2024 04:00:00.000,1.09629,1.09632,1.09538,1.09563,4114.3701
09.01.2024 05:00:00.000,1.09563,1.09564,1.09483,1.09499,3660.3401
09.01.2024 06:00:00.000,1.09498,1.09552,1.09482,1.09505,7139.6299
09.01.2024 07:00:00.000,1.09504,1.09632,1.09464,1.09569,15853.0898
09.01.2024 08:00:00.000,1.09567,1.09570,1.09391,1.09500,21362.8691
09.01.2024 09:00:00.000,1.09501,1.09508,1.09381,1.09444,14776.29
09.01.2024 10:00:00.000,1.09443,1.09483,1.09327,1.09357,16374.8896
09.01.2024 11:00:00.000,1.09357,1.09362,1.09289,1.09316,10799.3203
09.01.2024 12:00:00.000,1.09315,1.09417,1.09290,1.09407,13522.5801
09.01.2024 13:00:00.000,1.09408,1.09471,1.09333,1.09462,20496.9297
09.01.2024 14:00:00.000,1.09462,1.09514,1.09382,1.09456,27597.3203
09.01.2024 15:00:00.000,1.09458,1.09469,1.09177,1.09180,26393.6895
09.01.2024 16:00:00.000,1.09180,1.09353,1.09105,1.09345,22563.9902
09.01.2024 17:00:00.000,1.09347,1.09394,1.09302,1.09342,12161.9697
09.01.2024 18:00:00.000,1.09342,1.09403,1.09225,1.09243,13986.2305
09.01.2024 19:00:00.000,1.09242,1.09289,1.09202,1.09254,9756.5703
09.01.2024 20:00:00.000,1.09255,1.09300,1.09252,1.09281,16242.3398
09.01.2024 21:00:00.000,1.09282,1.09322,1.09278,1.09322,4371.6748
09.01.2024 22:00:00.000,1.09323,1.09326,1.09286,1.09302,6309.2202
09.01.2024 23:00:00.000,1.09300,1.09331,1.09292,1.09321,1279.41
10.01.2024 00:00:00.000,1.09317,1.09367,1.09294,1.09309,7320.5498
10.01.2024 01:00:00.000,1.09309,1.09336,1.09263,1.09325,5580.75
10.01.2024 02:00:00.000,1.09325,1.09360,1.09319,1.09340,4527.0898
10.01.2024 03:00:00.000,1.09341,1.09362,1.09281,1.09295,4071.0901
10.01.2024 04:00:00.000,1.09294,1.09331,1.09291,1.09322,2392.8899
10.01.2024 05:00:00.000,1.09323,1.09342,1.09307,1.09327,3413.5601
10.01.2024 06:00:00.000,1.09326,1.09337,1.09238,1.09248,5732.9302
10.01.2024 07:00:00.000,1.09249,1.09455,1.09248,1.09264,16507.3301
10.01.2024 08:00:00.000,1.09265,1.09451,1.09230,1.09437,20267.5703
10.01.2024 09:00:00.000,1.09436,1.09520,1.09417,1.09474,10327.0996
10.01.2024 10:00:00.000,1.09473,1.09550,1.09454,1.09494,10180.7402
10.01.2024 11:00:00.000,1.09497,1.09556,1.09419,1.09461,7436.1899
10.01.2024 12:00:00.000,1.09462,1.09506,1.09433,1.09441,9208.96
10.01.2024 13:00:00.000,1.09440,1.09521,1.09407,1.09407,11044.6699
10.01.2024 14:00:00.000,1.09406,1.09417,1.09323,1.09402,16830.9102
10.01.2024 15:00:00.000,1.09401,1.09692,1.09358,1.09675,18152.6699
10.01.2024 16:00:00.000,1.09676,1.09691,1.09526,1.09591,11418.6396
10.01.2024 17:00:00.000,1.09592,1.09682,1.09584,1.09674,13949.1602
10.01.2024 18:00:00.000,1.09673,1.09700,1.09596,1.09696,9656.1104
10.01.2024 19:00:00.000,1.09697,1.09711,1.09671,1.09705,6490.98
10.01.2024 20:00:00.000,1.09706,1.09730,1.09617,1.09657,11259.0303
10.01.2024 21:00:00.000,1.09655,1.09734,1.09650,1.09733,5199.6802
10.01.2024 22:00:00.000,1.09736,1.09749,1.09708,1.09739,6174.9902
10.01.2024 23:00:00.000,1.09739,1.09751,1.09714,1.09743,2284.6101
11.01.2024 00:00:00.000,1.09745,1.09790,1.09733,1.09781,11027.5195
11.01.2024 01:00:00.000,1.09781,1.09803,1.09753,1.09790,13438.9404
11.01.2024 02:00:00.000,1.09791,1.09851,1.09773,1.09784,7235.4399
11.01.2024 03:00:00.000,1.09784,1.09815,1.09775,1.09805,3002.24
11.01.2024 04:00:00.000,1.09805,1.09831,1.09778,1.09780,3209.0901
11.01.2024 05:00:00.000,1.09778,1.09816,1.09759,1.09786,4921.8301
11.01.2024 06:00:00.000,1.09786,1.09888,1.09748,1.09860,5325.73
11.01.2024 07:00:00.000,1.09860,1.09870,1.09775,1.09790,5968.1499
11.01.2024 08:00:00.000,1.09791,1.09816,1.09719,1.09754,13914.5801
11.01.2024 09:00:00.000,1.09753,1.09754,1.09590,1.09640,11502.2998
11.01.2024 10:00:00.000,1.09641,1.09700,1.09588,1.09692,12809.4102
11.01.2024 11:00:00.000,1.09691,1.09826,1.09677,1.09788,14154.9697
11.01.2024 12:00:00.000,1.09788,1.09907,1.09764,1.09839,8142.6699
11.01.2024 13:00:00.000,1.09841,1.10002,1.09358,1.09396,48268.8281
11.01.2024 14:00:00.000,1.09398,1.09740,1.09317,1.09543,48043.4102
11.01.2024 15:00:00.000,1.09544,1.09631,1.09305,1.09465,37085.4805
11.01.2024 16:00:00.000,1.09467,1.09575,1.09368,1.09426,30862.2207
11.01.2024 17:00:00.000,1.09426,1.09546,1.09416,1.09510,24755.4707
11.01.2024 18:00:00.000,1.09510,1.09662,1.09500,1.09650,13964.6201
11.01.2024 19:00:00.000,1.09650,1.09832,1.09650,1.09822,13474.3203
11.01.2024 20:00:00.000,1.09822,1.09827,1.09564,1.09716,14064.8604
11.01.2024 21:00:00.000,1.09717,1.09755,1.09705,1.09726,7130.7202
11.01.2024 22:00:00.000,1.09728,1.09757,1.09728,1.09733,2370.8999
11.01.2024 23:00:00.000,1.09734,1.09829,1.09710,1.09827,3460.25
12.01.2024 00:00:00.000,1.09826,1.09849,1.09744,1.09759,4219.6802
12.01.2024 01:00:00.000,1.09757,1.09845,1.09728,1.09830,6285.73
12.01.2024 02:00:00.000,1.09829,1.09856,1.09784,1.09798,5276.7402
12.01.2024 03:00:00.000,1.09799,1.09830,1.09774,1.09779,2292.0701
12.01.2024 04:00:00.000,1.09776,1.09776,1.09734,1.09759,4867.1802
12.01.2024 05:00:00.000,1.09760,1.09806,1.09740,1.09758,5258.3701
12.01.2024 06:00:00.000,1.09759,1.09788,1.09734,1.09754,3555.01
12.01.2024 07:00:00.000,1.09756,1.09780,1.09611,1.09671,12612.2197
12.01.2024 08:00:00.000,1.09670,1.09830,1.09653,1.09752,13314.8701
12.01.2024 09:00:00.000,1.09752,1.09799,1.09612,1.09628,7910.8901
12.01.2024 10:00:00.000,1.09628,1.09643,1.09569,1.09601,12124.2002
12.01.2024 11:00:00.000,1.09602,1.09622,1.09468,1.09498,14264.5801
12.01.2024 12:00:00.000,1.09497,1.09520,1.09373,1.09379,11318.3398
12.01.2024 13:00:00.000,1.09380,1.09698,1.09361,1.09555,33579.8906
12.01.2024 14:00:00.000,1.09554,1.09850,1.09529,1.09758,31948.2305
12.01.2024 15:00:00.000,1.09758,1.09872,1.09626,1.09665,25647.4805
12.01.2024 16:00:00.000,1.09666,1.09740,1.09586,1.09586,23794.4004
12.01.2024 17:00:00.000,1.09584,1.09589,1.09472,1.09497,13620.9805
12.01.2024 18:00:00.000,1.09498,1.09598,1.09493,1.09597,11473.6299
12.01.2024 19:00:00.000,1.09594,1.09636,1.09538,1.09561,9773.71
12.01.2024 20:00:00.000,1.09562,1.09567,1.09505,1.09515,15220.8096
12.01.2024 21:00:00.000,1.09515,1.09532,1.09486,1.09532,7436.0298
12.01.2024 22:00:00.000,1.09532,1.09532,1.09532,1.09532,0
12.01.2024 23:00:00.000,1.09532,1.09532,1.09532,1.09532,0
13.01.2024 00:00:00.000,1.09532,1.09532,1.09532,1.09532,0
13.01.2024 01:00:00.000,1.09532,1.09532,1.09532,1.09532,0
13.01.2024 02:00:00.000,1.09532,1.09532,1.09532,1.09532,0
13.01.2024 03:00:00.000,1.09532,1.09532,1.09532,1.09532,0
13.01.2024 04:00:00.000,1.09532,1.09532,1.09532,1.09532,0
13.01.2024 05:00:00.000,1.09532,1.09532,1.09532,1.09532,0
13.01.2024 06:00:00.000,1.09532,1.09532,1.09532,1.09532,0
13.01.2024 07:00:00.000,1.09532,1.09532,1.09532,1.09532,0
13.01.2024 08:00:00.000,1.09532,1.09532,1.09532,1.09532,0
13.01.2024 09:00:00.000,1.09532,1.09532,1.09532,1.09532,0
13.01.2024 10:00:00.000,1.09532,1.09532,1.09532,1.09532,0
13.01.2024 11:00:00.000,1.09532,1.09532,1.09532,1.09532,0
13.01.2024 12:00:00.000,1.09532,1.09532,1.09532,1.09532,0
13.01.2024 13:00:00.000,1.09532,1.09532,1.09532,1.09532,0
13.01.2024 14:00:00.000,1.09532,1.09532,1.09532,1.09532,0
13.01.2024 15:00:00.000,1.09532,1.09532,1.09532,1.09532,0
13.01.2024 16:00:00.000,1.09532,1.09532,1.09532,1.09532,0
13.01.2024 17:00:00.000,1.09532,1.09532,1.09532,1.09532,0
13.01.2024 18:00:00.000,1.09532,1.09532,1.09532,1.09532,0
13.01.2024 19:00:00.000,1.09532,1.09532,1.09532,1.09532,0
13.01.2024 20:00:00.000,1.09532,1.09532,1.09532,1.09532,0
13.01.2024 21:00:00.000,1.09532,1.09532,1.09532,1.09532,0
13.01.2024 22:00:00.000,1.09532,1.09532,1.09532,1.09532,0
13.01.2024 23:00:00.000,1.09532,1.09532,1.09532,1.09532,0
14.01.2024 00:00:00.000,1.09532,1.09532,1.09532,1.09532,0
14.01.2024 01:00:00.000,1.09532,1.09532,1.09532,1.09532,0
14.01.2024 02:00:00.000,1.09532,1.09532,1.09532,1.09532,0
14.01.2024 03:00:00.000,1.09532,1.09532,1.09532,1.09532,0
14.01.2024 04:00:00.000,1.09532,1.09532,1.09532,1.09532,0
14.01.2024 05:00:00.000,1.09532,1.09532,1.09532,1.09532,0
14.01.2024 06:00:00.000,1.09532,1.09532,1.09532,1.09532,0
14.01.2024 07:00:00.000,1.09532,1.09532,1.09532,1.09532,0
14.01.2024 08:00:00.000,1.09532,1.09532,1.09532,1.09532,0
14.01.2024 09:00:00.000,1.09532,1.09532,1.09532,1.09532,0
14.01.2024 10:00:00.000,1.09532,1.09532,1.09532,1.09532,0
14.01.2024 11:00:00.000,1.09532,1.09532,1.09532,1.09532,0
14.01.2024 12:00:00.000,1.09532,1.09532,1.09532,1.09532,0
14.01.2024 13:00:00.000,1.09532,1.09532,1.09532,1.09532,0
14.01.2024 14:00:00.000,1.09532,1.09532,1.09532,1.09532,0
14.01.2024 15:00:00.000,1.09532,1.09532,1.09532,1.09532,0
14.01.2024 16:00:00.000,1.09532,1.09532,1.09532,1.09532,0
14.01.2024 17:00:00.000,1.09532,1.09532,1.09532,1.09532,0
14.01.2024 18:00:00.000,1.09532,1.09532,1.09532,1.09532,0
14.01.2024 19:00:00.000,1.09532,1.09532,1.09532,1.09532,0
14.01.2024 20:00:00.000,1.09532,1.09532,1.09532,1.09532,0
14.01.2024 21:00:00.000,1.09532,1.09532,1.09532,1.09532,0
14.01.2024 22:00:00.000,1.09550,1.09550,1.09465,1.09510,1335.3199
14.01.2024 23:00:00.000,1.09506,1.09509,1.09443,1.09454,1719.52
15.01.2024 00:00:00.000,1.09453,1.09543,1.09410,1.09536,10361.4199
15.01.2024 01:00:00.000,1.09536,1.09563,1.09497,1.09550,5833.1299
15.01.2024 02:00:00.000,1.09551,1.09657,1.09551,1.09651,4237.1099
15.01.2024 03:00:00.000,1.09652,1.09677,1.09639,1.09644,3481.2
15.01.2024 04:00:00.000,1.09644,1.09646,1.09589,1.09631,2378.51
15.01.2024 05:00:00.000,1.09631,1.09662,1.09611,1.09643,2914.3301
15.01.2024 06:00:00.000,1.09644,1.09668,1.09627,1.09641,4023.72
15.01.2024 07:00:00.000,1.09639,1.09665,1.09517,1.09537,7057.6099
15.01.2024 08:00:00.000,1.09537,1.09654,1.09537,1.09583,13763.8496
15.01.2024 09:00:00.000,1.09583,1.09589,1.09431,1.09469,9853.0098
15.01.2024 10:00:00.000,1.09469,1.09470,1.09336,1.09402,12683.4199
15.01.2024 11:00:00.000,1.09401,1.09490,1.09401,1.09456,8143.3799
15.01.2024 12:00:00.000,1.09455,1.09590,1.09439,1.09540,10918
15.01.2024 13:00:00.000,1.09539,1.09543,1.09446,1.09508,11833.9902
15.01.2024 14:00:00.000,1.09509,1.09521,1.09388,1.09435,11401.54
15.01.2024 15:00:00.000,1.09436,1.09511,1.09384,1.09499,8075.6699
15.01.2024 16:00:00.000,1.09499,1.09527,1.09468,1.09474,5171.27
15.01.2024 17:00:00.000,1.09475,1.09526,1.09465,1.09483,2759.6499
15.01.2024 18:00:00.000,1.09483,1.09530,1.09478,1.09529,1503.42
15.01.2024 19:00:00.000,1.09529,1.09537,1.09501,1.09507,953.65
15.01.2024 20:00:00.000,1.09509,1.09520,1.09493,1.09520,939.77
15.01.2024 21:00:00.000,1.09519,1.09523,1.09501,1.09523,489.07
15.01.2024 22:00:00.000,1.09526,1.09529,1.09490,1.09511,6645.4502
15.01.2024 23:00:00.000,1.09502,1.09516,1.09450,1.09453,1858.67
16.01.2024 00:00:00.000,1.09450,1.09464,1.09193,1.09199,8228.5498
16.01.2024 01:00:00.000,1.09199,1.09318,1.09155,1.09278,18239.9492
16.01.2024 02:00:00.000,1.09278,1.09278,1.09218,1.09242,6379.8301
16.01.2024 03:00:00.000,1.09241,1.09257,1.09164,1.09192,6298.0498
16.01.2024 04:00:00.000,1.09191,1.09202,1.09136,1.09177,4730.8398
16.01.2024 05:00:00.000,1.09178,1.09188,1.09128,1.09156,3843.98
16.01.2024 06:00:00.000,1.09154,1.09219,1.09130,1.09177,12260.9502
16.01.2024 07:00:00.000,1.09178,1.09269,1.09089,1.09187,17266.2695
16.01.2024 08:00:00.000,1.09186,1.09238,1.08946,1.09050,28456.5293
16.01.2024 09:00:00.000,1.09047,1.09047,1.08841,1.08864,22786.2598
16.01.2024 10:00:00.000,1.08866,1.08897,1.08795,1.08815,13222.2002
16.01.2024 11:00:00.000,1.08813,1.08948,1.08741,1.08925,13825.71
16.01.2024 12:00:00.000,1.08925,1.08934,1.08839,1.08864,10073.1602
16.01.2024 13:00:00.000,1.08865,1.08981,1.08719,1.08743,36541.3281
16.01.2024 14:00:00.000,1.08742,1.08896,1.08667,1.08727,28624.2695
16.01.2024 15:00:00.000,1.08727,1.08885,1.08659,1.08860,24658.8691
16.01.2024 16:00:00.000,1.08860,1.08948,1.08624,1.08811,47826.9609
16.01.2024 17:00:00.000,1.08812,1.08830,1.08631,1.08632,18341.4004
16.01.2024 18:00:00.000,1.08631,1.08772,1.08631,1.08702,13855.0703
16.01.2024 19:00:00.000,1.08702,1.08749,1.08680,1.08739,7643.7402
16.01.2024 20:00:00.000,1.08740,1.08758,1.08703,1.08717,7220.4399
16.01.2024 21:00:00.000,1.08717,1.08778,1.08716,1.08759,3019.3999
16.01.2024 22:00:00.000,1.08760,1.08795,1.08732,1.08789,2868.1799
16.01.2024 23:00:00.000,1.08787,1.08789,1.08761,1.08787,1457.13
17.01.2024 00:00:00.000,1.08788,1.08791,1.08725,1.08780,3794.8999
17.01.2024 01:00:00.000,1.08780,1.08825,1.08736,1.08777,6295.73
17.01.2024 02:00:00.000,1.08777,1.08847,1.08742,1.08750,4810.4102
17.01.2024 03:00:00.000,1.08751,1.08751,1.08652,1.08666,4763.3999
17.01.2024 04:00:00.000,1.08666,1.08713,1.08650,1.08712,2906.74
17.01.2024 05:00:00.000,1.08711,1.08723,1.08610,1.08651,5018.9199
17.01.2024 06:00:00.000,1.08652,1.08652,1.08557,1.08626,10271.5498
17.01.2024 07:00:00.000,1.08627,1.08739,1.08589,1.08705,19441.9707
17.01.2024 08:00:00.000,1.08704,1.08817,1.08664,1.08669,15390.9502
17.01.2024 09:00:00.000,1.08669,1.08789,1.08611,1.08769,14391.7002
17.01.2024 10:00:00.000,1.08766,1.08840,1.08673,1.08719,12714.5498
17.01.2024 11:00:00.000,1.08721,1.08833,1.08700,1.08787,13911.6104
17.01.2024 12:00:00.000,1.08786,1.08814,1.08697,1.08746,12662.3096
17.01.2024 13:00:00.000,1.08746,1.08788,1.08515,1.08642,36671.6289
17.01.2024 14:00:00.000,1.08642,1.08704,1.08480,1.08491,28003.5
17.01.2024 15:00:00.000,1.08489,1.08710,1.08448,1.08491,27991.6992
17.01.2024 16:00:00.000,1.08491,1.08649,1.08479,1.08575,19264.4707
17.01.2024 17:00:00.000,1.08575,1.08701,1.08569,1.08671,10997.0498
17.01.2024 18:00:00.000,1.08672,1.08675,1.08567,1.08660,13097.0596
17.01.2024 19:00:00.000,1.08661,1.08790,1.08661,1.08740,11381.3896
17.01.2024 20:00:00.000,1.08740,1.08823,1.08705,1.08812,5372.4502
17.01.2024 21:00:00.000,1.08812,1.08833,1.08810,1.08833,2078.1499
17.01.2024 22:00:00.000,1.08833,1.08841,1.08806,1.08830,3784.8201
17.01.2024 23:00:00.000,1.08830,1.08863,1.08822,1.08863,1714.7
18.01.2024 00:00:00.000,1.08864,1.08944,1.08805,1.08941,5976.29
18.01.2024 01:00:00.000,1.08941,1.09009,1.08926,1.08963,9789.0898
18.01.2024 02:00:00.000,1.08964,1.09032,1.08933,1.08936,4794.1401
18.01.2024 03:00:00.000,1.08936,1.08984,1.08908,1.08955,6594.2002
18.01.2024 04:00:00.000,1.08955,1.08964,1.08915,1.08943,4054.8999
18.01.2024 05:00:00.000,1.08943,1.08964,1.08907,1.08951,5285.6602
18.01.2024 06:00:00.000,1.08952,1.09070,1.08950,1.09042,7844.0898
18.01.2024 07:00:00.000,1.09042,1.09065,1.08865,1.08884,8541.21
18.01.2024 08:00:00.000,1.08879,1.08892,1.08776,1.08801,15498.2305
18.01.2024 09:00:00.000,1.08800,1.08997,1.08768,1.08848,16840.7109
18.01.2024 10:00:00.000,1.08847,1.08962,1.08831,1.08953,10619.2002
18.01.2024 11:00:00.000,1.08952,1.08956,1.08849,1.08893,9207.3604
18.01.2024 12:00:00.000,1.08893,1.08940,1.08747,1.08776,11092.5801
18.01.2024 13:00:00.000,1.08775,1.08778,1.08508,1.08527,31088.5801
18.01.2024 14:00:00.000,1.08527,1.08691,1.08496,1.08597,41034.7305
18.01.2024 15:00:00.000,1.08597,1.08683,1.08469,1.08523,38332.9297
18.01.2024 16:00:00.000,1.08522,1.08702,1.08506,1.08620,18282.2695
18.01.2024 17:00:00.000,1.08620,1.08646,1.08503,1.08598,13432.7305
18.01.2024 18:00:00.000,1.08593,1.08661,1.08545,1.08640,13891.4697
18.01.2024 19:00:00.000,1.08638,1.08693,1.08602,1.08620,11305.71
18.01.2024 20:00:00.000,1.08619,1.08695,1.08609,1.08692,14426.0996
18.01.2024 21:00:00.000,1.08693,1.08776,1.08686,1.08769,6340.5098
18.01.2024 22:00:00.000,1.08772,1.08789,1.08729,1.08759,3775.3899
18.01.2024 23:00:00.000,1.08759,1.08807,1.08750,1.08803,3050.9299
19.01.2024 00:00:00.000,1.08803,1.08820,1.08779,1.08801,5533.5601
19.01.2024 01:00:00.000,1.08801,1.08875,1.08763,1.08858,11695.1602
19.01.2024 02:00:00.000,1.08858,1.08898,1.08828,1.08883,6335.48
19.01.2024 03:00:00.000,1.08883,1.08895,1.08857,1.08892,3452.1899
19.01.2024 04:00:00.000,1.08892,1.08896,1.08857,1.08868,2195.51
19.01.2024 05:00:00.000,1.08868,1.08872,1.08797,1.08811,2792.6499
19.01.2024 06:00:00.000,1.08811,1.08826,1.08757,1.08813,4349.48
19.01.2024 07:00:00.000,1.08814,1.08865,1.08748,1.08796,10415.2002
19.01.2024 08:00:00.000,1.08796,1.08821,1.08683,1.08774,11352.5195
19.01.2024 09:00:00.000,1.08775,1.08851,1.08716,1.08831,16429.8691
19.01.2024 10:00:00.000,1.08829,1.08851,1.08732,1.08811,12270.3203
19.01.2024 11:00:00.000,1.08811,1.08933,1.08793,1.08876,7261.04
19.01.2024 12:00:00.000,1.08875,1.08881,1.08802,1.08828,9299.7402
19.01.2024 13:00:00.000,1.08827,1.08898,1.08756,1.08807,16498.5195
19.01.2024 14:00:00.000,1.08808,1.08839,1.08658,1.08810,21051.5195
19.01.2024 15:00:00.000,1.08810,1.08904,1.08700,1.08826,32442.8496
19.01.2024 16:00:00.000,1.08826,1.08880,1.08809,1.08867,17259.0195
19.01.2024 17:00:00.000,1.08869,1.08935,1.08802,1.08898,9558.4805
19.01.2024 18:00:00.000,1.08898,1.08965,1.08861,1.08922,10051.9805
19.01.2024 19:00:00.000,1.08923,1.08949,1.08882,1.08925,8186.0698
19.01.2024 20:00:00.000,1.08925,1.08961,1.08902,1.08953,8472.6602
19.01.2024 21:00:00.000,1.08951,1.08991,1.08940,1.08982,8242.3203
19.01.2024 22:00:00.000,1.08982,1.08982,1.08982,1.08982,0
19.01.2024 23:00:00.000,1.08982,1.08982,1.08982,1.08982,0
20.01.2024 00:00:00.000,1.08982,1.08982,1.08982,1.08982,0
20.01.2024 01:00:00.000,1.08982,1.08982,1.08982,1.08982,0
20.01.2024 02:00:00.000,1.08982,1.08982,1.08982,1.08982,0
20.01.2024 03:00:00.000,1.08982,1.08982,1.08982,1.08982,0
20.01.2024 04:00:00.000,1.08982,1.08982,1.08982,1.08982,0
20.01.2024 05:00:00.000,1.08982,1.08982,1.08982,1.08982,0
20.01.2024 06:00:00.000,1.08982,1.08982,1.08982,1.08982,0
20.01.2024 07:00:00.000,1.08982,1.08982,1.08982,1.08982,0
20.01.2024 08:00:00.000,1.08982,1.08982,1.08982,1.08982,0
20.01.2024 09:00:00.000,1.08982,1.08982,1.08982,1.08982,0
20.01.2024 10:00:00.000,1.08982,1.08982,1.08982,1.08982,0
20.01.2024 11:00:00.000,1.08982,1.08982,1.08982,1.08982,0
20.01.2024 12:00:00.000,1.08982,1.08982,1.08982,1.08982,0
20.01.2024 13:00:00.000,1.08982,1.08982,1.08982,1.08982,0
20.01.2024 14:00:00.000,1.08982,1.08982,1.08982,1.08982,0
20.01.2024 15:00:00.000,1.08982,1.08982,1.08982,1.08982,0
20.01.2024 16:00:00.000,1.08982,1.08982,1.08982,1.08982,0
20.01.2024 17:00:00.000,1.08982,1.08982,1.08982,1.08982,0
20.01.2024 18:00:00.000,1.08982,1.08982,1.08982,1.08982,0
20.01.2024 19:00:00.000,1.08982,1.08982,1.08982,1.08982,0
20.01.2024 20:00:00.000,1.08982,1.08982,1.08982,1.08982,0
20.01.2024 21:00:00.000,1.08982,1.08982,1.08982,1.08982,0
20.01.2024 22:00:00.000,1.08982,1.08982,1.08982,1.08982,0
20.01.2024 23:00:00.000,1.08982,1.08982,1.08982,1.08982,0
21.01.2024 00:00:00.000,1.08982,1.08982,1.08982,1.08982,0
21.01.2024 01:00:00.000,1.08982,1.08982,1.08982,1.08982,0
21.01.2024 02:00:00.000,1.08982,1.08982,1.08982,1.08982,0
21.01.2024 03:00:00.000,1.08982,1.08982,1.08982,1.08982,0
21.01.2024 04:00:00.000,1.08982,1.08982,1.08982,1.08982,0
21.01.2024 05:00:00.000,1.08982,1.08982,1.08982,1.08982,0
21.01.2024 06:00:00.000,1.08982,1.08982,1.08982,1.08982,0
21.01.2024 07:00:00.000,1.08982,1.08982,1.08982,1.08982,0
21.01.2024 08:00:00.000,1.08982,1.08982,1.08982,1.08982,0
21.01.2024 09:00:00.000,1.08982,1.08982,1.08982,1.08982,0
21.01.2024 10:00:00.000,1.08982,1.08982,1.08982,1.08982,0
21.01.2024 11:00:00.000,1.08982,1.08982,1.08982,1.08982,0
21.01.2024 12:00:00.000,1.08982,1.08982,1.08982,1.08982,0
21.01.2024 13:00:00.000,1.08982,1.08982,1.08982,1.08982,0
21.01.2024 14:00:00.000,1.08982,1.08982,1.08982,1.08982,0
21.01.2024 15:00:00.000,1.08982,1.08982,1.08982,1.08982,0
21.01.2024 16:00:00.000,1.08982,1.08982,1.08982,1.08982,0
21.01.2024 17:00:00.000,1.08982,1.08982,1.08982,1.08982,0
21.01.2024 18:00:00.000,1.08982,1.08982,1.08982,1.08982,0
21.01.2024 19:00:00.000,1.08982,1.08982,1.08982,1.08982,0
21.01.2024 20:00:00.000,1.08982,1.08982,1.08982,1.08982,0
21.01.2024 21:00:00.000,1.08982,1.08982,1.08982,1.08982,0
21.01.2024 22:00:00.000,1.08928,1.08964,1.08896,1.08938,3645.3999
21.01.2024 23:00:00.000,1.08932,1.08982,1.08908,1.08923,5125.1602
22.01.2024 00:00:00.000,1.08924,1.09017,1.08915,1.09013,6484.8398
22.01.2024 01:00:00.000,1.09013,1.09052,1.08990,1.09021,8806.1904
22.01.2024 02:00:00.000,1.09022,1.09094,1.08998,1.09074,5364.27
22.01.2024 03:00:00.000,1.09075,1.09079,1.09015,1.09022,4945.3599
22.01.2024 04:00:00.000,1.09023,1.09049,1.09010,1.09032,3849.77
22.01.2024 05:00:00.000,1.09033,1.09049,1.08987,1.09018,4341.0298
22.01.2024 06:00:00.000,1.09018,1.09097,1.09017,1.09051,6851.2402
22.01.2024 07:00:00.000,1.09050,1.09083,1.08975,1.08979,8760.5098
22.01.2024 08:00:00.000,1.08977,1.09010,1.08873,1.08920,16018.9004
22.01.2024 09:00:00.000,1.08919,1.09025,1.08900,1.08972,8706.9404
22.01.2024 10:00:00.000,1.08971,1.08972,1.08861,1.08871,5932.8198
22.01.2024 11:00:00.000,1.08870,1.08906,1.08818,1.08901,8386.3799
22.01.2024 12:00:00.000,1.08901,1.08997,1.08883,1.08928,9120.7803
22.01.2024 13:00:00.000,1.08926,1.08953,1.08801,1.08919,15693.9502
22.01.2024 14:00:00.000,1.08919,1.08964,1.08855,1.08899,15271.71
22.01.2024 15:00:00.000,1.08898,1.08983,1.08826,1.08854,10830.1797
22.01.2024 16:00:00.000,1.08853,1.08945,1.08820,1.08941,10969.5498
22.01.2024 17:00:00.000,1.08940,1.09001,1.08909,1.08966,7484.8501
22.01.2024 18:00:00.000,1.08966,1.08966,1.08841,1.08902,8940.04
22.01.2024 19:00:00.000,1.08902,1.08912,1.08805,1.08849,6847.96
22.01.2024 20:00:00.000,1.08851,1.08857,1.08804,1.08842,5416.3198
22.01.2024 21:00:00.000,1.08843,1.08851,1.08818,1.08833,3333.4399
22.01.2024 22:00:00.000,1.08839,1.08858,1.08816,1.08823,5096.0498
22.01.2024 23:00:00.000,1.08825,1.08827,1.08771,1.08774,2571.6299
23.01.2024 00:00:00.000,1.08777,1.08842,1.08760,1.08833,2740.2
23.01.2024 01:00:00.000,1.08832,1.08888,1.08769,1.08886,6893.1602
23.01.2024 02:00:00.000,1.08887,1.08942,1.08852,1.08875,10150.3896
23.01.2024 03:00:00.000,1.08876,1.08952,1.08855,1.08931,5709.0098
23.01.2024 04:00:00.000,1.08931,1.08990,1.08919,1.08987,3891.29
23.01.2024 05:00:00.000,1.08987,1.09081,1.08970,1.09070,4331.23
23.01.2024 06:00:00.000,1.09071,1.09144,1.09018,1.09142,9310.21
23.01.2024 07:00:00.000,1.09142,1.09163,1.09040,1.09085,11048.0996
23.01.2024 08:00:00.000,1.09085,1.09108,1.08927,1.08954,9975.8799
23.01.2024 09:00:00.000,1.08954,1.08954,1.08839,1.08877,12461.5
23.01.2024 10:00:00.000,1.08876,1.08885,1.08675,1.08697,11714.5596
23.01.2024 11:00:00.000,1.08697,1.08723,1.08602,1.08664,20686.5195
23.01.2024 12:00:00.000,1.08666,1.08734,1.08606,1.08640,11589.3096
23.01.2024 13:00:00.000,1.08640,1.08761,1.08640,1.08742,15873.8496
23.01.2024 14:00:00.000,1.08741,1.08742,1.08487,1.08529,18062.8809
23.01.2024 15:00:00.000,1.08529,1.08585,1.08218,1.08310,26854.0898
23.01.2024 16:00:00.000,1.08311,1.08397,1.08258,1.08283,17077.7402
23.01.2024 17:00:00.000,1.08282,1.08359,1.08245,1.08316,11421.3701
23.01.2024 18:00:00.000,1.08316,1.08395,1.08306,1.08372,13526.3701
23.01.2024 19:00:00.000,1.08374,1.08479,1.08360,1.08454,8147.0098
23.01.2024 20:00:00.000,1.08454,1.08503,1.08439,1.08500,6274.4502
23.01.2024 21:00:00.000,1.08500,1.08562,1.08484,1.08555,2683.6599
23.01.2024 22:00:00.000,1.08555,1.08560,1.08517,1.08545,3786.55
23.01.2024 23:00:00.000,1.08544,1.08595,1.08542,1.08575,1721.47
24.01.2024 00:00:00.000,1.08575,1.08602,1.08554,1.08562,3545.1101
24.01.2024 01:00:00.000,1.08561,1.08597,1.08517,1.08582,8243.9502
24.01.2024 02:00:00.000,1.08582,1.08586,1.08535,1.08571,4949.8701
24.01.2024 03:00:00.000,1.08572,1.08616,1.08568,1.08592,5042.77
24.01.2024 04:00:00.000,1.08594,1.08663,1.08584,1.08646,4519.8599
24.01.2024 05:00:00.000,1.08646,1.08646,1.08595,1.08623,4217.1602
24.01.2024 06:00:00.000,1.08621,1.08668,1.08610,1.08637,4451.2998
24.01.2024 07:00:00.000,1.08634,1.08797,1.08605,1.08735,10917.4199
24.01.2024 08:00:00.000,1.08735,1.08807,1.08628,1.08702,17495.7695
24.01.2024 09:00:00.000,1.08703,1.09079,1.08700,1.09030,19245.25
24.01.2024 10:00:00.000,1.09029,1.09050,1.08934,1.08979,9617.4697
24.01.2024 11:00:00.000,1.08979,1.09018,1.08911,1.08929,14058.7197
24.01.2024 12:00:00.000,1.08929,1.08994,1.08876,1.08949,14087.5498
24.01.2024 13:00:00.000,1.08950,1.09275,1.08937,1.09252,26588.2793
24.01.2024 14:00:00.000,1.09250,1.09325,1.09019,1.09036,29838.2305
24.01.2024 15:00:00.000,1.09036,1.09079,1.08934,1.09009,45304.4883
24.01.2024 16:00:00.000,1.09010,1.09056,1.08908,1.09007,27602.4492
24.01.2024 17:00:00.000,1.09005,1.09089,1.08956,1.09055,11204.4805
24.01.2024 18:00:00.000,1.09054,1.09062,1.08905,1.08929,13749.5498
24.01.2024 19:00:00.000,1.08928,1.08935,1.08815,1.08885,15775.8203
24.01.2024 20:00:00.000,1.08885,1.08907,1.08793,1.08801,8570.4004
24.01.2024 21:00:00.000,1.08800,1.08858,1.08779,1.08855,3441.4326
24.01.2024 22:00:00.000,1.08855,1.08883,1.08846,1.08862,2457.46
24.01.2024 23:00:00.000,1.08864,1.08871,1.08812,1.08813,2362.95
25.01.2024 00:00:00.000,1.08813,1.08816,1.08724,1.08744,8066.7002
25.01.2024 01:00:00.000,1.08744,1.08789,1.08704,1.08777,8592.7305
25.01.2024 02:00:00.000,1.08780,1.08802,1.08752,1.08774,6190.3198
25.01.2024 03:00:00.000,1.08775,1.08821,1.08775,1.08780,5834.8501
25.01.2024 04:00:00.000,1.08780,1.08815,1.08746,1.08758,2806.0801
25.01.2024 05:00:00.000,1.08757,1.08790,1.08750,1.08785,4920.7002
25.01.2024 06:00:00.000,1.08786,1.08868,1.08759,1.08864,6796.3901
25.01.2024 07:00:00.000,1.08862,1.08915,1.08842,1.08880,8469.5996
25.01.2024 08:00:00.000,1.08880,1.08998,1.08831,1.08992,18004.2891
25.01.2024 09:00:00.000,1.08991,1.09000,1.08920,1.08960,12378.5996
25.01.2024 10:00:00.000,1.08960,1.08990,1.08921,1.08931,15126
25.01.2024 11:00:00.000,1.08932,1.08954,1.08869,1.08951,10135.1201
25.01.2024 12:00:00.000,1.08951,1.08959,1.08858,1.08884,13231.5996
25.01.2024 13:00:00.000,1.08884,1.09022,1.08670,1.08796,42286.8906
25.01.2024 14:00:00.000,1.08795,1.08795,1.08532,1.08605,44078.8984
25.01.2024 15:00:00.000,1.08604,1.08616,1.08294,1.08319,28664.8301
25.01.2024 16:00:00.000,1.08318,1.08398,1.08243,1.08365,19645.25
25.01.2024 17:00:00.000,1.08366,1.08523,1.08314,1.08378,14271.3799
25.01.2024 18:00:00.000,1.08379,1.08469,1.08302,1.08304,12395.9404
25.01.2024 19:00:00.000,1.08303,1.08377,1.08218,1.08361,10617.0098
25.01.2024 20:00:00.000,1.08361,1.08406,1.08336,1.08399,9876.2803
25.01.2024 21:00:00.000,1.08399,1.08485,1.08392,1.08468,3927.8899
25.01.2024 22:00:00.000,1.08468,1.08491,1.08444,1.08474,5314.02
25.01.2024 23:00:00.000,1.08471,1.08482,1.08433,1.08457,2885.3799
26.01.2024 00:00:00.000,1.08458,1.08461,1.08377,1.08401,3511.53
26.01.2024 01:00:00.000,1.08401,1.08469,1.08394,1.08446,4838.2798
26.01.2024 02:00:00.000,1.08446,1.08492,1.08441,1.08444,5054.71
26.01.2024 03:00:00.000,1.08443,1.08478,1.08441,1.08451,3959.6799
26.01.2024 04:00:00.000,1.08452,1.08452,1.08382,1.08398,2136.0701
26.01.2024 05:00:00.000,1.08397,1.08441,1.08387,1.08428,4860.1602
26.01.2024 06:00:00.000,1.08428,1.08431,1.08287,1.08296,5355.3101
26.01.2024 07:00:00.000,1.08295,1.08306,1.08130,1.08198,19003.8105
26.01.2024 08:00:00.000,1.08197,1.08422,1.08176,1.08405,23662.6094
26.01.2024 09:00:00.000,1.08405,1.08508,1.08342,1.08443,21202.0801
26.01.2024 10:00:00.000,1.08444,1.08665,1.08444,1.08650,10477.4502
26.01.2024 11:00:00.000,1.08651,1.08762,1.08645,1.08747,9870.6797
26.01.2024 12:00:00.000,1.08748,1.08760,1.08658,1.08675,7194.46
26.01.2024 13:00:00.000,1.08676,1.08864,1.08565,1.08722,31115.6504
26.01.2024 14:00:00.000,1.08721,1.08804,1.08611,1.08742,35050.1016
26.01.2024 15:00:00.000,1.08740,1.08742,1.08552,1.08642,24680.1406
26.01.2024 16:00:00.000,1.08642,1.08695,1.08591,1.08651,14219.9297
26.01.2024 17:00:00.000,1.08650,1.08707,1.08593,1.08639,11252.4199
26.01.2024 18:00:00.000,1.08638,1.08661,1.08541,1.08559,6326.6602
26.01.2024 19:00:00.000,1.08558,1.08618,1.08554,1.08584,5217.1001
26.01.2024 20:00:00.000,1.08585,1.08624,1.08534,1.08547,4655.6401
26.01.2024 21:00:00.000,1.08546,1.08596,1.08525,1.08565,7342.0801
26.01.2024 22:00:00.000,1.08565,1.08565,1.08565,1.08565,0
26.01.2024 23:00:00.000,1.08565,1.08565,1.08565,1.08565,0
27.01.2024 00:00:00.000,1.08565,1.08565,1.08565,1.08565,0
27.01.2024 01:00:00.000,1.08565,1.08565,1.08565,1.08565,0
27.01.2024 02:00:00.000,1.08565,1.08565,1.08565,1.08565,0
27.01.2024 03:00:00.000,1.08565,1.08565,1.08565,1.08565,0
27.01.2024 04:00:00.000,1.08565,1.08565,1.08565,1.08565,0
27.01.2024 05:00:00.000,1.08565,1.08565,1.08565,1.08565,0
27.01.2024 06:00:00.000,1.08565,1.08565,1.08565,1.08565,0
27.01.2024 07:00:00.000,1.08565,1.08565,1.08565,1.08565,0
27.01.2024 08:00:00.000,1.08565,1.08565,1.08565,1.08565,0
27.01.2024 09:00:00.000,1.08565,1.08565,1.08565,1.08565,0
27.01.2024 10:00:00.000,1.08565,1.08565,1.08565,1.08565,0
27.01.2024 11:00:00.000,1.08565,1.08565,1.08565,1.08565,0
27.01.2024 12:00:00.000,1.08565,1.08565,1.08565,1.08565,0
27.01.2024 13:00:00.000,1.08565,1.08565,1.08565,1.08565,0
27.01.2024 14:00:00.000,1.08565,1.08565,1.08565,1.08565,0
27.01.2024 15:00:00.000,1.08565,1.08565,1.08565,1.08565,0
27.01.2024 16:00:00.000,1.08565,1.08565,1.08565,1.08565,0
27.01.2024 17:00:00.000,1.08565,1.08565,1.08565,1.08565,0
27.01.2024 18:00:00.000,1.08565,1.08565,1.08565,1.08565,0
27.01.2024 19:00:00.000,1.08565,1.08565,1.08565,1.08565,0
27.01.2024 20:00:00.000,1.08565,1.08565,1.08565,1.08565,0
27.01.2024 21:00:00.000,1.08565,1.08565,1.08565,1.08565,0
27.01.2024 22:00:00.000,1.08565,1.08565,1.08565,1.08565,0
27.01.2024 23:00:00.000,1.08565,1.08565,1.08565,1.08565,0
28.01.2024 00:00:00.000,1.08565,1.08565,1.08565,1.08565,0
28.01.2024 01:00:00.000,1.08565,1.08565,1.08565,1.08565,0
28.01.2024 02:00:00.000,1.08565,1.08565,1.08565,1.08565,0
28.01.2024 03:00:00.000,1.08565,1.08565,1.08565,1.08565,0
28.01.2024 04:00:00.000,1.08565,1.08565,1.08565,1.08565,0
28.01.2024 05:00:00.000,1.08565,1.08565,1.08565,1.08565,0
28.01.2024 06:00:00.000,1.08565,1.08565,1.08565,1.08565,0
28.01.2024 07:00:00.000,1.08565,1.08565,1.08565,1.08565,0
28.01.2024 08:00:00.000,1.08565,1.08565,1.08565,1.08565,0
28.01.2024 09:00:00.000,1.08565,1.08565,1.08565,1.08565,0
28.01.2024 10:00:00.000,1.08565,1.08565,1.08565,1.08565,0
28.01.2024 11:00:00.000,1.08565,1.08565,1.08565,1.08565,0
28.01.2024 12:00:00.000,1.08565,1.08565,1.08565,1.08565,0
28.01.2024 13:00:00.000,1.08565,1.08565,1.08565,1.08565,0
28.01.2024 14:00:00.000,1.08565,1.08565,1.08565,1.08565,0
28.01.2024 15:00:00.000,1.08565,1.08565,1.08565,1.08565,0
28.01.2024 16:00:00.000,1.08565,1.08565,1.08565,1.08565,0
28.01.2024 17:00:00.000,1.08565,1.08565,1.08565,1.08565,0
28.01.2024 18:00:00.000,1.08565,1.08565,1.08565,1.08565,0
28.01.2024 19:00:00.000,1.08565,1.08565,1.08565,1.08565,0
28.01.2024 20:00:00.000,1.08565,1.08565,1.08565,1.08565,0
28.01.2024 21:00:00.000,1.08565,1.08565,1.08565,1.08565,0
28.01.2024 22:00:00.000,1.08469,1.08504,1.08438,1.08467,5103.8701
28.01.2024 23:00:00.000,1.08468,1.08502,1.08422,1.08424,4790.7002
29.01.2024 00:00:00.000,1.08424,1.08452,1.08414,1.08449,8162.6201
29.01.2024 01:00:00.000,1.08449,1.08492,1.08435,1.08442,3564.95
29.01.2024 02:00:00.000,1.08441,1.08453,1.08396,1.08438,6184.1499
29.01.2024 03:00:00.000,1.08439,1.08469,1.08427,1.08453,4217.9702
29.01.2024 04:00:00.000,1.08453,1.08479,1.08439,1.08450,2489.04
29.01.2024 05:00:00.000,1.08448,1.08451,1.08398,1.08401,5678.8301
29.01.2024 06:00:00.000,1.08402,1.08474,1.08394,1.08468,7552.7002
29.01.2024 07:00:00.000,1.08468,1.08502,1.08351,1.08373,9893.2695
29.01.2024 08:00:00.000,1.08372,1.08421,1.08333,1.08349,14756.2695
29.01.2024 09:00:00.000,1.08347,1.08359,1.08232,1.08253,11094.6699
29.01.2024 10:00:00.000,1.08252,1.08256,1.08141,1.08193,12192.4004
29.01.2024 11:00:00.000,1.08194,1.08273,1.08166,1.08231,9085.8398
29.01.2024 12:00:00.000,1.08232,1.08370,1.08205,1.08222,10217.2598
29.01.2024 13:00:00.000,1.08222,1.08246,1.08140,1.08206,17495.5898
29.01.2024 14:00:00.000,1.08203,1.08228,1.08043,1.08072,17103.5605
29.01.2024 15:00:00.000,1.08072,1.08108,1.07963,1.07975,18840.3008
29.01.2024 16:00:00.000,1.07975,1.08090,1.07960,1.08061,13305.0098
29.01.2024 17:00:00.000,1.08061,1.08162,1.08058,1.08118,7997.3398
29.01.2024 18:00:00.000,1.08118,1.08134,1.08096,1.08117,4040.24
29.01.2024 19:00:00.000,1.08116,1.08201,1.08101,1.08191,7384.79
29.01.2024 20:00:00.000,1.08192,1.08408,1.08192,1.08315,12965.3896
29.01.2024 21:00:00.000,1.08313,1.08351,1.08270,1.08338,3659.75
29.01.2024 22:00:00.000,1.08358,1.08360,1.08307,1.08348,3328.52
29.01.2024 23:00:00.000,1.08350,1.08371,1.08336,1.08340,1731.62
30.01.2024 00:00:00.000,1.08339,1.08424,1.08339,1.08411,4801.4399
30.01.2024 01:00:00.000,1.08409,1.08409,1.08327,1.08351,6786.1099
30.01.2024 02:00:00.000,1.08350,1.08363,1.08302,1.08342,3566.7
30.01.2024 03:00:00.000,1.08342,1.08346,1.08305,1.08308,2477.3301
30.01.2024 04:00:00.000,1.08309,1.08337,1.08244,1.08255,3277.3899
30.01.2024 05:00:00.000,1.08253,1.08292,1.08220,1.08227,3750.6399
30.01.2024 06:00:00.000,1.08227,1.08261,1.08142,1.08153,5339.1602
30.01.2024 07:00:00.000,1.08150,1.08244,1.08121,1.08231,17944.1602
30.01.2024 08:00:00.000,1.08231,1.08323,1.08165,1.08223,23889.8008
30.01.2024 09:00:00.000,1.08222,1.08295,1.08179,1.08273,14951.1699
30.01.2024 10:00:00.000,1.08272,1.08407,1.08233,1.08384,13767.9502
30.01.2024 11:00:00.000,1.08386,1.08482,1.08373,1.08420,9535.9297
30.01.2024 12:00:00.000,1.08420,1.08501,1.08368,1.08479,8131.2202
30.01.2024 13:00:00.000,1.08478,1.08486,1.08343,1.08348,23551.6699
30.01.2024 14:00:00.000,1.08349,1.08574,1.08297,1.08508,21227.5801
30.01.2024 15:00:00.000,1.08508,1.08567,1.08283,1.08371,31271.7305
30.01.2024 16:00:00.000,1.08370,1.08444,1.08345,1.08433,15326.0098
30.01.2024 17:00:00.000,1.08432,1.08475,1.08370,1.08392,7237.0098
30.01.2024 18:00:00.000,1.08389,1.08389,1.08318,1.08360,5287.1802
30.01.2024 19:00:00.000,1.08358,1.08472,1.08358,1.08462,7496.2798
30.01.2024 20:00:00.000,1.08463,1.08488,1.08410,1.08448,6876.5298
30.01.2024 21:00:00.000,1.08449,1.08472,1.08429,1.08464,3841.3101
30.01.2024 22:00:00.000,1.08464,1.08469,1.08401,1.08439,2026.67
30.01.2024 23:00:00.000,1.08441,1.08451,1.08429,1.08431,1477.74
31.01.2024 00:00:00.000,1.08431,1.08483,1.08414,1.08430,5932.5601
31.01.2024 01:00:00.000,1.08428,1.08437,1.08315,1.08315,6643.6001
31.01.2024 02:00:00.000,1.08314,1.08314,1.08164,1.08183,16599.0898
31.01.2024 03:00:00.000,1.08185,1.08191,1.08161,1.08188,7046.2402
31.01.2024 04:00:00.000,1.08188,1.08225,1.08183,1.08207,7600.2998
31.01.2024 05:00:00.000,1.08204,1.08221,1.08178,1.08206,4521.96
31.01.2024 06:00:00.000,1.08207,1.08223,1.08151,1.08158,5315.1001
31.01.2024 07:00:00.000,1.08159,1.08217,1.08063,1.08163,13792.04
31.01.2024 08:00:00.000,1.08163,1.08263,1.08094,1.08194,20177.4805
31.01.2024 09:00:00.000,1.08194,1.08369,1.08165,1.08225,29448.9707
31.01.2024 10:00:00.000,1.08226,1.08317,1.08216,1.08257,15945.71
31.01.2024 11:00:00.000,1.08257,1.08405,1.08257,1.08392,10274.3896
31.01.2024 12:00:00.000,1.08394,1.08431,1.08337,1.08370,7873.4302
31.01.2024 13:00:00.000,1.08371,1.08631,1.08345,1.08577,26693.4902
31.01.2024 14:00:00.000,1.08577,1.08868,1.08525,1.08802,36794.7891
31.01.2024 15:00:00.000,1.08802,1.08877,1.08543,1.08614,42645.5
31.01.2024 16:00:00.000,1.08614,1.08680,1.08450,1.08546,31924.4199
31.01.2024 17:00:00.000,1.08546,1.08547,1.08420,1.08497,11958.6396
31.01.2024 18:00:00.000,1.08497,1.08528,1.08440,1.08465,9964.8203
31.01.2024 19:00:00.000,1.08470,1.08644,1.08163,1.08407,60166.8203
31.01.2024 20:00:00.000,1.08406,1.08421,1.07951,1.08080,51008.2383
31.01.2024 21:00:00.000,1.08078,1.08200,1.08057,1.08192,6936.4302
31.01.2024 22:00:00.000,1.08197,1.08206,1.08128,1.08147,1928.1899
31.01.2024 23:00:00.000,1.08147,1.08180,1.08034,1.08042,2614.8401
01.02.2024 00:00:00.000,1.08041,1.08147,1.08020,1.08085,15965.1104
01.02.2024 01:00:00.000,1.08086,1.08128,1.08047,1.08092,11728.0801
01.02.2024 02:00:00.000,1.08091,1.08220,1.08087,1.08194,11562.2197
01.02.2024 03:00:00.000,1.08194,1.08211,1.08111,1.08119,6332.21
01.02.2024 04:00:00.000,1.08119,1.08139,1.08054,1.08079,5717.6499
01.02.2024 05:00:00.000,1.08078,1.08078,1.08029,1.08030,5992.1001
01.02.2024 06:00:00.000,1.08029,1.08052,1.07939,1.07962,6130.25
01.02.2024 07:00:00.000,1.07959,1.07974,1.07839,1.07936,17586.5898
01.02.2024 08:00:00.000,1.07933,1.07941,1.07800,1.07920,22558.1797
01.02.2024 09:00:00.000,1.07919,1.08018,1.07868,1.07992,17502.6191
01.02.2024 10:00:00.000,1.07992,1.08029,1.07916,1.07934,9609.8301
01.02.2024 11:00:00.000,1.07935,1.08135,1.07929,1.08087,15528.2695
01.02.2024 12:00:00.000,1.08087,1.08200,1.08058,1.08154,16393.3301
01.02.2024 13:00:00.000,1.08154,1.08276,1.08091,1.08141,25194.1602
01.02.2024 14:00:00.000,1.08140,1.08300,1.08117,1.08274,23411.5098
01.02.2024 15:00:00.000,1.08275,1.08321,1.08068,1.08267,50369.3516
01.02.2024 16:00:00.000,1.08267,1.08660,1.08267,1.08646,28958.6992
01.02.2024 17:00:00.000,1.08647,1.08749,1.08610,1.08730,17678.9199
01.02.2024 18:00:00.000,1.08731,1.08734,1.08632,1.08700,11249.1104
01.02.2024 19:00:00.000,1.08700,1.08750,1.08681,1.08721,16385.3398
01.02.2024 20:00:00.000,1.08721,1.08750,1.08683,1.08719,12276.7002
01.02.2024 21:00:00.000,1.08717,1.08733,1.08683,1.08725,6242.9199
01.02.2024 22:00:00.000,1.08728,1.08743,1.08677,1.08738,5227.8398
01.02.2024 23:00:00.000,1.08734,1.08764,1.08730,1.08746,1867.89
02.02.2024 00:00:00.000,1.08744,1.08799,1.08719,1.08729,6581.3198
02.02.2024 01:00:00.000,1.08730,1.08761,1.08703,1.08718,4745.9502
02.02.2024 02:00:00.000,1.08719,1.08788,1.08715,1.08786,3751.03
02.02.2024 03:00:00.000,1.08788,1.08790,1.08735,1.08770,5190.04
02.02.2024 04:00:00.000,1.08767,1.08775,1.08722,1.08732,6754.6802
02.02.2024 05:00:00.000,1.08731,1.08827,1.08725,1.08777,7325.5298
02.02.2024 06:00:00.000,1.08776,1.08812,1.08743,1.08759,6179.8301
02.02.2024 07:00:00.000,1.08758,1.08873,1.08746,1.08812,9300.9805
02.02.2024 08:00:00.000,1.08813,1.08904,1.08738,1.08794,11245.2598
02.02.2024 09:00:00.000,1.08795,1.08978,1.08795,1.08910,8681.7002
02.02.2024 10:00:00.000,1.08908,1.08952,1.08808,1.08848,10165.0996
02.02.2024 11:00:00.000,1.08847,1.08866,1.08783,1.08839,13621.8096
02.02.2024 12:00:00.000,1.08840,1.08853,1.08778,1.08805,8845.3604
02.02.2024 13:00:00.000,1.08805,1.08862,1.08039,1.08074,42788.1406
02.02.2024 14:00:00.000,1.08074,1.08172,1.07919,1.08091,42702.3906
02.02.2024 15:00:00.000,1.08090,1.08122,1.07833,1.08025,34530.9883
02.02.2024 16:00:00.000,1.08025,1.08039,1.07825,1.07863,16364.3604
02.02.2024 17:00:00.000,1.07862,1.07928,1.07809,1.07837,12355.1602
02.02.2024 18:00:00.000,1.07838,1.07913,1.07807,1.07883,9369.5098
02.02.2024 19:00:00.000,1.07885,1.07958,1.07863,1.07927,7489.6499
02.02.2024 20:00:00.000,1.07929,1.07975,1.07922,1.07933,8101
02.02.2024 21:00:00.000,1.07934,1.07942,1.07858,1.07883,5192.8301
02.02.2024 22:00:00.000,1.07883,1.07883,1.07883,1.07883,0
02.02.2024 23:00:00.000,1.07883,1.07883,1.07883,1.07883,0
03.02.2024 00:00:00.000,1.07883,1.07883,1.07883,1.07883,0
03.02.2024 01:00:00.000,1.07883,1.07883,1.07883,1.07883,0
03.02.2024 02:00:00.000,1.07883,1.07883,1.07883,1.07883,0
03.02.2024 03:00:00.000,1.07883,1.07883,1.07883,1.07883,0
03.02.2024 04:00:00.000,1.07883,1.07883,1.07883,1.07883,0
03.02.2024 05:00:00.000,1.07883,1.07883,1.07883,1.07883,0
03.02.2024 06:00:00.000,1.07883,1.07883,1.07883,1.07883,0
03.02.2024 07:00:00.000,1.07883,1.07883,1.07883,1.07883,0
03.02.2024 08:00:00.000,1.07883,1.07883,1.07883,1.07883,0
03.02.2024 09:00:00.000,1.07883,1.07883,1.07883,1.07883,0
03.02.2024 10:00:00.000,1.07883,1.07883,1.07883,1.07883,0
03.02.2024 11:00:00.000,1.07883,1.07883,1.07883,1.07883,0
03.02.2024 12:00:00.000,1.07883,1.07883,1.07883,1.07883,0
03.02.2024 13:00:00.000,1.07883,1.07883,1.07883,1.07883,0
03.02.2024 14:00:00.000,1.07883,1.07883,1.07883,1.07883,0
03.02.2024 15:00:00.000,1.07883,1.07883,1.07883,1.07883,0
03.02.2024 16:00:00.000,1.07883,1.07883,1.07883,1.07883,0
03.02.2024 17:00:00.000,1.07883,1.07883,1.07883,1.07883,0
03.02.2024 18:00:00.000,1.07883,1.07883,1.07883,1.07883,0
03.02.2024 19:00:00.000,1.07883,1.07883,1.07883,1.07883,0
03.02.2024 20:00:00.000,1.07883,1.07883,1.07883,1.07883,0
03.02.2024 21:00:00.000,1.07883,1.07883,1.07883,1.07883,0
03.02.2024 22:00:00.000,1.07883,1.07883,1.07883,1.07883,0
03.02.2024 23:00:00.000,1.07883,1.07883,1.07883,1.07883,0
04.02.2024 00:00:00.000,1.07883,1.07883,1.07883,1.07883,0
04.02.2024 01:00:00.000,1.07883,1.07883,1.07883,1.07883,0
04.02.2024 02:00:00.000,1.07883,1.07883,1.07883,1.07883,0
04.02.2024 03:00:00.000,1.07883,1.07883,1.07883,1.07883,0
04.02.2024 04:00:00.000,1.07883,1.07883,1.07883,1.07883,0
04.02.2024 05:00:00.000,1.07883,1.07883,1.07883,1.07883,0
04.02.2024 06:00:00.000,1.07883,1.07883,1.07883,1.07883,0
04.02.2024 07:00:00.000,1.07883,1.07883,1.07883,1.07883,0
04.02.2024 08:00:00.000,1.07883,1.07883,1.07883,1.07883,0
04.02.2024 09:00:00.000,1.07883,1.07883,1.07883,1.07883,0
04.02.2024 10:00:00.000,1.07883,1.07883,1.07883,1.07883,0
04.02.2024 11:00:00.000,1.07883,1.07883,1.07883,1.07883,0
04.02.2024 12:00:00.000,1.07883,1.07883,1.07883,1.07883,0
04.02.2024 13:00:00.000,1.07883,1.07883,1.07883,1.07883,0
04.02.2024 14:00:00.000,1.07883,1.07883,1.07883,1.07883,0
04.02.2024 15:00:00.000,1.07883,1.07883,1.07883,1.07883,0
04.02.2024 16:00:00.000,1.07883,1.07883,1.07883,1.07883,0
04.02.2024 17:00:00.000,1.07883,1.07883,1.07883,1.07883,0
04.02.2024 18:00:00.000,1.07883,1.07883,1.07883,1.07883,0
04.02.2024 19:00:00.000,1.07883,1.07883,1.07883,1.07883,0
04.02.2024 20:00:00.000,1.07883,1.07883,1.07883,1.07883,0
04.02.2024 21:00:00.000,1.07883,1.07883,1.07883,1.07883,0
04.02.2024 22:00:00.000,1.07881,1.07881,1.07809,1.07813,2991.5701
04.02.2024 23:00:00.000,1.07811,1.07843,1.07701,1.07800,6197.5
05.02.2024 00:00:00.000,1.07799,1.07835,1.07674,1.07728,9687.5098
05.02.2024 01:00:00.000,1.07730,1.07790,1.07689,1.07785,9555.7002
05.02.2024 02:00:00.000,1.07784,1.07814,1.07758,1.07791,10740.54
05.02.2024 03:00:00.000,1.07791,1.07811,1.07746,1.07792,4409.46
05.02.2024 04:00:00.000,1.07792,1.07802,1.07757,1.07791,2879.71
05.02.2024 05:00:00.000,1.07790,1.07824,1.07734,1.07823,6775.79
05.02.2024 06:00:00.000,1.07821,1.07850,1.07775,1.07783,7400.5298
05.02.2024 07:00:00.000,1.07779,1.07835,1.07729,1.07805,16950.0195
05.02.2024 08:00:00.000,1.07804,1.07862,1.07636,1.07671,16628.2402
05.02.2024 09:00:00.000,1.07670,1.07729,1.07521,1.07540,10988.3301
05.02.2024 10:00:00.000,1.07540,1.07563,1.07478,1.07495,9316.8496
05.02.2024 11:00:00.000,1.07495,1.07589,1.07471,1.07551,17374.25
05.02.2024 12:00:00.000,1.07552,1.07579,1.07496,1.07500,12045.1504
05.02.2024 13:00:00.000,1.07498,1.07507,1.07363,1.07376,9653.46
05.02.2024 14:00:00.000,1.07377,1.07451,1.07354,1.07428,20296.4609
05.02.2024 15:00:00.000,1.07424,1.07428,1.07234,1.07255,38151.25
05.02.2024 16:00:00.000,1.07254,1.07361,1.07248,1.07355,14593.1201
05.02.2024 17:00:00.000,1.07355,1.07431,1.07342,1.07394,11618.6699
05.02.2024 18:00:00.000,1.07394,1.07467,1.07376,1.07441,7242.9102
05.02.2024 19:00:00.000,1.07442,1.07467,1.07423,1.07431,8345.0195
05.02.2024 20:00:00.000,1.07432,1.07443,1.07370,1.07427,7373.3999
05.02.2024 21:00:00.000,1.07428,1.07431,1.07395,1.07430,4032.6201
05.02.2024 22:00:00.000,1.07433,1.07457,1.07392,1.07448,1504.76
05.02.2024 23:00:00.000,1.07442,1.07442,1.07411,1.07412,1824.61
06.02.2024 00:00:00.000,1.07412,1.07455,1.07412,1.07440,3149.27
06.02.2024 01:00:00.000,1.07440,1.07473,1.07418,1.07455,6731.1299
06.02.2024 02:00:00.000,1.07456,1.07492,1.07440,1.07462,7612.8701
06.02.2024 03:00:00.000,1.07462,1.07492,1.07437,1.07442,8976.6602
06.02.2024 04:00:00.000,1.07441,1.07506,1.07437,1.07492,7668.0098
06.02.2024 05:00:00.000,1.07492,1.07543,1.07489,1.07537,12508.8301
06.02.2024 06:00:00.000,1.07537,1.07537,1.07484,1.07512,7851.5698
06.02.2024 07:00:00.000,1.07513,1.07626,1.07509,1.07521,18175.5605
06.02.2024 08:00:00.000,1.07522,1.07602,1.07452,1.07463,19399.1094
06.02.2024 09:00:00.000,1.07464,1.07476,1.07257,1.07294,11551.1299
06.02.2024 10:00:00.000,1.07293,1.07367,1.07279,1.07293,6957.8101
06.02.2024 11:00:00.000,1.07293,1.07432,1.07245,1.07388,12292.9404
06.02.2024 12:00:00.000,1.07387,1.07395,1.07228,1.07360,12315.5801
06.02.2024 13:00:00.000,1.07361,1.07441,1.07282,1.07308,18280.4805
06.02.2024 14:00:00.000,1.07305,1.07438,1.07292,1.07405,25597.5293
06.02.2024 15:00:00.000,1.07407,1.07485,1.07369,1.07435,20476.6602
06.02.2024 16:00:00.000,1.07434,1.07535,1.07392,1.07507,18056.1992
06.02.2024 17:00:00.000,1.07507,1.07553,1.07480,1.07511,11019.9805
06.02.2024 18:00:00.000,1.07511,1.07558,1.07437,1.07541,10618.4297
06.02.2024 19:00:00.000,1.07541,1.07548,1.07470,1.07495,7505.25
06.02.2024 20:00:00.000,1.07496,1.07576,1.07495,1.07569,7773.5601
06.02.2024 21:00:00.000,1.07566,1.07566,1.07527,1.07549,4920.8701
06.02.2024 22:00:00.000,1.07555,1.07567,1.07535,1.07556,5045.5298
06.02.2024 23:00:00.000,1.07552,1.07571,1.07547,1.07570,3982.5901
07.02.2024 00:00:00.000,1.07570,1.07596,1.07563,1.07592,6916.96
07.02.2024 01:00:00.000,1.07594,1.07652,1.07592,1.07638,13624.3301
07.02.2024 02:00:00.000,1.07637,1.07659,1.07619,1.07638,11352.5996
07.02.2024 03:00:00.000,1.07639,1.07667,1.07587,1.07591,4324.02
07.02.2024 04:00:00.000,1.07590,1.07604,1.07569,1.07593,5474.2002
07.02.2024 05:00:00.000,1.07591,1.07648,1.07582,1.07629,5986.5698
07.02.2024 06:00:00.000,1.07628,1.07659,1.07570,1.07614,5486.2202
07.02.2024 07:00:00.000,1.07615,1.07730,1.07612,1.07727,10872.2695
07.02.2024 08:00:00.000,1.07728,1.07736,1.07606,1.07630,11391.29
07.02.2024 09:00:00.000,1.07631,1.07711,1.07581,1.07695,10598.7598
07.02.2024 10:00:00.000,1.07694,1.07710,1.07629,1.07644,10340.7305
07.02.2024 11:00:00.000,1.07643,1.07741,1.07625,1.07712,9829.8301
07.02.2024 12:00:00.000,1.07713,1.07754,1.07662,1.07739,9318.2402
07.02.2024 13:00:00.000,1.07740,1.07841,1.07670,1.07704,14606.3203
07.02.2024 14:00:00.000,1.07704,1.07782,1.07657,1.07716,29500.6191
07.02.2024 15:00:00.000,1.07718,1.07800,1.07559,1.07569,31858.0898
07.02.2024 16:00:00.000,1.07570,1.07714,1.07563,1.07678,15849.9404
07.02.2024 17:00:00.000,1.07678,1.07680,1.07595,1.07650,7803.21
07.02.2024 18:00:00.000,1.07650,1.07738,1.07646,1.07712,9995.2695
07.02.2024 19:00:00.000,1.07713,1.07757,1.07702,1.07720,4561.6401
07.02.2024 20:00:00.000,1.07720,1.07744,1.07710,1.07729,4242.0298
07.02.2024 21:00:00.000,1.07728,1.07750,1.07720,1.07723,2986.96
07.02.2024 22:00:00.000,1.07720,1.07756,1.07713,1.07734,3457.8101
07.02.2024 23:00:00.000,1.07736,1.07772,1.07729,1.07757,2042.1801
08.02.2024 00:00:00.000,1.07755,1.07797,1.07747,1.07782,3715.02
08.02.2024 01:00:00.000,1.07781,1.07799,1.07754,1.07789,5134.3999
08.02.2024 02:00:00.000,1.07789,1.07835,1.07786,1.07831,8118.5898
08.02.2024 03:00:00.000,1.07832,1.07851,1.07818,1.07825,3328.6699
08.02.2024 04:00:00.000,1.07825,1.07885,1.07798,1.07801,3535.1699
08.02.2024 05:00:00.000,1.07801,1.07843,1.07788,1.07829,5880.9702
08.02.2024 06:00:00.000,1.07830,1.07866,1.07814,1.07843,7016.5898
08.02.2024 07:00:00.000,1.07842,1.07890,1.07770,1.07803,10096.1699
08.02.2024 08:00:00.000,1.07803,1.07842,1.07687,1.07774,14667.8398
08.02.2024 09:00:00.000,1.07774,1.07845,1.07736,1.07831,11636.4297
08.02.2024 10:00:00.000,1.07831,1.07857,1.07714,1.07719,11230.2305
08.02.2024 11:00:00.000,1.07716,1.07733,1.07612,1.07631,12449.9004
08.02.2024 12:00:00.000,1.07631,1.07637,1.07501,1.07570,10214.7695
08.02.2024 13:00:00.000,1.07571,1.07622,1.07417,1.07443,19447.5098
08.02.2024 14:00:00.000,1.07441,1.07676,1.07437,1.07650,23757.7695
08.02.2024 15:00:00.000,1.07651,1.07677,1.07516,1.07613,20049.8809
08.02.2024 16:00:00.000,1.07614,1.07741,1.07604,1.07734,16466.1309
08.02.2024 17:00:00.000,1.07735,1.07767,1.07716,1.07736,6674.5698
08.02.2024 18:00:00.000,1.07737,1.07830,1.07734,1.07768,10221.3301
08.02.2024 19:00:00.000,1.07768,1.07789,1.07728,1.07749,9043.5098
08.02.2024 20:00:00.000,1.07749,1.07801,1.07749,1.07779,7095.6001
08.02.2024 21:00:00.000,1.07779,1.07789,1.07763,1.07782,2742.9099
08.02.2024 22:00:00.000,1.07782,1.07803,1.07767,1.07776,1964.14
08.02.2024 23:00:00.000,1.07778,1.07783,1.07741,1.07780,2141.95
09.02.2024 00:00:00.000,1.07780,1.07790,1.07725,1.07731,4500.9902
09.02.2024 01:00:00.000,1.07733,1.07788,1.07733,1.07745,4215.9399
09.02.2024 02:00:00.000,1.07745,1.07784,1.07734,1.07764,3776.72
09.02.2024 03:00:00.000,1.07764,1.07777,1.07703,1.07711,3416.6101
09.02.2024 04:00:00.000,1.07711,1.07729,1.07696,1.07714,1914.79
09.02.2024 05:00:00.000,1.07713,1.07741,1.07698,1.07713,1736.1
09.02.2024 06:00:00.000,1.07713,1.07757,1.07702,1.07749,2476.5701
09.02.2024 07:00:00.000,1.07750,1.07829,1.07747,1.07805,8216.6396
09.02.2024 08:00:00.000,1.07806,1.07850,1.07725,1.07730,17240.0996
09.02.2024 09:00:00.000,1.07729,1.07771,1.07662,1.07674,17346.5
09.02.2024 10:00:00.000,1.07673,1.07703,1.07623,1.07669,13801.0098
09.02.2024 11:00:00.000,1.07670,1.07734,1.07637,1.07719,8036.5801
09.02.2024 12:00:00.000,1.07720,1.07768,1.07633,1.07674,9022.96
09.02.2024 13:00:00.000,1.07673,1.07950,1.07655,1.07833,32593.6406
09.02.2024 14:00:00.000,1.07832,1.07953,1.07751,1.07818,29203.9707
09.02.2024 15:00:00.000,1.07818,1.07900,1.07801,1.07866,20600.9395
09.02.2024 16:00:00.000,1.07865,1.07882,1.07799,1.07819,18865.0898
09.02.2024 17:00:00.000,1.07817,1.07870,1.07794,1.07857,7992.3599
09.02.2024 18:00:00.000,1.07858,1.07910,1.07858,1.07869,5329.04
09.02.2024 19:00:00.000,1.07868,1.07881,1.07815,1.07827,4107.9902
09.02.2024 20:00:00.000,1.07827,1.07882,1.07799,1.07864,8369.7402
09.02.2024 21:00:00.000,1.07864,1.07887,1.07841,1.07849,3185.8899
09.02.2024 22:00:00.000,1.07849,1.07849,1.07849,1.07849,0
09.02.2024 23:00:00.000,1.07849,1.07849,1.07849,1.07849,0
10.02.2024 00:00:00.000,1.07849,1.07849,1.07849,1.07849,0
10.02.2024 01:00:00.000,1.07849,1.07849,1.07849,1.07849,0
10.02.2024 02:00:00.000,1.07849,1.07849,1.07849,1.07849,0
10.02.2024 03:00:00.000,1.07849,1.07849,1.07849,1.07849,0
10.02.2024 04:00:00.000,1.07849,1.07849,1.07849,1.07849,0
10.02.2024 05:00:00.000,1.07849,1.07849,1.07849,1.07849,0
10.02.2024 06:00:00.000,1.07849,1.07849,1.07849,1.07849,0
10.02.2024 07:00:00.000,1.07849,1.07849,1.07849,1.07849,0
10.02.2024 08:00:00.000,1.07849,1.07849,1.07849,1.07849,0
10.02.2024 09:00:00.000,1.07849,1.07849,1.07849,1.07849,0
10.02.2024 10:00:00.000,1.07849,1.07849,1.07849,1.07849,0
10.02.2024 11:00:00.000,1.07849,1.07849,1.07849,1.07849,0
10.02.2024 12:00:00.000,1.07849,1.07849,1.07849,1.07849,0
10.02.2024 13:00:00.000,1.07849,1.07849,1.07849,1.07849,0
10.02.2024 14:00:00.000,1.07849,1.07849,1.07849,1.07849,0
10.02.2024 15:00:00.000,1.07849,1.07849,1.07849,1.07849,0
10.02.2024 16:00:00.000,1.07849,1.07849,1.07849,1.07849,0
10.02.2024 17:00:00.000,1.07849,1.07849,1.07849,1.07849,0
10.02.2024 18:00:00.000,1.07849,1.07849,1.07849,1.07849,0
10.02.2024 19:00:00.000,1.07849,1.07849,1.07849,1.07849,0
10.02.2024 20:00:00.000,1.07849,1.07849,1.07849,1.07849,0
10.02.2024 21:00:00.000,1.07849,1.07849,1.07849,1.07849,0
10.02.2024 22:00:00.000,1.07849,1.07849,1.07849,1.07849,0
10.02.2024 23:00:00.000,1.07849,1.07849,1.07849,1.07849,0
11.02.2024 00:00:00.000,1.07849,1.07849,1.07849,1.07849,0
11.02.2024 01:00:00.000,1.07849,1.07849,1.07849,1.07849,0
11.02.2024 02:00:00.000,1.07849,1.07849,1.07849,1.07849,0
11.02.2024 03:00:00.000,1.07849,1.07849,1.07849,1.07849,0
11.02.2024 04:00:00.000,1.07849,1.07849,1.07849,1.07849,0
11.02.2024 05:00:00.000,1.07849,1.07849,1.07849,1.07849,0
11.02.2024 06:00:00.000,1.07849,1.07849,1.07849,1.07849,0
11.02.2024 07:00:00.000,1.07849,1.07849,1.07849,1.07849,0
11.02.2024 08:00:00.000,1.07849,1.07849,1.07849,1.07849,0
11.02.2024 09:00:00.000,1.07849,1.07849,1.07849,1.07849,0
11.02.2024 10:00:00.000,1.07849,1.07849,1.07849,1.07849,0
11.02.2024 11:00:00.000,1.07849,1.07849,1.07849,1.07849,0
11.02.2024 12:00:00.000,1.07849,1.07849,1.07849,1.07849,0
11.02.2024 13:00:00.000,1.07849,1.07849,1.07849,1.07849,0
11.02.2024 14:00:00.000,1.07849,1.07849,1.07849,1.07849,0
11.02.2024 15:00:00.000,1.07849,1.07849,1.07849,1.07849,0
11.02.2024 16:00:00.000,1.07849,1.07849,1.07849,1.07849,0
11.02.2024 17:00:00.000,1.07849,1.07849,1.07849,1.07849,0
11.02.2024 18:00:00.000,1.07849,1.07849,1.07849,1.07849,0
11.02.2024 19:00:00.000,1.07849,1.07849,1.07849,1.07849,0
11.02.2024 20:00:00.000,1.07849,1.07849,1.07849,1.07849,0
11.02.2024 21:00:00.000,1.07849,1.07849,1.07849,1.07849,0
11.02.2024 22:00:00.000,1.07848,1.07878,1.07819,1.07859,819.38
11.02.2024 23:00:00.000,1.07861,1.07985,1.07848,1.07982,6432.4302
12.02.2024 00:00:00.000,1.07982,1.08000,1.07969,1.07987,6250.6802
12.02.2024 01:00:00.000,1.07988,1.07988,1.07939,1.07958,2496.95
12.02.2024 02:00:00.000,1.07960,1.07980,1.07934,1.07951,2100.3899
12.02.2024 03:00:00.000,1.07950,1.07972,1.07913,1.07921,3362.8501
12.02.2024 04:00:00.000,1.07922,1.07943,1.07896,1.07907,3622.6899
12.02.2024 05:00:00.000,1.07906,1.07946,1.07902,1.07917,2764.5801
12.02.2024 06:00:00.000,1.07918,1.07934,1.07902,1.07918,3595.3999
12.02.2024 07:00:00.000,1.07917,1.08058,1.07896,1.08034,12960.8701
12.02.2024 08:00:00.000,1.08033,1.08033,1.07745,1.07755,18805.1895
12.02.2024 09:00:00.000,1.07754,1.07782,1.07669,1.07693,13238.1602
12.02.2024 10:00:00.000,1.07695,1.07789,1.07674,1.07769,9531.2002
12.02.2024 11:00:00.000,1.07770,1.07780,1.07632,1.07696,5820.3999
12.02.2024 12:00:00.000,1.07697,1.07738,1.07653,1.07700,10038.2803
12.02.2024 13:00:00.000,1.07700,1.07738,1.07612,1.07641,10392.7402
12.02.2024 14:00:00.000,1.07640,1.07744,1.07632,1.07724,11316.8896
12.02.2024 15:00:00.000,1.07724,1.07726,1.07560,1.07676,18571
12.02.2024 16:00:00.000,1.07676,1.07775,1.07655,1.07734,10303.8896
12.02.2024 17:00:00.000,1.07734,1.07826,1.07730,1.07825,7307.2002
12.02.2024 18:00:00.000,1.07826,1.07863,1.07807,1.07814,6131.1802
12.02.2024 19:00:00.000,1.07813,1.07831,1.07682,1.07696,6316.1201
12.02.2024 20:00:00.000,1.07697,1.07752,1.07697,1.07744,8156.5
12.02.2024 21:00:00.000,1.07744,1.07752,1.07704,1.07720,3490.01
12.02.2024 22:00:00.000,1.07720,1.07767,1.07720,1.07734,1442.99
12.02.2024 23:00:00.000,1.07733,1.07740,1.07710,1.07721,2084.75
13.02.2024 00:00:00.000,1.07721,1.07732,1.07671,1.07729,3391.1599
13.02.2024 01:00:00.000,1.07731,1.07747,1.07659,1.07671,2638.1599
13.02.2024 02:00:00.000,1.07670,1.07670,1.07624,1.07643,2724.54
13.02.2024 03:00:00.000,1.07643,1.07649,1.07608,1.07620,3180.71
13.02.2024 04:00:00.000,1.07620,1.07644,1.07614,1.07639,2457.0901
13.02.2024 05:00:00.000,1.07636,1.07681,1.07636,1.07671,2839.4099
13.02.2024 06:00:00.000,1.07671,1.07727,1.07663,1.07707,3807.3899
13.02.2024 07:00:00.000,1.07706,1.07780,1.07660,1.07713,15374.4805
13.02.2024 08:00:00.000,1.07713,1.07748,1.07624,1.07679,14289.1299
13.02.2024 09:00:00.000,1.07678,1.07696,1.07570,1.07670,15887.5303
13.02.2024 10:00:00.000,1.07671,1.07764,1.07665,1.07724,14109.3203
13.02.2024 11:00:00.000,1.07724,1.07819,1.07724,1.07781,8801.3799
13.02.2024 12:00:00.000,1.07778,1.07868,1.07764,1.07857,13708.2002
13.02.2024 13:00:00.000,1.07856,1.07998,1.07032,1.07087,45271.5
13.02.2024 14:00:00.000,1.07086,1.07239,1.07008,1.07182,41524.1484
13.02.2024 15:00:00.000,1.07183,1.07270,1.07061,1.07168,33642.0391
13.02.2024 16:00:00.000,1.07169,1.07223,1.07129,1.07193,19279.75
13.02.2024 17:00:00.000,1.07194,1.07204,1.07125,1.07153,9384.7305
13.02.2024 18:00:00.000,1.07154,1.07204,1.07078,1.07085,7420.0898
13.02.2024 19:00:00.000,1.07083,1.07084,1.07006,1.07015,9857.5098
13.02.2024 20:00:00.000,1.07014,1.07103,1.07008,1.07075,14369.7197
13.02.2024 21:00:00.000,1.07073,1.07104,1.07073,1.07091,5915.4399
13.02.2024 22:00:00.000,1.07092,1.07127,1.07092,1.07118,1895.3101
13.02.2024 23:00:00.000,1.07115,1.07115,1.07082,1.07087,2159.6499
14.02.2024 00:00:00.000,1.07086,1.07147,1.07063,1.07079,4507.1699
14.02.2024 01:00:00.000,1.07080,1.07124,1.07035,1.07118,10226.3896
14.02.2024 02:00:00.000,1.07118,1.07141,1.07089,1.07097,6144.4702
14.02.2024 03:00:00.000,1.07098,1.07141,1.07084,1.07127,5338.9702
14.02.2024 04:00:00.000,1.07127,1.07148,1.07096,1.07146,3839.2
14.02.2024 05:00:00.000,1.07146,1.07153,1.07118,1.07143,4042.1899
14.02.2024 06:00:00.000,1.07142,1.07190,1.07142,1.07166,8227.0098
14.02.2024 07:00:00.000,1.07166,1.07176,1.07053,1.07078,16811.5098
14.02.2024 08:00:00.000,1.07078,1.07084,1.06952,1.07024,12762.6797
14.02.2024 09:00:00.000,1.07024,1.07061,1.06965,1.07003,12420.71
14.02.2024 10:00:00.000,1.07004,1.07045,1.06966,1.07038,8938.3799
14.02.2024 11:00:00.000,1.07039,1.07106,1.06973,1.07080,9793.9805
14.02.2024 12:00:00.000,1.07080,1.07106,1.07013,1.07059,8161.8301
14.02.2024 13:00:00.000,1.07060,1.07169,1.07060,1.07089,22224.7891
14.02.2024 14:00:00.000,1.07090,1.07232,1.07067,1.07164,29255.8008
14.02.2024 15:00:00.000,1.07163,1.07253,1.07134,1.07214,19267.2598
14.02.2024 16:00:00.000,1.07213,1.07346,1.07193,1.07341,14407.0898
14.02.2024 17:00:00.000,1.07341,1.07341,1.07279,1.07308,10093.7197
14.02.2024 18:00:00.000,1.07308,1.07340,1.07261,1.07270,7468.8901
14.02.2024 19:00:00.000,1.07270,1.07296,1.07257,1.07283,5623.5898
14.02.2024 20:00:00.000,1.07284,1.07290,1.07262,1.07277,10665.1602
14.02.2024 21:00:00.000,1.07276,1.07286,1.07256,1.07277,3771.96
14.02.2024 22:00:00.000,1.07293,1.07298,1.07267,1.07275,1473.49
14.02.2024 23:00:00.000,1.07279,1.07324,1.07276,1.07322,1254.41
15.02.2024 00:00:00.000,1.07323,1.07356,1.07296,1.07342,5844.8901
15.02.2024 01:00:00.000,1.07343,1.07353,1.07264,1.07285,6556.6401
15.02.2024 02:00:00.000,1.07285,1.07316,1.07260,1.07294,4813.9702
15.02.2024 03:00:00.000,1.07295,1.07308,1.07252,1.07258,5472.5698
15.02.2024 04:00:00.000,1.07258,1.07270,1.07249,1.07262,3583.5801
15.02.2024 05:00:00.000,1.07262,1.07324,1.07262,1.07293,4763.1699
15.02.2024 06:00:00.000,1.07292,1.07342,1.07274,1.07312,3860.6899
15.02.2024 07:00:00.000,1.07311,1.07415,1.07278,1.07332,11488.75
15.02.2024 08:00:00.000,1.07333,1.07379,1.07298,1.07312,11401.5498
15.02.2024 09:00:00.000,1.07311,1.07370,1.07282,1.07334,11466.2598
15.02.2024 10:00:00.000,1.07332,1.07371,1.07310,1.07348,7221.0898
15.02.2024 11:00:00.000,1.07348,1.07403,1.07339,1.07356,7012.1099
15.02.2024 12:00:00.000,1.07356,1.07489,1.07356,1.07451,7537.3901
15.02.2024 13:00:00.000,1.07452,1.07731,1.07429,1.07666,40443.2305
15.02.2024 14:00:00.000,1.07660,1.07830,1.07594,1.07763,36215.9414
15.02.2024 15:00:00.000,1.07763,1.07850,1.07587,1.07613,18664.75
15.02.2024 16:00:00.000,1.07614,1.07632,1.07553,1.07597,13039.2197
15.02.2024 17:00:00.000,1.07599,1.07631,1.07567,1.07626,10748.6104
15.02.2024 18:00:00.000,1.07627,1.07678,1.07607,1.07671,11319.9102
15.02.2024 19:00:00.000,1.07672,1.07725,1.07667,1.07690,4246.9502
15.02.2024 20:00:00.000,1.07689,1.07719,1.07681,1.07718,5331.02
15.02.2024 21:00:00.000,1.07716,1.07740,1.07705,1.07726,3396.6201
15.02.2024 22:00:00.000,1.07729,1.07740,1.07704,1.07736,1786.5
15.02.2024 23:00:00.000,1.07735,1.07770,1.07725,1.07729,1567.92
16.02.2024 00:00:00.000,1.07730,1.07738,1.07614,1.07651,5279.48
16.02.2024 01:00:00.000,1.07652,1.07663,1.07616,1.07652,6487.9902
16.02.2024 02:00:00.000,1.07651,1.07652,1.07601,1.07608,3445.8899
16.02.2024 03:00:00.000,1.07606,1.07634,1.07593,1.07602,2469.96
16.02.2024 04:00:00.000,1.07602,1.07614,1.07576,1.07595,3518.6699
16.02.2024 05:00:00.000,1.07594,1.07620,1.07586,1.07605,4263.1299
16.02.2024 06:00:00.000,1.07604,1.07630,1.07588,1.07629,2642.0701
16.02.2024 07:00:00.000,1.07630,1.07682,1.07603,1.07608,7289.23
16.02.2024 08:00:00.000,1.07610,1.07716,1.07597,1.07701,8957.0195
16.02.2024 09:00:00.000,1.07700,1.07719,1.07642,1.07663,7934.71
16.02.2024 10:00:00.000,1.07665,1.07710,1.07629,1.07682,9992.2402
16.02.2024 11:00:00.000,1.07680,1.07802,1.07669,1.07777,10966.2598
16.02.2024 12:00:00.000,1.07776,1.07781,1.07678,1.07682,9605.04
16.02.2024 13:00:00.000,1.07682,1.07711,1.07322,1.07466,32039.8008
16.02.2024 14:00:00.000,1.07466,1.07572,1.07411,1.07503,29973.0293
16.02.2024 15:00:00.000,1.07506,1.07771,1.07490,1.07710,29591.8906
16.02.2024 16:00:00.000,1.07711,1.07755,1.07658,1.07686,10522.5898
16.02.2024 17:00:00.000,1.07682,1.07781,1.07629,1.07779,8930.3604
16.02.2024 18:00:00.000,1.07781,1.07862,1.07740,1.07853,15348.2002
16.02.2024 19:00:00.000,1.07853,1.07876,1.07756,1.07771,7994.3101
16.02.2024 20:00:00.000,1.07772,1.07776,1.07731,1.07766,10688.8301
16.02.2024 21:00:00.000,1.07767,1.07805,1.07750,1.07769,5149.8198
16.02.2024 22:00:00.000,1.07769,1.07769,1.07769,1.07769,0
16.02.2024 23:00:00.000,1.07769,1.07769,1.07769,1.07769,0
17.02.2024 00:00:00.000,1.07769,1.07769,1.07769,1.07769,0
17.02.2024 01:00:00.000,1.07769,1.07769,1.07769,1.07769,0
17.02.2024 02:00:00.000,1.07769,1.07769,1.07769,1.07769,0
17.02.2024 03:00:00.000,1.07769,1.07769,1.07769,1.07769,0
17.02.2024 04:00:00.000,1.07769,1.07769,1.07769,1.07769,0
17.02.2024 05:00:00.000,1.07769,1.07769,1.07769,1.07769,0
17.02.2024 06:00:00.000,1.07769,1.07769,1.07769,1.07769,0
17.02.2024 07:00:00.000,1.07769,1.07769,1.07769,1.07769,0
17.02.2024 08:00:00.000,1.07769,1.07769,1.07769,1.07769,0
17.02.2024 09:00:00.000,1.07769,1.07769,1.07769,1.07769,0
17.02.2024 10:00:00.000,1.07769,1.07769,1.07769,1.07769,0
17.02.2024 11:00:00.000,1.07769,1.07769,1.07769,1.07769,0
17.02.2024 12:00:00.000,1.07769,1.07769,1.07769,1.07769,0
17.02.2024 13:00:00.000,1.07769,1.07769,1.07769,1.07769,0
17.02.2024 14:00:00.000,1.07769,1.07769,1.07769,1.07769,0
17.02.2024 15:00:00.000,1.07769,1.07769,1.07769,1.07769,0
17.02.2024 16:00:00.000,1.07769,1.07769,1.07769,1.07769,0
17.02.2024 17:00:00.000,1.07769,1.07769,1.07769,1.07769,0
17.02.2024 18:00:00.000,1.07769,1.07769,1.07769,1.07769,0
17.02.2024 19:00:00.000,1.07769,1.07769,1.07769,1.07769,0
17.02.2024 20:00:00.000,1.07769,1.07769,1.07769,1.07769,0
17.02.2024 21:00:00.000,1.07769,1.07769,1.07769,1.07769,0
17.02.2024 22:00:00.000,1.07769,1.07769,1.07769,1.07769,0
17.02.2024 23:00:00.000,1.07769,1.07769,1.07769,1.07769,0
18.02.2024 00:00:00.000,1.07769,1.07769,1.07769,1.07769,0
18.02.2024 01:00:00.000,1.07769,1.07769,1.07769,1.07769,0
18.02.2024 02:00:00.000,1.07769,1.07769,1.07769,1.07769,0
18.02.2024 03:00:00.000,1.07769,1.07769,1.07769,1.07769,0
18.02.2024 04:00:00.000,1.07769,1.07769,1.07769,1.07769,0
18.02.2024 05:00:00.000,1.07769,1.07769,1.07769,1.07769,0
18.02.2024 06:00:00.000,1.07769,1.07769,1.07769,1.07769,0
18.02.2024 07:00:00.000,1.07769,1.07769,1.07769,1.07769,0
18.02.2024 08:00:00.000,1.07769,1.07769,1.07769,1.07769,0
18.02.2024 09:00:00.000,1.07769,1.07769,1.07769,1.07769,0
18.02.2024 10:00:00.000,1.07769,1.07769,1.07769,1.07769,0
18.02.2024 11:00:00.000,1.07769,1.07769,1.07769,1.07769,0
18.02.2024 12:00:00.000,1.07769,1.07769,1.07769,1.07769,0
18.02.2024 13:00:00.000,1.07769,1.07769,1.07769,1.07769,0
18.02.2024 14:00:00.000,1.07769,1.07769,1.07769,1.07769,0
18.02.2024 15:00:00.000,1.07769,1.07769,1.07769,1.07769,0
18.02.2024 16:00:00.000,1.07769,1.07769,1.07769,1.07769,0
18.02.2024 17:00:00.000,1.07769,1.07769,1.07769,1.07769,0
18.02.2024 18:00:00.000,1.07769,1.07769,1.07769,1.07769,0
18.02.2024 19:00:00.000,1.07769,1.07769,1.07769,1.07769,0
18.02.2024 20:00:00.000,1.07769,1.07769,1.07769,1.07769,0
18.02.2024 21:00:00.000,1.07769,1.07769,1.07769,1.07769,0
18.02.2024 22:00:00.000,1.07783,1.07783,1.07742,1.07768,1433.71
18.02.2024 23:00:00.000,1.07770,1.07853,1.07759,1.07843,3564.6899
19.02.2024 00:00:00.000,1.07841,1.07891,1.07839,1.07871,5141.0898
19.02.2024 01:00:00.000,1.07872,1.07883,1.07785,1.07805,5876.8398
19.02.2024 02:00:00.000,1.07804,1.07820,1.07783,1.07814,4491.5801
19.02.2024 03:00:00.000,1.07814,1.07835,1.07752,1.07756,3677.1101
19.02.2024 04:00:00.000,1.07754,1.07813,1.07750,1.07781,2944.29
19.02.2024 05:00:00.000,1.07781,1.07830,1.07772,1.07820,5060.8101
19.02.2024 06:00:00.000,1.07820,1.07869,1.07801,1.07865,4834.4199
19.02.2024 07:00:00.000,1.07866,1.07896,1.07815,1.07828,5437.9399
19.02.2024 08:00:00.000,1.07831,1.07876,1.07765,1.07784,9116.5
19.02.2024 09:00:00.000,1.07784,1.07837,1.07725,1.07750,9169.96
19.02.2024 10:00:00.000,1.07750,1.07789,1.07725,1.07755,6637.2402
19.02.2024 11:00:00.000,1.07756,1.07819,1.07737,1.07772,6103.1802
19.02.2024 12:00:00.000,1.07772,1.07797,1.07698,1.07704,9434.5498
19.02.2024 13:00:00.000,1.07705,1.07791,1.07677,1.07703,12680.1904
19.02.2024 14:00:00.000,1.07702,1.07707,1.07632,1.07667,14094.46
19.02.2024 15:00:00.000,1.07668,1.07688,1.07622,1.07676,9862.8496
19.02.2024 16:00:00.000,1.07675,1.07710,1.07628,1.07701,4127.6802
19.02.2024 17:00:00.000,1.07698,1.07767,1.07697,1.07763,2796.22
19.02.2024 18:00:00.000,1.07762,1.07839,1.07762,1.07793,1149.1
19.02.2024 19:00:00.000,1.07794,1.07824,1.07783,1.07788,844.99
19.02.2024 20:00:00.000,1.07789,1.07800,1.07779,1.07796,416.58
19.02.2024 21:00:00.000,1.07795,1.07826,1.07791,1.07798,719.62
19.02.2024 22:00:00.000,1.07816,1.07816,1.07780,1.07804,2779.22
19.02.2024 23:00:00.000,1.07796,1.07804,1.07741,1.07757,1914.3199
20.02.2024 00:00:00.000,1.07756,1.07771,1.07679,1.07698,3906.1201
20.02.2024 01:00:00.000,1.07698,1.07715,1.07652,1.07662,6574.0601
20.02.2024 02:00:00.000,1.07660,1.07672,1.07619,1.07672,8260.6201
20.02.2024 03:00:00.000,1.07672,1.07688,1.07648,1.07680,7268.3101
20.02.2024 04:00:00.000,1.07679,1.07711,1.07675,1.07691,3180.6899
20.02.2024 05:00:00.000,1.07692,1.07702,1.07655,1.07682,5271.5898
20.02.2024 06:00:00.000,1.07683,1.07731,1.07675,1.07711,7151.7002
20.02.2024 07:00:00.000,1.07712,1.07750,1.07677,1.07699,8625.5303
20.02.2024 08:00:00.000,1.07699,1.07779,1.07691,1.07759,12914.4297
20.02.2024 09:00:00.000,1.07759,1.07991,1.07741,1.07981,10822.9404
20.02.2024 10:00:00.000,1.07980,1.08096,1.07958,1.08042,12737.8398
20.02.2024 11:00:00.000,1.08042,1.08046,1.07938,1.07986,17793.75
20.02.2024 12:00:00.000,1.07986,1.08058,1.07955,1.07983,12956.5303
20.02.2024 13:00:00.000,1.07984,1.08250,1.07971,1.08232,20771.3594
20.02.2024 14:00:00.000,1.08234,1.08391,1.08184,1.08292,20163.75
20.02.2024 15:00:00.000,1.08293,1.08297,1.08132,1.08228,17456.7402
20.02.2024 16:00:00.000,1.08228,1.08250,1.08126,1.08131,15260.04
20.02.2024 17:00:00.000,1.08132,1.08150,1.08093,1.08120,10765.8203
20.02.2024 18:00:00.000,1.08119,1.08132,1.08073,1.08100,5841.5498
20.02.2024 19:00:00.000,1.08099,1.08117,1.08066,1.08066,12455
20.02.2024 20:00:00.000,1.08066,1.08129,1.08046,1.08106,9718.0801
20.02.2024 21:00:00.000,1.08105,1.08108,1.08067,1.08085,2801.1101
20.02.2024 22:00:00.000,1.08084,1.08111,1.08072,1.08109,1368.09
20.02.2024 23:00:00.000,1.08111,1.08114,1.08082,1.08101,3016.6699
21.02.2024 00:00:00.000,1.08102,1.08113,1.08068,1.08104,4280.77
21.02.2024 01:00:00.000,1.08103,1.08128,1.08057,1.08122,6311.3501
21.02.2024 02:00:00.000,1.08122,1.08174,1.08122,1.08153,8527.9297
21.02.2024 03:00:00.000,1.08154,1.08191,1.08138,1.08182,7804.7202
21.02.2024 04:00:00.000,1.08182,1.08193,1.08137,1.08143,3961.03
21.02.2024 05:00:00.000,1.08144,1.08167,1.08127,1.08153,3652.9399
21.02.2024 06:00:00.000,1.08153,1.08154,1.08078,1.08117,4617.2002
21.02.2024 07:00:00.000,1.08118,1.08143,1.08066,1.08110,9593.1201
21.02.2024 08:00:00.000,1.08107,1.08148,1.07975,1.07990,11504.0303
21.02.2024 09:00:00.000,1.07989,1.08006,1.07901,1.08001,17276.75
21.02.2024 10:00:00.000,1.08000,1.08035,1.07962,1.08013,10141.1201
21.02.2024 11:00:00.000,1.08012,1.08024,1.07945,1.07993,6726.8198
21.02.2024 12:00:00.000,1.07992,1.08034,1.07966,1.08033,9381.4004
21.02.2024 13:00:00.000,1.08034,1.08116,1.08034,1.08102,10902.79
21.02.2024 14:00:00.000,1.08102,1.08163,1.08064,1.08133,14179.5098
21.02.2024 15:00:00.000,1.08134,1.08201,1.08045,1.08054,15344.4404
21.02.2024 16:00:00.000,1.08053,1.08191,1.08010,1.08172,17295.8809
21.02.2024 17:00:00.000,1.08172,1.08175,1.08069,1.08077,8447.0303
21.02.2024 18:00:00.000,1.08076,1.08138,1.08001,1.08122,9635.8896
21.02.2024 19:00:00.000,1.08124,1.08246,1.08053,1.08167,20974.1895
21.02.2024 20:00:00.000,1.08167,1.08211,1.08127,1.08173,7754.9502
21.02.2024 21:00:00.000,1.08175,1.08204,1.08132,1.08195,3764.3799
21.02.2024 22:00:00.000,1.08195,1.08217,1.08184,1.08204,7449.0801
21.02.2024 23:00:00.000,1.08205,1.08229,1.08190,1.08205,2046.53
22.02.2024 00:00:00.000,1.08205,1.08322,1.08203,1.08304,5342.4702
22.02.2024 01:00:00.000,1.08304,1.08308,1.08269,1.08269,4713.23
22.02.2024 02:00:00.000,1.08267,1.08272,1.08192,1.08263,3935.54
22.02.2024 03:00:00.000,1.08264,1.08275,1.08233,1.08260,3925.1899
22.02.2024 04:00:00.000,1.08260,1.08311,1.08255,1.08306,3114.71
22.02.2024 05:00:00.000,1.08306,1.08381,1.08299,1.08336,5424.1602
22.02.2024 06:00:00.000,1.08336,1.08403,1.08332,1.08387,5719.8901
22.02.2024 07:00:00.000,1.08387,1.08540,1.08378,1.08533,17372.1191
22.02.2024 08:00:00.000,1.08534,1.08885,1.08528,1.08719,26861.3594
22.02.2024 09:00:00.000,1.08719,1.08719,1.08483,1.08533,23355.2305
22.02.2024 10:00:00.000,1.08533,1.08590,1.08505,1.08568,10339.5303
22.02.2024 11:00:00.000,1.08569,1.08576,1.08451,1.08576,10447.8096
22.02.2024 12:00:00.000,1.08576,1.08589,1.08426,1.08441,6855.7002
22.02.2024 13:00:00.000,1.08440,1.08483,1.08212,1.08232,19050.3105
22.02.2024 14:00:00.000,1.08232,1.08247,1.08030,1.08184,22226.1406
22.02.2024 15:00:00.000,1.08182,1.08197,1.08038,1.08105,22906.6992
22.02.2024 16:00:00.000,1.08105,1.08187,1.08090,1.08143,11284.4004
22.02.2024 17:00:00.000,1.08143,1.08242,1.08120,1.08203,7766.6201
22.02.2024 18:00:00.000,1.08203,1.08263,1.08146,1.08249,8103.6802
22.02.2024 19:00:00.000,1.08249,1.08252,1.08193,1.08225,5281.23
22.02.2024 20:00:00.000,1.08225,1.08233,1.08187,1.08219,4558.02
22.02.2024 21:00:00.000,1.08220,1.08240,1.08209,1.08237,3012.76
22.02.2024 22:00:00.000,1.08237,1.08249,1.08189,1.08228,1495.4
22.02.2024 23:00:00.000,1.08228,1.08262,1.08225,1.08257,1993.26
23.02.2024 00:00:00.000,1.08256,1.08282,1.08151,1.08219,5860.2798
23.02.2024 01:00:00.000,1.08218,1.08322,1.08218,1.08271,4524.4502
23.02.2024 02:00:00.000,1.08273,1.08308,1.08250,1.08257,4067.6001
23.02.2024 03:00:00.000,1.08257,1.08262,1.08228,1.08255,3171.22
23.02.2024 04:00:00.000,1.08255,1.08286,1.08251,1.08256,2689.72
23.02.2024 05:00:00.000,1.08256,1.08272,1.08214,1.08229,2524.0901
23.02.2024 06:00:00.000,1.08230,1.08278,1.08221,1.08259,3633.73
23.02.2024 07:00:00.000,1.08258,1.08320,1.08241,1.08295,8424.6797
23.02.2024 08:00:00.000,1.08296,1.08326,1.08212,1.08253,8313.8701
23.02.2024 09:00:00.000,1.08254,1.08260,1.08142,1.08176,6977.6602
23.02.2024 10:00:00.000,1.08176,1.08250,1.08173,1.08240,6635.3101
23.02.2024 11:00:00.000,1.08241,1.08316,1.08226,1.08273,10316.9404
23.02.2024 12:00:00.000,1.08272,1.08397,1.08247,1.08363,14949.3604
23.02.2024 13:00:00.000,1.08364,1.08368,1.08269,1.08321,11007.2695
23.02.2024 14:00:00.000,1.08317,1.08371,1.08245,1.08258,13723.0596
23.02.2024 15:00:00.000,1.08257,1.08258,1.08121,1.08208,14089.1699
23.02.2024 16:00:00.000,1.08207,1.08288,1.08151,1.08275,9775.2803
23.02.2024 17:00:00.000,1.08276,1.08290,1.08212,1.08249,4731.5601
23.02.2024 18:00:00.000,1.08250,1.08297,1.08231,1.08266,3731.3101
23.02.2024 19:00:00.000,1.08266,1.08267,1.08203,1.08231,4159.5098
23.02.2024 20:00:00.000,1.08232,1.08246,1.08178,1.08225,4471.9302
23.02.2024 21:00:00.000,1.08224,1.08249,1.08206,1.08246,4695.8999
23.02.2024 22:00:00.000,1.08246,1.08246,1.08246,1.08246,0
23.02.2024 23:00:00.000,1.08246,1.08246,1.08246,1.08246,0
24.02.2024 00:00:00.000,1.08246,1.08246,1.08246,1.08246,0
24.02.2024 01:00:00.000,1.08246,1.08246,1.08246,1.08246,0
24.02.2024 02:00:00.000,1.08246,1.08246,1.08246,1.08246,0
24.02.2024 03:00:00.000,1.08246,1.08246,1.08246,1.08246,0
24.02.2024 04:00:00.000,1.08246,1.08246,1.08246,1.08246,0
24.02.2024 05:00:00.000,1.08246,1.08246,1.08246,1.08246,0
24.02.2024 06:00:00.000,1.08246,1.08246,1.08246,1.08246,0
24.02.2024 07:00:00.000,1.08246,1.08246,1.08246,1.08246,0
24.02.2024 08:00:00.000,1.08246,1.08246,1.08246,1.08246,0
24.02.2024 09:00:00.000,1.08246,1.08246,1.08246,1.08246,0
24.02.2024 10:00:00.000,1.08246,1.08246,1.08246,1.08246,0
24.02.2024 11:00:00.000,1.08246,1.08246,1.08246,1.08246,0
24.02.2024 12:00:00.000,1.08246,1.08246,1.08246,1.08246,0
24.02.2024 13:00:00.000,1.08246,1.08246,1.08246,1.08246,0
24.02.2024 14:00:00.000,1.08246,1.08246,1.08246,1.08246,0
24.02.2024 15:00:00.000,1.08246,1.08246,1.08246,1.08246,0
24.02.2024 16:00:00.000,1.08246,1.08246,1.08246,1.08246,0
24.02.2024 17:00:00.000,1.08246,1.08246,1.08246,1.08246,0
24.02.2024 18:00:00.000,1.08246,1.08246,1.08246,1.08246,0
24.02.2024 19:00:00.000,1.08246,1.08246,1.08246,1.08246,0
24.02.2024 20:00:00.000,1.08246,1.08246,1.08246,1.08246,0
24.02.2024 21:00:00.000,1.08246,1.08246,1.08246,1.08246,0
24.02.2024 22:00:00.000,1.08246,1.08246,1.08246,1.08246,0
24.02.2024 23:00:00.000,1.08246,1.08246,1.08246,1.08246,0
25.02.2024 00:00:00.000,1.08246,1.08246,1.08246,1.08246,0
25.02.2024 01:00:00.000,1.08246,1.08246,1.08246,1.08246,0
25.02.2024 02:00:00.000,1.08246,1.08246,1.08246,1.08246,0
25.02.2024 03:00:00.000,1.08246,1.08246,1.08246,1.08246,0
25.02.2024 04:00:00.000,1.08246,1.08246,1.08246,1.08246,0
25.02.2024 05:00:00.000,1.08246,1.08246,1.08246,1.08246,0
25.02.2024 06:00:00.000,1.08246,1.08246,1.08246,1.08246,0
25.02.2024 07:00:00.000,1.08246,1.08246,1.08246,1.08246,0
25.02.2024 08:00:00.000,1.08246,1.08246,1.08246,1.08246,0
25.02.2024 09:00:00.000,1.08246,1.08246,1.08246,1.08246,0
25.02.2024 10:00:00.000,1.08246,1.08246,1.08246,1.08246,0
25.02.2024 11:00:00.000,1.08246,1.08246,1.08246,1.08246,0
25.02.2024 12:00:00.000,1.08246,1.08246,1.08246,1.08246,0
25.02.2024 13:00:00.000,1.08246,1.08246,1.08246,1.08246,0
25.02.2024 14:00:00.000,1.08246,1.08246,1.08246,1.08246,0
25.02.2024 15:00:00.000,1.08246,1.08246,1.08246,1.08246,0
25.02.2024 16:00:00.000,1.08246,1.08246,1.08246,1.08246,0
25.02.2024 17:00:00.000,1.08246,1.08246,1.08246,1.08246,0
25.02.2024 18:00:00.000,1.08246,1.08246,1.08246,1.08246,0
25.02.2024 19:00:00.000,1.08246,1.08246,1.08246,1.08246,0
25.02.2024 20:00:00.000,1.08246,1.08246,1.08246,1.08246,0
25.02.2024 21:00:00.000,1.08246,1.08246,1.08246,1.08246,0
25.02.2024 22:00:00.000,1.08339,1.08339,1.08209,1.08242,2977.54
25.02.2024 23:00:00.000,1.08238,1.08243,1.08192,1.08194,3478.46
26.02.2024 00:00:00.000,1.08191,1.08205,1.08162,1.08169,3495.3501
26.02.2024 01:00:00.000,1.08168,1.08198,1.08128,1.08165,4420.1802
26.02.2024 02:00:00.000,1.08166,1.08178,1.08145,1.08172,3131.3799
26.02.2024 03:00:00.000,1.08170,1.08196,1.08162,1.08186,2822.3601
26.02.2024 04:00:00.000,1.08187,1.08228,1.08176,1.08213,3114.45
26.02.2024 05:00:00.000,1.08212,1.08242,1.08190,1.08232,3536.6299
26.02.2024 06:00:00.000,1.08232,1.08256,1.08222,1.08242,3420.1499
26.02.2024 07:00:00.000,1.08243,1.08369,1.08230,1.08323,13661.8203
26.02.2024 08:00:00.000,1.08324,1.08357,1.08272,1.08322,9573.7402
26.02.2024 09:00:00.000,1.08323,1.08405,1.08308,1.08400,6898.6099
26.02.2024 10:00:00.000,1.08402,1.08489,1.08387,1.08481,4956.1299
26.02.2024 11:00:00.000,1.08480,1.08542,1.08451,1.08521,5290.4302
26.02.2024 12:00:00.000,1.08521,1.08600,1.08489,1.08497,6511.8599
26.02.2024 13:00:00.000,1.08497,1.08590,1.08485,1.08581,7507.7202
26.02.2024 14:00:00.000,1.08581,1.08589,1.08440,1.08467,13821.6904
26.02.2024 15:00:00.000,1.08467,1.08544,1.08388,1.08511,10979.0498
26.02.2024 16:00:00.000,1.08510,1.08557,1.08473,1.08542,6802.98
26.02.2024 17:00:00.000,1.08543,1.08551,1.08438,1.08454,3653.3799
26.02.2024 18:00:00.000,1.08454,1.08459,1.08398,1.08447,4620.8701
26.02.2024 19:00:00.000,1.08447,1.08476,1.08441,1.08463,5431.1401
26.02.2024 20:00:00.000,1.08464,1.08528,1.08463,1.08509,6473.5498
26.02.2024 21:00:00.000,1.08508,1.08519,1.08498,1.08512,1461.95
26.02.2024 22:00:00.000,1.08513,1.08530,1.08481,1.08508,3171.55
26.02.2024 23:00:00.000,1.08503,1.08516,1.08488,1.08505,1026.55
27.02.2024 00:00:00.000,1.08505,1.08510,1.08470,1.08476,1402.9399
27.02.2024 01:00:00.000,1.08476,1.08509,1.08457,1.08501,1689.3101
27.02.2024 02:00:00.000,1.08502,1.08536,1.08483,1.08515,1811.8101
27.02.2024 03:00:00.000,1.08516,1.08532,1.08488,1.08530,1038.74
27.02.2024 04:00:00.000,1.08530,1.08557,1.08527,1.08535,1082.36
27.02.2024 05:00:00.000,1.08535,1.08543,1.08488,1.08521,1657.6
27.02.2024 06:00:00.000,1.08523,1.08529,1.08473,1.08505,1964.62
27.02.2024 07:00:00.000,1.08505,1.08629,1.08501,1.08562,4465.02
27.02.2024 08:00:00.000,1.08561,1.08661,1.08531,1.08577,8890.8701
27.02.2024 09:00:00.000,1.08577,1.08595,1.08520,1.08531,7105.46
27.02.2024 10:00:00.000,1.08531,1.08534,1.08421,1.08518,10750.96
27.02.2024 11:00:00.000,1.08517,1.08590,1.08480,1.08578,5503
27.02.2024 12:00:00.000,1.08579,1.08632,1.08559,1.08569,6156.2002
27.02.2024 13:00:00.000,1.08570,1.08580,1.08450,1.08482,11355.9404
27.02.2024 14:00:00.000,1.08481,1.08511,1.08360,1.08404,12112.5195
27.02.2024 15:00:00.000,1.08404,1.08513,1.08331,1.08471,19670.1992
27.02.2024 16:00:00.000,1.08471,1.08579,1.08450,1.08563,11268.8096
27.02.2024 17:00:00.000,1.08562,1.08566,1.08490,1.08509,5352.2998
27.02.2024 18:00:00.000,1.08508,1.08568,1.08491,1.08497,6014.0098
27.02.2024 19:00:00.000,1.08497,1.08497,1.08410,1.08444,4725.7598
27.02.2024 20:00:00.000,1.08444,1.08477,1.08421,1.08443,3856.75
27.02.2024 21:00:00.000,1.08443,1.08463,1.08438,1.08448,2542.1101
27.02.2024 22:00:00.000,1.08450,1.08485,1.08450,1.08453,1800.6801
27.02.2024 23:00:00.000,1.08459,1.08460,1.08413,1.08413,3278.27
28.02.2024 00:00:00.000,1.08413,1.08459,1.08407,1.08449,2850.1499
28.02.2024 01:00:00.000,1.08449,1.08449,1.08381,1.08396,4843.2402
28.02.2024 02:00:00.000,1.08397,1.08404,1.08373,1.08377,4614.8599
28.02.2024 03:00:00.000,1.08377,1.08382,1.08329,1.08345,3516.3301
28.02.2024 04:00:00.000,1.08345,1.08358,1.08320,1.08324,2818.04
28.02.2024 05:00:00.000,1.08323,1.08334,1.08256,1.08269,4895.7598
28.02.2024 06:00:00.000,1.08269,1.08295,1.08222,1.08226,4040.6799
28.02.2024 07:00:00.000,1.08224,1.08250,1.08166,1.08233,12615.9805
28.02.2024 08:00:00.000,1.08234,1.08242,1.08086,1.08091,7438.9199
28.02.2024 09:00:00.000,1.08090,1.08127,1.07967,1.08001,17155.0996
28.02.2024 10:00:00.000,1.08001,1.08178,1.07996,1.08157,13403.5596
28.02.2024 11:00:00.000,1.08156,1.08181,1.08112,1.08157,6441.4502
28.02.2024 12:00:00.000,1.08156,1.08210,1.08074,1.08089,5478.8501
28.02.2024 13:00:00.000,1.08088,1.08310,1.08068,1.08279,16697.4004
28.02.2024 14:00:00.000,1.08278,1.08339,1.08215,1.08301,11367.7803
28.02.2024 15:00:00.000,1.08303,1.08380,1.08261,1.08344,14074.7998
28.02.2024 16:00:00.000,1.08344,1.08425,1.08314,1.08422,7434.46
28.02.2024 17:00:00.000,1.08421,1.08460,1.08341,1.08385,5419.9502
28.02.2024 18:00:00.000,1.08385,1.08406,1.08330,1.08346,3690.03
28.02.2024 19:00:00.000,1.08345,1.08375,1.08326,1.08338,4549.4302
28.02.2024 20:00:00.000,1.08337,1.08399,1.08332,1.08382,5970.3301
28.02.2024 21:00:00.000,1.08381,1.08399,1.08362,1.08388,2196.8899
28.02.2024 22:00:00.000,1.08389,1.08409,1.08367,1.08385,1837.4301
28.02.2024 23:00:00.000,1.08386,1.08410,1.08376,1.08385,2051.96
29.02.2024 00:00:00.000,1.08386,1.08403,1.08349,1.08364,3523.1299
29.02.2024 01:00:00.000,1.08365,1.08404,1.08281,1.08292,6079.8799
29.02.2024 02:00:00.000,1.08291,1.08369,1.08289,1.08366,5793.5601
29.02.2024 03:00:00.000,1.08366,1.08379,1.08339,1.08371,2972.8899
29.02.2024 04:00:00.000,1.08370,1.08378,1.08344,1.08364,4881.6499
29.02.2024 05:00:00.000,1.08365,1.08375,1.08319,1.08355,4273.54
29.02.2024 06:00:00.000,1.08355,1.08382,1.08323,1.08331,3960.8899
29.02.2024 07:00:00.000,1.08330,1.08395,1.08261,1.08290,9735.2305
29.02.2024 08:00:00.000,1.08290,1.08475,1.08287,1.08379,10376.1396
29.02.2024 09:00:00.000,1.08391,1.08521,1.08379,1.08507,14078.7305
29.02.2024 10:00:00.000,1.08508,1.08545,1.08377,1.08380,9425.6602
29.02.2024 11:00:00.000,1.08379,1.08431,1.08291,1.08345,13686.5996
29.02.2024 12:00:00.000,1.08346,1.08360,1.08269,1.08290,8622.8799
29.02.2024 13:00:00.000,1.08291,1.08468,1.08220,1.08379,20223.5703
29.02.2024 14:00:00.000,1.08377,1.08504,1.08365,1.08468,17092.6406
29.02.2024 15:00:00.000,1.08471,1.08560,1.08192,1.08226,32776.5391
29.02.2024 16:00:00.000,1.08225,1.08251,1.08047,1.08064,20752.3594
29.02.2024 17:00:00.000,1.08065,1.08075,1.07959,1.08000,11922.4902
29.02.2024 18:00:00.000,1.08000,1.08104,1.07985,1.08094,8272.1104
29.02.2024 19:00:00.000,1.08094,1.08113,1.08012,1.08027,7181.8999
29.02.2024 20:00:00.000,1.08028,1.08097,1.08028,1.08085,6761.7998
29.02.2024 21:00:00.000,1.08086,1.08087,1.08040,1.08060,2860.97
29.02.2024 22:00:00.000,1.08059,1.08070,1.08033,1.08056,10772.3096
29.02.2024 23:00:00.000,1.08056,1.08059,1.08026,1.08058,714.27
01.03.2024 00:00:00.000,1.08057,1.08128,1.08053,1.08116,3987.0901
01.03.2024 01:00:00.000,1.08116,1.08215,1.08112,1.08215,4069.72
01.03.2024 02:00:00.000,1.08215,1.08219,1.08169,1.08185,2601.79
01.03.2024 03:00:00.000,1.08186,1.08213,1.08166,1.08170,2350.51
01.03.2024 04:00:00.000,1.08170,1.08171,1.08124,1.08138,1360.59
01.03.2024 05:00:00.000,1.08137,1.08143,1.08113,1.08124,2379.51
01.03.2024 06:00:00.000,1.08124,1.08142,1.08084,1.08093,2779
01.03.2024 07:00:00.000,1.08092,1.08175,1.08088,1.08126,8894.2598
01.03.2024 08:00:00.000,1.08129,1.08201,1.08092,1.08115,10742.5303
01.03.2024 09:00:00.000,1.08113,1.08177,1.08087,1.08157,7549.1802
01.03.2024 10:00:00.000,1.08158,1.08230,1.07985,1.08107,12065.6504
01.03.2024 11:00:00.000,1.08107,1.08192,1.08106,1.08188,7063.1401
01.03.2024 12:00:00.000,1.08189,1.08248,1.08121,1.08131,6544.7798
01.03.2024 13:00:00.000,1.08130,1.08154,1.08079,1.08129,11713.9502
01.03.2024 14:00:00.000,1.08130,1.08208,1.07982,1.08008,16326.2598
01.03.2024 15:00:00.000,1.08008,1.08417,1.08008,1.08352,27899.8594
01.03.2024 16:00:00.000,1.08352,1.08370,1.08235,1.08311,12411.4805
01.03.2024 17:00:00.000,1.08311,1.08399,1.08289,1.08378,5368.29
01.03.2024 18:00:00.000,1.08377,1.08426,1.08317,1.08401,6016.9199
01.03.2024 19:00:00.000,1.08402,1.08434,1.08383,1.08414,4829.2798
01.03.2024 20:00:00.000,1.08413,1.08414,1.08349,1.08376,3317.26
01.03.2024 21:00:00.000,1.08374,1.08412,1.08334,1.08407,5041.21
01.03.2024 22:00:00.000,1.08407,1.08407,1.08407,1.08407,0
01.03.2024 23:00:00.000,1.08407,1.08407,1.08407,1.08407,0
02.03.2024 00:00:00.000,1.08407,1.08407,1.08407,1.08407,0
02.03.2024 01:00:00.000,1.08407,1.08407,1.08407,1.08407,0
02.03.2024 02:00:00.000,1.08407,1.08407,1.08407,1.08407,0
02.03.2024 03:00:00.000,1.08407,1.08407,1.08407,1.08407,0
02.03.2024 04:00:00.000,1.08407,1.08407,1.08407,1.08407,0
02.03.2024 05:00:00.000,1.08407,1.08407,1.08407,1.08407,0
02.03.2024 06:00:00.000,1.08407,1.08407,1.08407,1.08407,0
02.03.2024 07:00:00.000,1.08407,1.08407,1.08407,1.08407,0
02.03.2024 08:00:00.000,1.08407,1.08407,1.08407,1.08407,0
02.03.2024 09:00:00.000,1.08407,1.08407,1.08407,1.08407,0
02.03.2024 10:00:00.000,1.08407,1.08407,1.08407,1.08407,0
02.03.2024 11:00:00.000,1.08407,1.08407,1.08407,1.08407,0
02.03.2024 12:00:00.000,1.08407,1.08407,1.08407,1.08407,0
02.03.2024 13:00:00.000,1.08407,1.08407,1.08407,1.08407,0
02.03.2024 14:00:00.000,1.08407,1.08407,1.08407,1.08407,0
02.03.2024 15:00:00.000,1.08407,1.08407,1.08407,1.08407,0
02.03.2024 16:00:00.000,1.08407,1.08407,1.08407,1.08407,0
02.03.2024 17:00:00.000,1.08407,1.08407,1.08407,1.08407,0
02.03.2024 18:00:00.000,1.08407,1.08407,1.08407,1.08407,0
02.03.2024 19:00:00.000,1.08407,1.08407,1.08407,1.08407,0
02.03.2024 20:00:00.000,1.08407,1.08407,1.08407,1.08407,0
02.03.2024 21:00:00.000,1.08407,1.08407,1.08407,1.08407,0
02.03.2024 22:00:00.000,1.08407,1.08407,1.08407,1.08407,0
02.03.2024 23:00:00.000,1.08407,1.08407,1.08407,1.08407,0
03.03.2024 00:00:00.000,1.08407,1.08407,1.08407,1.08407,0
03.03.2024 01:00:00.000,1.08407,1.08407,1.08407,1.08407,0
03.03.2024 02:00:00.000,1.08407,1.08407,1.08407,1.08407,0
03.03.2024 03:00:00.000,1.08407,1.08407,1.08407,1.08407,0
03.03.2024 04:00:00.000,1.08407,1.08407,1.08407,1.08407,0
03.03.2024 05:00:00.000,1.08407,1.08407,1.08407,1.08407,0
03.03.2024 06:00:00.000,1.08407,1.08407,1.08407,1.08407,0
03.03.2024 07:00:00.000,1.08407,1.08407,1.08407,1.08407,0
03.03.2024 08:00:00.000,1.08407,1.08407,1.08407,1.08407,0
03.03.2024 09:00:00.000,1.08407,1.08407,1.08407,1.08407,0
03.03.2024 10:00:00.000,1.08407,1.08407,1.08407,1.08407,0
03.03.2024 11:00:00.000,1.08407,1.08407,1.08407,1.08407,0
03.03.2024 12:00:00.000,1.08407,1.08407,1.08407,1.08407,0
03.03.2024 13:00:00.000,1.08407,1.08407,1.08407,1.08407,0
03.03.2024 14:00:00.000,1.08407,1.08407,1.08407,1.08407,0
03.03.2024 15:00:00.000,1.08407,1.08407,1.08407,1.08407,0
03.03.2024 16:00:00.000,1.08407,1.08407,1.08407,1.08407,0
03.03.2024 17:00:00.000,1.08407,1.08407,1.08407,1.08407,0
03.03.2024 18:00:00.000,1.08407,1.08407,1.08407,1.08407,0
03.03.2024 19:00:00.000,1.08407,1.08407,1.08407,1.08407,0
03.03.2024 20:00:00.000,1.08407,1.08407,1.08407,1.08407,0
03.03.2024 21:00:00.000,1.08407,1.08407,1.08407,1.08407,0
03.03.2024 22:00:00.000,1.08416,1.08429,1.08391,1.08412,3567.0901
03.03.2024 23:00:00.000,1.08413,1.08443,1.08408,1.08419,3076.47
04.03.2024 00:00:00.000,1.08419,1.08482,1.08409,1.08460,3114.1799
04.03.2024 01:00:00.000,1.08460,1.08460,1.08387,1.08403,2347.96
04.03.2024 02:00:00.000,1.08403,1.08460,1.08387,1.08455,2232.3601
04.03.2024 03:00:00.000,1.08455,1.08458,1.08424,1.08440,1714.03
04.03.2024 04:00:00.000,1.08441,1.08458,1.08433,1.08439,1456.24
04.03.2024 05:00:00.000,1.08438,1.08469,1.08429,1.08444,1566.8101
04.03.2024 06:00:00.000,1.08445,1.08480,1.08432,1.08471,3067.1101
04.03.2024 07:00:00.000,1.08472,1.08541,1.08453,1.08539,6917.4399
04.03.2024 08:00:00.000,1.08540,1.08580,1.08379,1.08449,13519.3701
04.03.2024 09:00:00.000,1.08449,1.08522,1.08423,1.08491,6917.98
04.03.2024 10:00:00.000,1.08491,1.08551,1.08459,1.08538,5385.1201
04.03.2024 11:00:00.000,1.08538,1.08570,1.08519,1.08563,5219.9399
04.03.2024 12:00:00.000,1.08564,1.08576,1.08418,1.08428,5229.2402
04.03.2024 13:00:00.000,1.08428,1.08501,1.08403,1.08488,11289.8896
04.03.2024 14:00:00.000,1.08488,1.08618,1.08452,1.08599,14109.7197
04.03.2024 15:00:00.000,1.08599,1.08638,1.08556,1.08634,9253.4004
04.03.2024 16:00:00.000,1.08634,1.08668,1.08570,1.08615,8710.1201
04.03.2024 17:00:00.000,1.08616,1.08625,1.08557,1.08580,5280.0498
04.03.2024 18:00:00.000,1.08580,1.08608,1.08559,1.08565,3224.71
04.03.2024 19:00:00.000,1.08565,1.08586,1.08555,1.08566,3235.22
04.03.2024 20:00:00.000,1.08567,1.08597,1.08555,1.08560,6955.23
04.03.2024 21:00:00.000,1.08561,1.08573,1.08551,1.08559,3262.7
04.03.2024 22:00:00.000,1.08561,1.08584,1.08539,1.08563,9114.4404
04.03.2024 23:00:00.000,1.08563,1.08582,1.08542,1.08542,1104.83
05.03.2024 00:00:00.000,1.08541,1.08553,1.08515,1.08532,1358.04
05.03.2024 01:00:00.000,1.08532,1.08548,1.08477,1.08496,3087.9399
05.03.2024 02:00:00.000,1.08498,1.08520,1.08486,1.08504,3714.0701
05.03.2024 03:00:00.000,1.08503,1.08550,1.08497,1.08543,4135.7202
05.03.2024 04:00:00.000,1.08544,1.08544,1.08501,1.08507,1515.73
05.03.2024 05:00:00.000,1.08506,1.08543,1.08495,1.08531,1918.38
05.03.2024 06:00:00.000,1.08531,1.08533,1.08448,1.08469,2843.3301
05.03.2024 07:00:00.000,1.08470,1.08514,1.08417,1.08465,4692.0098
05.03.2024 08:00:00.000,1.08465,1.08519,1.08431,1.08474,13066.5098
05.03.2024 09:00:00.000,1.08474,1.08560,1.08473,1.08516,9070.7998
05.03.2024 10:00:00.000,1.08513,1.08551,1.08495,1.08503,4328.3101
05.03.2024 11:00:00.000,1.08503,1.08537,1.08481,1.08500,6803.0601
05.03.2024 12:00:00.000,1.08499,1.08506,1.08458,1.08474,4712.8901
05.03.2024 13:00:00.000,1.08473,1.08518,1.08421,1.08463,8624.04
05.03.2024 14:00:00.000,1.08465,1.08546,1.08405,1.08459,11700.5498
05.03.2024 15:00:00.000,1.08460,1.08763,1.08460,1.08715,19443.8203
05.03.2024 16:00:00.000,1.08716,1.08720,1.08583,1.08612,10143.3701
05.03.2024 17:00:00.000,1.08611,1.08646,1.08579,1.08600,8654.7998
05.03.2024 18:00:00.000,1.08600,1.08601,1.08515,1.08528,5352.0698
05.03.2024 19:00:00.000,1.08529,1.08579,1.08514,1.08530,6926.3999
05.03.2024 20:00:00.000,1.08529,1.08586,1.08492,1.08578,6347.3101
05.03.2024 21:00:00.000,1.08578,1.08592,1.08561,1.08571,3022.6699
05.03.2024 22:00:00.000,1.08573,1.08594,1.08561,1.08575,5155.79
05.03.2024 23:00:00.000,1.08574,1.08591,1.08556,1.08557,1538.45
06.03.2024 00:00:00.000,1.08556,1.08558,1.08493,1.08500,1920.51
06.03.2024 01:00:00.000,1.08499,1.08504,1.08423,1.08440,5897.9102
06.03.2024 02:00:00.000,1.08440,1.08534,1.08440,1.08527,5370.6001
06.03.2024 03:00:00.000,1.08528,1.08533,1.08504,1.08508,3405.3701
06.03.2024 04:00:00.000,1.08509,1.08524,1.08497,1.08518,2280.53
06.03.2024 05:00:00.000,1.08519,1.08570,1.08518,1.08553,4501.5698
06.03.2024 06:00:00.000,1.08552,1.08607,1.08549,1.08597,5158.3599
06.03.2024 07:00:00.000,1.08596,1.08665,1.08587,1.08622,7362.5498
06.03.2024 08:00:00.000,1.08620,1.08742,1.08593,1.08733,6776.02
06.03.2024 09:00:00.000,1.08732,1.08779,1.08696,1.08766,8261.5801
06.03.2024 10:00:00.000,1.08766,1.08796,1.08736,1.08775,6303.1001
06.03.2024 11:00:00.000,1.08776,1.08785,1.08717,1.08759,5268.2002
06.03.2024 12:00:00.000,1.08758,1.08787,1.08677,1.08688,4907.23
06.03.2024 13:00:00.000,1.08689,1.08850,1.08685,1.08850,19095.5703
06.03.2024 14:00:00.000,1.08849,1.08895,1.08832,1.08872,11868.9199
06.03.2024 15:00:00.000,1.08871,1.09088,1.08814,1.09053,19561.1602
06.03.2024 16:00:00.000,1.09054,1.09151,1.08996,1.09123,13552.2305
06.03.2024 17:00:00.000,1.09124,1.09154,1.08996,1.09025,10409.3096
06.03.2024 18:00:00.000,1.09026,1.09080,1.09007,1.09031,9131.8701
06.03.2024 19:00:00.000,1.09030,1.09030,1.08934,1.08969,8106.5098
06.03.2024 20:00:00.000,1.08968,1.08996,1.08931,1.08992,6550.5601
06.03.2024 21:00:00.000,1.08991,1.08996,1.08956,1.08989,3001.4399
06.03.2024 22:00:00.000,1.08994,1.09016,1.08970,1.08987,3854.6499
06.03.2024 23:00:00.000,1.08988,1.09016,1.08979,1.08996,2240.6101
07.03.2024 00:00:00.000,1.08996,1.09075,1.08996,1.09032,4671.9502
07.03.2024 01:00:00.000,1.09032,1.09043,1.08967,1.08981,5786.4302
07.03.2024 02:00:00.000,1.08980,1.08991,1.08938,1.08985,2778.3701
07.03.2024 03:00:00.000,1.08984,1.09016,1.08956,1.09007,2724.1399
07.03.2024 04:00:00.000,1.09007,1.09057,1.09005,1.09036,4322.4902
07.03.2024 05:00:00.000,1.09036,1.09056,1.08999,1.09005,2798.4099
07.03.2024 06:00:00.000,1.09005,1.09032,1.08987,1.09018,3624.3
07.03.2024 07:00:00.000,1.09019,1.09045,1.08914,1.08939,6991.3101
07.03.2024 08:00:00.000,1.08940,1.08980,1.08879,1.08979,11801.9102
07.03.2024 09:00:00.000,1.08979,1.09029,1.08929,1.09018,7427.8501
07.03.2024 10:00:00.000,1.09019,1.09021,1.08899,1.08966,5943.2402
07.03.2024 11:00:00.000,1.08967,1.08992,1.08925,1.08942,6606.3999
07.03.2024 12:00:00.000,1.08940,1.09002,1.08924,1.08944,9782.0098
07.03.2024 13:00:00.000,1.08945,1.08970,1.08680,1.08725,22303.3906
07.03.2024 14:00:00.000,1.08724,1.09196,1.08694,1.09158,25455.4199
07.03.2024 15:00:00.000,1.09159,1.09311,1.09083,1.09301,14417.5703
07.03.2024 16:00:00.000,1.09300,1.09422,1.09248,1.09403,12777.5
07.03.2024 17:00:00.000,1.09402,1.09417,1.09315,1.09371,6104.1099
07.03.2024 18:00:00.000,1.09370,1.09448,1.09368,1.09423,6890.7598
07.03.2024 19:00:00.000,1.09422,1.09488,1.09409,1.09470,5880.25
07.03.2024 20:00:00.000,1.09470,1.09492,1.09427,1.09472,4523.3398
07.03.2024 21:00:00.000,1.09472,1.09491,1.09458,1.09486,2910.1201
07.03.2024 22:00:00.000,1.09486,1.09491,1.09458,1.09481,3980.49
07.03.2024 23:00:00.000,1.09478,1.09515,1.09475,1.09512,888.16
08.03.2024 00:00:00.000,1.09512,1.09558,1.09505,1.09514,1971.7
08.03.2024 01:00:00.000,1.09515,1.09529,1.09468,1.09482,3340.3501
08.03.2024 02:00:00.000,1.09482,1.09509,1.09451,1.09458,2211.6299
08.03.2024 03:00:00.000,1.09457,1.09480,1.09444,1.09474,2451.9299
08.03.2024 04:00:00.000,1.09477,1.09492,1.09446,1.09458,1817.71
08.03.2024 05:00:00.000,1.09457,1.09487,1.09450,1.09467,2465.3601
08.03.2024 06:00:00.000,1.09467,1.09492,1.09444,1.09485,2814.5701
08.03.2024 07:00:00.000,1.09485,1.09513,1.09319,1.09340,6174.5898
08.03.2024 08:00:00.000,1.09338,1.09390,1.09293,1.09359,10968.1201
08.03.2024 09:00:00.000,1.09360,1.09374,1.09263,1.09355,10228.0195
08.03.2024 10:00:00.000,1.09353,1.09371,1.09266,1.09335,6159.3999
08.03.2024 11:00:00.000,1.09337,1.09391,1.09298,1.09347,5973.98
08.03.2024 12:00:00.000,1.09348,1.09352,1.09282,1.09319,5838.4102
08.03.2024 13:00:00.000,1.09321,1.09815,1.09184,1.09583,31434.6895
08.03.2024 14:00:00.000,1.09584,1.09668,1.09450,1.09580,26911.1406
08.03.2024 15:00:00.000,1.09579,1.09620,1.09436,1.09610,14375.46
08.03.2024 16:00:00.000,1.09611,1.09616,1.09375,1.09405,12076.1602
08.03.2024 17:00:00.000,1.09406,1.09460,1.09371,1.09395,13912.5303
08.03.2024 18:00:00.000,1.09395,1.09402,1.09336,1.09373,8527.4502
08.03.2024 19:00:00.000,1.09373,1.09422,1.09345,1.09418,6875.8599
08.03.2024 20:00:00.000,1.09418,1.09440,1.09347,1.09364,4583.4902
08.03.2024 21:00:00.000,1.09365,1.09417,1.09354,1.09417,7008.0298
08.03.2024 22:00:00.000,1.09417,1.09417,1.09417,1.09417,0
08.03.2024 23:00:00.000,1.09417,1.09417,1.09417,1.09417,0
09.03.2024 00:00:00.000,1.09417,1.09417,1.09417,1.09417,0
09.03.2024 01:00:00.000,1.09417,1.09417,1.09417,1.09417,0
09.03.2024 02:00:00.000,1.09417,1.09417,1.09417,1.09417,0
09.03.2024 03:00:00.000,1.09417,1.09417,1.09417,1.09417,0
09.03.2024 04:00:00.000,1.09417,1.09417,1.09417,1.09417,0
09.03.2024 05:00:00.000,1.09417,1.09417,1.09417,1.09417,0
09.03.2024 06:00:00.000,1.09417,1.09417,1.09417,1.09417,0
09.03.2024 07:00:00.000,1.09417,1.09417,1.09417,1.09417,0
09.03.2024 08:00:00.000,1.09417,1.09417,1.09417,1.09417,0
09.03.2024 09:00:00.000,1.09417,1.09417,1.09417,1.09417,0
09.03.2024 10:00:00.000,1.09417,1.09417,1.09417,1.09417,0
09.03.2024 11:00:00.000,1.09417,1.09417,1.09417,1.09417,0
09.03.2024 12:00:00.000,1.09417,1.09417,1.09417,1.09417,0
09.03.2024 13:00:00.000,1.09417,1.09417,1.09417,1.09417,0
09.03.2024 14:00:00.000,1.09417,1.09417,1.09417,1.09417,0
09.03.2024 15:00:00.000,1.09417,1.09417,1.09417,1.09417,0
09.03.2024 16:00:00.000,1.09417,1.09417,1.09417,1.09417,0
09.03.2024 17:00:00.000,1.09417,1.09417,1.09417,1.09417,0
09.03.2024 18:00:00.000,1.09417,1.09417,1.09417,1.09417,0
09.03.2024 19:00:00.000,1.09417,1.09417,1.09417,1.09417,0
09.03.2024 20:00:00.000,1.09417,1.09417,1.09417,1.09417,0
09.03.2024 21:00:00.000,1.09417,1.09417,1.09417,1.09417,0
09.03.2024 22:00:00.000,1.09417,1.09417,1.09417,1.09417,0
09.03.2024 23:00:00.000,1.09417,1.09417,1.09417,1.09417,0
10.03.2024 00:00:00.000,1.09417,1.09417,1.09417,1.09417,0
10.03.2024 01:00:00.000,1.09417,1.09417,1.09417,1.09417,0
10.03.2024 02:00:00.000,1.09417,1.09417,1.09417,1.09417,0
10.03.2024 03:00:00.000,1.09417,1.09417,1.09417,1.09417,0
10.03.2024 04:00:00.000,1.09417,1.09417,1.09417,1.09417,0
10.03.2024 05:00:00.000,1.09417,1.09417,1.09417,1.09417,0
10.03.2024 06:00:00.000,1.09417,1.09417,1.09417,1.09417,0
10.03.2024 07:00:00.000,1.09417,1.09417,1.09417,1.09417,0
10.03.2024 08:00:00.000,1.09417,1.09417,1.09417,1.09417,0
10.03.2024 09:00:00.000,1.09417,1.09417,1.09417,1.09417,0
10.03.2024 10:00:00.000,1.09417,1.09417,1.09417,1.09417,0
10.03.2024 11:00:00.000,1.09417,1.09417,1.09417,1.09417,0
10.03.2024 12:00:00.000,1.09417,1.09417,1.09417,1.09417,0
10.03.2024 13:00:00.000,1.09417,1.09417,1.09417,1.09417,0
10.03.2024 14:00:00.000,1.09417,1.09417,1.09417,1.09417,0
10.03.2024 15:00:00.000,1.09417,1.09417,1.09417,1.09417,0
10.03.2024 16:00:00.000,1.09417,1.09417,1.09417,1.09417,0
10.03.2024 17:00:00.000,1.09417,1.09417,1.09417,1.09417,0
10.03.2024 18:00:00.000,1.09417,1.09417,1.09417,1.09417,0
10.03.2024 19:00:00.000,1.09417,1.09417,1.09417,1.09417,0
10.03.2024 20:00:00.000,1.09417,1.09417,1.09417,1.09417,0
10.03.2024 21:00:00.000,1.09492,1.09492,1.09381,1.09398,906.53
10.03.2024 22:00:00.000,1.09404,1.09410,1.09360,1.09379,1217.5
10.03.2024 23:00:00.000,1.09379,1.09438,1.09379,1.09429,4746.3301
11.03.2024 00:00:00.000,1.09429,1.09468,1.09384,1.09425,2693.3301
11.03.2024 01:00:00.000,1.09425,1.09459,1.09391,1.09408,5193.27
11.03.2024 02:00:00.000,1.09407,1.09421,1.09375,1.09390,4923.5898
11.03.2024 03:00:00.000,1.09389,1.09444,1.09381,1.09415,3736.03
11.03.2024 04:00:00.000,1.09415,1.09417,1.09371,1.09388,1322.3101
11.03.2024 05:00:00.000,1.09389,1.09422,1.09389,1.09415,1866.16
11.03.2024 06:00:00.000,1.09412,1.09438,1.09355,1.09422,3065.78
11.03.2024 07:00:00.000,1.09423,1.09475,1.09372,1.09423,6939.7002
11.03.2024 08:00:00.000,1.09420,1.09482,1.09387,1.09447,9410.7002
11.03.2024 09:00:00.000,1.09448,1.09450,1.09342,1.09347,6239.02
11.03.2024 10:00:00.000,1.09348,1.09436,1.09332,1.09417,4916.1001
11.03.2024 11:00:00.000,1.09417,1.09437,1.09379,1.09431,7474.3101
11.03.2024 12:00:00.000,1.09430,1.09434,1.09296,1.09297,7903.79
11.03.2024 13:00:00.000,1.09297,1.09318,1.09179,1.09197,14506.9199
11.03.2024 14:00:00.000,1.09197,1.09250,1.09157,1.09246,12901.9805
11.03.2024 15:00:00.000,1.09246,1.09290,1.09147,1.09274,10529.1104
11.03.2024 16:00:00.000,1.09275,1.09282,1.09231,1.09273,7567.8901
11.03.2024 17:00:00.000,1.09273,1.09304,1.09248,1.09254,8364.7305
11.03.2024 18:00:00.000,1.09254,1.09263,1.09185,1.09243,4518.0898
11.03.2024 19:00:00.000,1.09242,1.09266,1.09222,1.09263,4938.71
11.03.2024 20:00:00.000,1.09264,1.09276,1.09255,1.09264,2830.48
11.03.2024 21:00:00.000,1.09264,1.09305,1.09215,1.09271,7817.6699
11.03.2024 22:00:00.000,1.09268,1.09274,1.09248,1.09254,1748.77
11.03.2024 23:00:00.000,1.09254,1.09312,1.09253,1.09309,4196.2998
12.03.2024 00:00:00.000,1.09309,1.09325,1.09286,1.09287,6351.7002
12.03.2024 01:00:00.000,1.09289,1.09346,1.09270,1.09338,7676.2002
12.03.2024 02:00:00.000,1.09339,1.09365,1.09304,1.09364,6950.5601
12.03.2024 03:00:00.000,1.09365,1.09383,1.09343,1.09365,2482.9099
12.03.2024 04:00:00.000,1.09364,1.09383,1.09349,1.09371,2703.55
12.03.2024 05:00:00.000,1.09371,1.09395,1.09367,1.09387,5710.3198
12.03.2024 06:00:00.000,1.09386,1.09394,1.09344,1.09385,6688.1899
12.03.2024 07:00:00.000,1.09384,1.09396,1.09317,1.09321,9997.5996
12.03.2024 08:00:00.000,1.09320,1.09336,1.09216,1.09250,8978.4902
12.03.2024 09:00:00.000,1.09249,1.09336,1.09234,1.09305,9180.5498
12.03.2024 10:00:00.000,1.09305,1.09345,1.09269,1.09341,5026.8398
12.03.2024 11:00:00.000,1.09341,1.09355,1.09321,1.09338,5802.21
12.03.2024 12:00:00.000,1.09335,1.09440,1.09032,1.09202,36515.9219
12.03.2024 13:00:00.000,1.09202,1.09233,1.09024,1.09109,33502
12.03.2024 14:00:00.000,1.09110,1.09196,1.09065,1.09172,15599.2695
12.03.2024 15:00:00.000,1.09172,1.09187,1.09076,1.09179,13585.7197
12.03.2024 16:00:00.000,1.09178,1.09192,1.09137,1.09179,6713.1001
12.03.2024 17:00:00.000,1.09178,1.09209,1.09129,1.09195,8457.6299
12.03.2024 18:00:00.000,1.09194,1.09247,1.09187,1.09242,4988.8599
12.03.2024 19:00:00.000,1.09243,1.09260,1.09212,1.09259,3448.1201
12.03.2024 20:00:00.000,1.09258,1.09275,1.09252,1.09271,2144.0701
12.03.2024 21:00:00.000,1.09272,1.09284,1.09261,1.09275,6861.3799
12.03.2024 22:00:00.000,1.09273,1.09288,1.09268,1.09278,1114.6899
12.03.2024 23:00:00.000,1.09279,1.09292,1.09265,1.09270,1921.8101
13.03.2024 00:00:00.000,1.09271,1.09299,1.09260,1.09271,3881.3899
13.03.2024 01:00:00.000,1.09271,1.09290,1.09236,1.09240,7084.2202
13.03.2024 02:00:00.000,1.09241,1.09277,1.09236,1.09272,5424.8599
13.03.2024 03:00:00.000,1.09271,1.09308,1.09253,1.09280,4004.05
13.03.2024 04:00:00.000,1.09281,1.09283,1.09223,1.09236,4147.27
13.03.2024 05:00:00.000,1.09236,1.09292,1.09229,1.09289,4833.27
13.03.2024 06:00:00.000,1.09290,1.09295,1.09256,1.09282,4740.77
13.03.2024 07:00:00.000,1.09281,1.09320,1.09210,1.09269,8075.0698
13.03.2024 08:00:00.000,1.09270,1.09330,1.09264,1.09278,9046.75
13.03.2024 09:00:00.000,1.09277,1.09283,1.09202,1.09234,7264.4102
13.03.2024 10:00:00.000,1.09231,1.09334,1.09222,1.09308,5973
13.03.2024 11:00:00.000,1.09305,1.09459,1.09302,1.09423,7224.29
13.03.2024 12:00:00.000,1.09423,1.09475,1.09338,1.09367,9248.9004
13.03.2024 13:00:00.000,1.09368,1.09422,1.09361,1.09374,10837.0195
13.03.2024 14:00:00.000,1.09374,1.09445,1.09315,1.09421,10243.4902
13.03.2024 15:00:00.000,1.09421,1.09473,1.09382,1.09436,10023.4902
13.03.2024 16:00:00.000,1.09435,1.09496,1.09403,1.09492,7537.4399
13.03.2024 17:00:00.000,1.09493,1.09640,1.09488,1.09572,9417.1104
13.03.2024 18:00:00.000,1.09572,1.09585,1.09504,1.09510,5289.8599
13.03.2024 19:00:00.000,1.09510,1.09519,1.09457,1.09473,6290.4702
13.03.2024 20:00:00.000,1.09474,1.09495,1.09472,1.09480,2464.51
13.03.2024 21:00:00.000,1.09488,1.09530,1.09483,1.09497,4263.0498
13.03.2024 22:00:00.000,1.09496,1.09518,1.09492,1.09492,1615.24
13.03.2024 23:00:00.000,1.09492,1.09533,1.09492,1.09533,1848.5699
14.03.2024 00:00:00.000,1.09533,1.09550,1.09462,1.09490,2655.6201
14.03.2024 01:00:00.000,1.09490,1.09531,1.09454,1.09489,5751.3398
14.03.2024 02:00:00.000,1.09490,1.09499,1.09432,1.09440,4113.2402
14.03.2024 03:00:00.000,1.09440,1.09455,1.09415,1.09424,5946.71
14.03.2024 04:00:00.000,1.09423,1.09429,1.09391,1.09426,2686.98
14.03.2024 05:00:00.000,1.09425,1.09433,1.09393,1.09397,5613.9399
14.03.2024 06:00:00.000,1.09398,1.09420,1.09371,1.09379,3963.79
14.03.2024 07:00:00.000,1.09380,1.09432,1.09318,1.09356,8547.7002
14.03.2024 08:00:00.000,1.09355,1.09442,1.09355,1.09380,12731.9004
14.03.2024 09:00:00.000,1.09379,1.09445,1.09373,1.09416,10801.3203
14.03.2024 10:00:00.000,1.09415,1.09456,1.09380,1.09397,5632.6802
14.03.2024 11:00:00.000,1.09397,1.09437,1.09377,1.09417,6305.7002
14.03.2024 12:00:00.000,1.09417,1.09450,1.09246,1.09301,32135.7207
14.03.2024 13:00:00.000,1.09301,1.09313,1.09089,1.09121,22290.8203
14.03.2024 14:00:00.000,1.09121,1.09142,1.08961,1.08979,19053.6504
14.03.2024 15:00:00.000,1.08979,1.08997,1.08831,1.08878,13723.2598
14.03.2024 16:00:00.000,1.08878,1.08927,1.08848,1.08873,8883.1504
14.03.2024 17:00:00.000,1.08872,1.08891,1.08813,1.08866,5551.21
14.03.2024 18:00:00.000,1.08867,1.08900,1.08840,1.08852,5190.5
14.03.2024 19:00:00.000,1.08852,1.08912,1.08808,1.08912,5342.1401
14.03.2024 20:00:00.000,1.08911,1.08920,1.08831,1.08836,3419.27
14.03.2024 21:00:00.000,1.08838,1.08867,1.08827,1.08867,6726.3599
14.03.2024 22:00:00.000,1.08867,1.08870,1.08834,1.08844,1614.54
14.03.2024 23:00:00.000,1.08844,1.08852,1.08827,1.08829,2486.3301
15.03.2024 00:00:00.000,1.08829,1.08847,1.08763,1.08781,4245.77
15.03.2024 01:00:00.000,1.08781,1.08803,1.08758,1.08773,7870.1499
15.03.2024 02:00:00.000,1.08771,1.08773,1.08732,1.08734,3969.47
15.03.2024 03:00:00.000,1.08733,1.08784,1.08733,1.08770,2740.9099
15.03.2024 04:00:00.000,1.08770,1.08775,1.08750,1.08765,1510.54
15.03.2024 05:00:00.000,1.08766,1.08774,1.08734,1.08772,3686.8201
15.03.2024 06:00:00.000,1.08772,1.08807,1.08757,1.08799,11101.1797
15.03.2024 07:00:00.000,1.08800,1.08850,1.08787,1.08811,13360.4805
15.03.2024 08:00:00.000,1.08809,1.08871,1.08782,1.08831,10712.5703
15.03.2024 09:00:00.000,1.08831,1.08998,1.08828,1.08983,16285.2402
15.03.2024 10:00:00.000,1.08984,1.08997,1.08892,1.08913,8312.04
15.03.2024 11:00:00.000,1.08911,1.08966,1.08871,1.08938,5507.1201
15.03.2024 12:00:00.000,1.08937,1.08945,1.08845,1.08874,12684.6299
15.03.2024 13:00:00.000,1.08874,1.08950,1.08835,1.08869,14908.5
15.03.2024 14:00:00.000,1.08870,1.08946,1.08845,1.08880,14532.4805
15.03.2024 15:00:00.000,1.08881,1.08891,1.08816,1.08877,8373.9404
15.03.2024 16:00:00.000,1.08878,1.08902,1.08838,1.08860,7949.5098
15.03.2024 17:00:00.000,1.08860,1.08881,1.08837,1.08839,4501.5098
15.03.2024 18:00:00.000,1.08838,1.08912,1.08838,1.08905,3687.23
15.03.2024 19:00:00.000,1.08905,1.08915,1.08872,1.08894,4561.9399
15.03.2024 20:00:00.000,1.08895,1.08906,1.08869,1.08905,4035.03
15.03.2024 21:00:00.000,1.08905,1.08905,1.08905,1.08905,0
15.03.2024 22:00:00.000,1.08905,1.08905,1.08905,1.08905,0
15.03.2024 23:00:00.000,1.08905,1.08905,1.08905,1.08905,0
16.03.2024 00:00:00.000,1.08905,1.08905,1.08905,1.08905,0
16.03.2024 01:00:00.000,1.08905,1.08905,1.08905,1.08905,0
16.03.2024 02:00:00.000,1.08905,1.08905,1.08905,1.08905,0
16.03.2024 03:00:00.000,1.08905,1.08905,1.08905,1.08905,0
16.03.2024 04:00:00.000,1.08905,1.08905,1.08905,1.08905,0
16.03.2024 05:00:00.000,1.08905,1.08905,1.08905,1.08905,0
16.03.2024 06:00:00.000,1.08905,1.08905,1.08905,1.08905,0
16.03.2024 07:00:00.000,1.08905,1.08905,1.08905,1.08905,0
16.03.2024 08:00:00.000,1.08905,1.08905,1.08905,1.08905,0
16.03.2024 09:00:00.000,1.08905,1.08905,1.08905,1.08905,0
16.03.2024 10:00:00.000,1.08905,1.08905,1.08905,1.08905,0
16.03.2024 11:00:00.000,1.08905,1.08905,1.08905,1.08905,0
16.03.2024 12:00:00.000,1.08905,1.08905,1.08905,1.08905,0
16.03.2024 13:00:00.000,1.08905,1.08905,1.08905,1.08905,0
16.03.2024 14:00:00.000,1.08905,1.08905,1.08905,1.08905,0
16.03.2024 15:00:00.000,1.08905,1.08905,1.08905,1.08905,0
16.03.2024 16:00:00.000,1.08905,1.08905,1.08905,1.08905,0
16.03.2024 17:00:00.000,1.08905,1.08905,1.08905,1.08905,0
16.03.2024 18:00:00.000,1.08905,1.08905,1.08905,1.08905,0
16.03.2024 19:00:00.000,1.08905,1.08905,1.08905,1.08905,0
16.03.2024 20:00:00.000,1.08905,1.08905,1.08905,1.08905,0
16.03.2024 21:00:00.000,1.08905,1.08905,1.08905,1.08905,0
16.03.2024 22:00:00.000,1.08905,1.08905,1.08905,1.08905,0
16.03.2024 23:00:00.000,1.08905,1.08905,1.08905,1.08905,0
17.03.2024 00:00:00.000,1.08905,1.08905,1.08905,1.08905,0
17.03.2024 01:00:00.000,1.08905,1.08905,1.08905,1.08905,0
17.03.2024 02:00:00.000,1.08905,1.08905,1.08905,1.08905,0
17.03.2024 03:00:00.000,1.08905,1.08905,1.08905,1.08905,0
17.03.2024 04:00:00.000,1.08905,1.08905,1.08905,1.08905,0
17.03.2024 05:00:00.000,1.08905,1.08905,1.08905,1.08905,0
17.03.2024 06:00:00.000,1.08905,1.08905,1.08905,1.08905,0
17.03.2024 07:00:00.000,1.08905,1.08905,1.08905,1.08905,0
17.03.2024 08:00:00.000,1.08905,1.08905,1.08905,1.08905,0
17.03.2024 09:00:00.000,1.08905,1.08905,1.08905,1.08905,0
17.03.2024 10:00:00.000,1.08905,1.08905,1.08905,1.08905,0
17.03.2024 11:00:00.000,1.08905,1.08905,1.08905,1.08905,0
17.03.2024 12:00:00.000,1.08905,1.08905,1.08905,1.08905,0
17.03.2024 13:00:00.000,1.08905,1.08905,1.08905,1.08905,0
17.03.2024 14:00:00.000,1.08905,1.08905,1.08905,1.08905,0
17.03.2024 15:00:00.000,1.08905,1.08905,1.08905,1.08905,0
17.03.2024 16:00:00.000,1.08905,1.08905,1.08905,1.08905,0
17.03.2024 17:00:00.000,1.08905,1.08905,1.08905,1.08905,0
17.03.2024 18:00:00.000,1.08905,1.08905,1.08905,1.08905,0
17.03.2024 19:00:00.000,1.08905,1.08905,1.08905,1.08905,0
17.03.2024 20:00:00.000,1.08905,1.08905,1.08905,1.08905,0
17.03.2024 21:00:00.000,1.08947,1.08947,1.08884,1.08907,1553.5601
17.03.2024 22:00:00.000,1.08907,1.08916,1.08863,1.08868,3626.5901
17.03.2024 23:00:00.000,1.08868,1.08869,1.08819,1.08838,12646.5801
18.03.2024 00:00:00.000,1.08838,1.08884,1.08807,1.08855,4971.3599
18.03.2024 01:00:00.000,1.08854,1.08903,1.08830,1.08893,4618.7798
18.03.2024 02:00:00.000,1.08893,1.08920,1.08878,1.08894,4763.6699
18.03.2024 03:00:00.000,1.08893,1.08907,1.08855,1.08856,3988.75
18.03.2024 04:00:00.000,1.08856,1.08884,1.08856,1.08877,2017.55
18.03.2024 05:00:00.000,1.08876,1.08887,1.08855,1.08873,2666.4199
18.03.2024 06:00:00.000,1.08874,1.08897,1.08868,1.08892,4302.77
18.03.2024 07:00:00.000,1.08892,1.08967,1.08890,1.08925,7777.9399
18.03.2024 08:00:00.000,1.08925,1.08980,1.08910,1.08940,8964.8799
18.03.2024 09:00:00.000,1.08938,1.09007,1.08928,1.08998,10267.7305
18.03.2024 10:00:00.000,1.08998,1.09021,1.08964,1.09000,7249.8701
18.03.2024 11:00:00.000,1.08999,1.09062,1.08989,1.09026,6748.0498
18.03.2024 12:00:00.000,1.09025,1.09051,1.08900,1.08923,9285.0596
18.03.2024 13:00:00.000,1.08924,1.08938,1.08858,1.08893,11711.1904
18.03.2024 14:00:00.000,1.08893,1.08935,1.08845,1.08858,9047.7402
18.03.2024 15:00:00.000,1.08858,1.08891,1.08812,1.08854,12801.29
18.03.2024 16:00:00.000,1.08854,1.08854,1.08695,1.08725,8640.4502
18.03.2024 17:00:00.000,1.08729,1.08753,1.08662,1.08687,6602.8101
18.03.2024 18:00:00.000,1.08690,1.08712,1.08675,1.08711,4053.74
18.03.2024 19:00:00.000,1.08711,1.08734,1.08678,1.08694,4469.3101
18.03.2024 20:00:00.000,1.08693,1.08725,1.08693,1.08725,2700.3999
18.03.2024 21:00:00.000,1.08731,1.08742,1.08726,1.08741,2331.3501
18.03.2024 22:00:00.000,1.08741,1.08742,1.08715,1.08722,754.05
18.03.2024 23:00:00.000,1.08721,1.08737,1.08714,1.08735,3384.4399
19.03.2024 00:00:00.000,1.08736,1.08747,1.08695,1.08696,5316.7202
19.03.2024 01:00:00.000,1.08696,1.08719,1.08669,1.08684,4878.1802
19.03.2024 02:00:00.000,1.08684,1.08749,1.08684,1.08735,3211.73
19.03.2024 03:00:00.000,1.08735,1.08767,1.08702,1.08742,7886.0898
19.03.2024 04:00:00.000,1.08742,1.08767,1.08676,1.08709,6885.5601
19.03.2024 05:00:00.000,1.08708,1.08723,1.08630,1.08643,5584.23
19.03.2024 06:00:00.000,1.08644,1.08686,1.08621,1.08678,11160.6396
19.03.2024 07:00:00.000,1.08677,1.08678,1.08519,1.08550,9055.4502
19.03.2024 08:00:00.000,1.08549,1.08564,1.08424,1.08477,13022.1504
19.03.2024 09:00:00.000,1.08478,1.08503,1.08348,1.08368,6591.9502
19.03.2024 10:00:00.000,1.08371,1.08461,1.08371,1.08446,11926.3896
19.03.2024 11:00:00.000,1.08444,1.08518,1.08431,1.08505,5971.7402
19.03.2024 12:00:00.000,1.08505,1.08563,1.08459,1.08519,16856.8203
19.03.2024 13:00:00.000,1.08518,1.08573,1.08495,1.08543,13435.3398
19.03.2024 14:00:00.000,1.08544,1.08658,1.08538,1.08625,11869.9805
19.03.2024 15:00:00.000,1.08624,1.08624,1.08534,1.08585,6860.2002
19.03.2024 16:00:00.000,1.08586,1.08640,1.08547,1.08634,6373.7998
19.03.2024 17:00:00.000,1.08635,1.08678,1.08599,1.08637,6028.5601
19.03.2024 18:00:00.000,1.08637,1.08653,1.08616,1.08627,4997.7998
19.03.2024 19:00:00.000,1.08626,1.08658,1.08612,1.08650,4759.77
19.03.2024 20:00:00.000,1.08648,1.08665,1.08642,1.08664,3310.77
19.03.2024 21:00:00.000,1.08669,1.08680,1.08646,1.08666,7566.3901
19.03.2024 22:00:00.000,1.08664,1.08667,1.08649,1.08656,972.54
19.03.2024 23:00:00.000,1.08657,1.08666,1.08617,1.08618,1998.3101
20.03.2024 00:00:00.000,1.08618,1.08651,1.08586,1.08646,3254.76
20.03.2024 01:00:00.000,1.08645,1.08659,1.08624,1.08645,4548.6401
20.03.2024 02:00:00.000,1.08643,1.08695,1.08630,1.08689,4777.48
20.03.2024 03:00:00.000,1.08692,1.08712,1.08680,1.08701,3816.3401
20.03.2024 04:00:00.000,1.08702,1.08707,1.08664,1.08668,3964.3301
20.03.2024 05:00:00.000,1.08668,1.08686,1.08654,1.08660,3969.99
20.03.2024 06:00:00.000,1.08658,1.08707,1.08652,1.08704,7229.4302
20.03.2024 07:00:00.000,1.08704,1.08722,1.08652,1.08656,10768.71
20.03.2024 08:00:00.000,1.08655,1.08656,1.08502,1.08524,6774.7798
20.03.2024 09:00:00.000,1.08524,1.08525,1.08366,1.08392,13618.3496
20.03.2024 10:00:00.000,1.08393,1.08431,1.08366,1.08397,11205.6602
20.03.2024 11:00:00.000,1.08397,1.08439,1.08372,1.08428,8661.75
20.03.2024 12:00:00.000,1.08429,1.08451,1.08380,1.08424,8326.21
20.03.2024 13:00:00.000,1.08424,1.08456,1.08374,1.08447,8751.79
20.03.2024 14:00:00.000,1.08448,1.08514,1.08437,1.08498,6069.8398
20.03.2024 15:00:00.000,1.08498,1.08563,1.08489,1.08547,8121.6899
20.03.2024 16:00:00.000,1.08548,1.08614,1.08537,1.08608,4864.4102
20.03.2024 17:00:00.000,1.08609,1.08670,1.08587,1.08656,5454.1299
20.03.2024 18:00:00.000,1.08654,1.09178,1.08649,1.09145,52056.7109
20.03.2024 19:00:00.000,1.09147,1.09228,1.09022,1.09211,26328.4902
20.03.2024 20:00:00.000,1.09210,1.09231,1.09189,1.09225,4614.6499
20.03.2024 21:00:00.000,1.09228,1.09241,1.09199,1.09219,5373.0801
20.03.2024 22:00:00.000,1.09217,1.09325,1.09217,1.09324,2158.4399
20.03.2024 23:00:00.000,1.09323,1.09377,1.09296,1.09375,4318.0898
21.03.2024 00:00:00.000,1.09376,1.09376,1.09309,1.09336,8409.29
21.03.2024 01:00:00.000,1.09336,1.09391,1.09334,1.09354,12672.3604
21.03.2024 02:00:00.000,1.09352,1.09374,1.09329,1.09355,4573.04
21.03.2024 03:00:00.000,1.09354,1.09373,1.09337,1.09353,3279.5601
21.03.2024 04:00:00.000,1.09353,1.09356,1.09330,1.09335,2808.6399
21.03.2024 05:00:00.000,1.09334,1.09370,1.09318,1.09319,3675.9399
21.03.2024 06:00:00.000,1.09319,1.09384,1.09318,1.09379,4347.2598
21.03.2024 07:00:00.000,1.09379,1.09428,1.09258,1.09289,8245.2402
21.03.2024 08:00:00.000,1.09285,1.09287,1.08874,1.08921,23422.3203
21.03.2024 09:00:00.000,1.08922,1.09149,1.08892,1.09131,16420.2793
21.03.2024 10:00:00.000,1.09132,1.09238,1.09125,1.09196,10693.6797
21.03.2024 11:00:00.000,1.09196,1.09206,1.09051,1.09097,9656.0898
21.03.2024 12:00:00.000,1.09099,1.09172,1.09037,1.09117,20079.6602
21.03.2024 13:00:00.000,1.09118,1.09119,1.08839,1.08860,23612.0703
21.03.2024 14:00:00.000,1.08856,1.08861,1.08708,1.08790,31824.8906
21.03.2024 15:00:00.000,1.08789,1.08792,1.08558,1.08606,14646.0898
21.03.2024 16:00:00.000,1.08604,1.08649,1.08582,1.08611,14651.54
21.03.2024 17:00:00.000,1.08611,1.08663,1.08563,1.08580,9094.5898
21.03.2024 18:00:00.000,1.08580,1.08632,1.08575,1.08625,4918.7002
21.03.2024 19:00:00.000,1.08625,1.08629,1.08556,1.08568,3094.99
21.03.2024 20:00:00.000,1.08568,1.08607,1.08568,1.08607,2474.1201
21.03.2024 21:00:00.000,1.08607,1.08636,1.08601,1.08633,6266.0498
21.03.2024 22:00:00.000,1.08631,1.08635,1.08607,1.08621,2265.6799
21.03.2024 23:00:00.000,1.08618,1.08632,1.08608,1.08622,3607.53
22.03.2024 00:00:00.000,1.08623,1.08682,1.08623,1.08654,3602.3
22.03.2024 01:00:00.000,1.08653,1.08661,1.08502,1.08506,7034.3198
22.03.2024 02:00:00.000,1.08507,1.08526,1.08390,1.08391,4575.7798
22.03.2024 03:00:00.000,1.08391,1.08414,1.08361,1.08381,6169.8301
22.03.2024 04:00:00.000,1.08380,1.08381,1.08313,1.08335,3621.73
22.03.2024 05:00:00.000,1.08336,1.08422,1.08335,1.08418,8552.1602
22.03.2024 06:00:00.000,1.08415,1.08415,1.08272,1.08306,6997.8999
22.03.2024 07:00:00.000,1.08305,1.08348,1.08211,1.08249,13435.4404
22.03.2024 08:00:00.000,1.08248,1.08298,1.08083,1.08121,11966.7002
22.03.2024 09:00:00.000,1.08121,1.08235,1.08120,1.08164,14680.1201
22.03.2024 10:00:00.000,1.08164,1.08217,1.08148,1.08165,9319.9697
22.03.2024 11:00:00.000,1.08166,1.08226,1.08118,1.08162,8102.29
22.03.2024 12:00:00.000,1.08163,1.08313,1.08147,1.08267,20487.2598
22.03.2024 13:00:00.000,1.08267,1.08299,1.08187,1.08297,15340.6602
22.03.2024 14:00:00.000,1.08298,1.08319,1.08150,1.08150,7188.9502
22.03.2024 15:00:00.000,1.08150,1.08220,1.08105,1.08159,10179.8799
22.03.2024 16:00:00.000,1.08159,1.08171,1.08059,1.08060,5981.6099
22.03.2024 17:00:00.000,1.08060,1.08107,1.08050,1.08061,4928
22.03.2024 18:00:00.000,1.08060,1.08077,1.08041,1.08041,3173.8
22.03.2024 19:00:00.000,1.08042,1.08070,1.08019,1.08058,3623.04
22.03.2024 20:00:00.000,1.08059,1.08101,1.08052,1.08095,7714.7202
22.03.2024 21:00:00.000,1.08095,1.08095,1.08095,1.08095,0
22.03.2024 22:00:00.000,1.08095,1.08095,1.08095,1.08095,0
22.03.2024 23:00:00.000,1.08095,1.08095,1.08095,1.08095,0
23.03.2024 00:00:00.000,1.08095,1.08095,1.08095,1.08095,0
23.03.2024 01:00:00.000,1.08095,1.08095,1.08095,1.08095,0
23.03.2024 02:00:00.000,1.08095,1.08095,1.08095,1.08095,0
23.03.2024 03:00:00.000,1.08095,1.08095,1.08095,1.08095,0
23.03.2024 04:00:00.000,1.08095,1.08095,1.08095,1.08095,0
23.03.2024 05:00:00.000,1.08095,1.08095,1.08095,1.08095,0
23.03.2024 06:00:00.000,1.08095,1.08095,1.08095,1.08095,0
23.03.2024 07:00:00.000,1.08095,1.08095,1.08095,1.08095,0
23.03.2024 08:00:00.000,1.08095,1.08095,1.08095,1.08095,0
23.03.2024 09:00:00.000,1.08095,1.08095,1.08095,1.08095,0
23.03.2024 10:00:00.000,1.08095,1.08095,1.08095,1.08095,0
23.03.2024 11:00:00.000,1.08095,1.08095,1.08095,1.08095,0
23.03.2024 12:00:00.000,1.08095,1.08095,1.08095,1.08095,0
23.03.2024 13:00:00.000,1.08095,1.08095,1.08095,1.08095,0
23.03.2024 14:00:00.000,1.08095,1.08095,1.08095,1.08095,0
23.03.2024 15:00:00.000,1.08095,1.08095,1.08095,1.08095,0
23.03.2024 16:00:00.000,1.08095,1.08095,1.08095,1.08095,0
23.03.2024 17:00:00.000,1.08095,1.08095,1.08095,1.08095,0
23.03.2024 18:00:00.000,1.08095,1.08095,1.08095,1.08095,0
23.03.2024 19:00:00.000,1.08095,1.08095,1.08095,1.08095,0
23.03.2024 20:00:00.000,1.08095,1.08095,1.08095,1.08095,0
23.03.2024 21:00:00.000,1.08095,1.08095,1.08095,1.08095,0
23.03.2024 22:00:00.000,1.08095,1.08095,1.08095,1.08095,0
23.03.2024 23:00:00.000,1.08095,1.08095,1.08095,1.08095,0
24.03.2024 00:00:00.000,1.08095,1.08095,1.08095,1.08095,0
24.03.2024 01:00:00.000,1.08095,1.08095,1.08095,1.08095,0
24.03.2024 02:00:00.000,1.08095,1.08095,1.08095,1.08095,0
24.03.2024 03:00:00.000,1.08095,1.08095,1.08095,1.08095,0
24.03.2024 04:00:00.000,1.08095,1.08095,1.08095,1.08095,0
24.03.2024 05:00:00.000,1.08095,1.08095,1.08095,1.08095,0
24.03.2024 06:00:00.000,1.08095,1.08095,1.08095,1.08095,0
24.03.2024 07:00:00.000,1.08095,1.08095,1.08095,1.08095,0
24.03.2024 08:00:00.000,1.08095,1.08095,1.08095,1.08095,0
24.03.2024 09:00:00.000,1.08095,1.08095,1.08095,1.08095,0
24.03.2024 10:00:00.000,1.08095,1.08095,1.08095,1.08095,0
24.03.2024 11:00:00.000,1.08095,1.08095,1.08095,1.08095,0
24.03.2024 12:00:00.000,1.08095,1.08095,1.08095,1.08095,0
24.03.2024 13:00:00.000,1.08095,1.08095,1.08095,1.08095,0
24.03.2024 14:00:00.000,1.08095,1.08095,1.08095,1.08095,0
24.03.2024 15:00:00.000,1.08095,1.08095,1.08095,1.08095,0
24.03.2024 16:00:00.000,1.08095,1.08095,1.08095,1.08095,0
24.03.2024 17:00:00.000,1.08095,1.08095,1.08095,1.08095,0
24.03.2024 18:00:00.000,1.08095,1.08095,1.08095,1.08095,0
24.03.2024 19:00:00.000,1.08095,1.08095,1.08095,1.08095,0
24.03.2024 20:00:00.000,1.08095,1.08095,1.08095,1.08095,0
24.03.2024 21:00:00.000,1.08102,1.08112,1.08087,1.08097,276.96
24.03.2024 22:00:00.000,1.08083,1.08090,1.08057,1.08089,1789.15
24.03.2024 23:00:00.000,1.08089,1.08101,1.08069,1.08074,5377.52
25.03.2024 00:00:00.000,1.08075,1.08099,1.08028,1.08037,2669.6899
25.03.2024 01:00:00.000,1.08038,1.08199,1.08023,1.08171,10500.7803
25.03.2024 02:00:00.000,1.08171,1.08223,1.08158,1.08219,5651.9702
25.03.2024 03:00:00.000,1.08218,1.08220,1.08118,1.08137,4784.7798
25.03.2024 04:00:00.000,1.08137,1.08142,1.08109,1.08133,4298.6899
25.03.2024 05:00:00.000,1.08134,1.08225,1.08126,1.08224,7603.7202
25.03.2024 06:00:00.000,1.08222,1.08222,1.08165,1.08176,7580.7002
25.03.2024 07:00:00.000,1.08176,1.08232,1.08139,1.08140,8862.8701
25.03.2024 08:00:00.000,1.08140,1.08239,1.08074,1.08139,10487.9805
25.03.2024 09:00:00.000,1.08140,1.08217,1.08118,1.08177,8895.9902
25.03.2024 10:00:00.000,1.08177,1.08221,1.08166,1.08181,7554.4102
25.03.2024 11:00:00.000,1.08180,1.08297,1.08166,1.08286,9822.6201
25.03.2024 12:00:00.000,1.08283,1.08342,1.08280,1.08308,7775.1001
25.03.2024 13:00:00.000,1.08308,1.08380,1.08293,1.08354,11081.6201
25.03.2024 14:00:00.000,1.08354,1.08425,1.08340,1.08392,9651.9102
25.03.2024 15:00:00.000,1.08392,1.08392,1.08317,1.08368,6131.6602
25.03.2024 16:00:00.000,1.08367,1.08382,1.08332,1.08368,3993.1899
25.03.2024 17:00:00.000,1.08367,1.08379,1.08334,1.08366,2745.2
25.03.2024 18:00:00.000,1.08365,1.08372,1.08352,1.08361,2621.8101
25.03.2024 19:00:00.000,1.08361,1.08400,1.08358,1.08394,3543.3701
25.03.2024 20:00:00.000,1.08394,1.08411,1.08358,1.08378,2456.0901
25.03.2024 21:00:00.000,1.08382,1.08383,1.08357,1.08373,11670.5195
25.03.2024 22:00:00.000,1.08372,1.08395,1.08369,1.08373,1074.36
25.03.2024 23:00:00.000,1.08374,1.08387,1.08365,1.08372,1822.1801
26.03.2024 00:00:00.000,1.08371,1.08430,1.08363,1.08428,3379.02
26.03.2024 01:00:00.000,1.08430,1.08456,1.08389,1.08407,8605.7197
26.03.2024 02:00:00.000,1.08406,1.08445,1.08399,1.08429,3614.97
26.03.2024 03:00:00.000,1.08429,1.08444,1.08360,1.08369,3345.0901
26.03.2024 04:00:00.000,1.08369,1.08412,1.08367,1.08404,3522.4199
26.03.2024 05:00:00.000,1.08403,1.08484,1.08400,1.08474,3985.3401
26.03.2024 06:00:00.000,1.08473,1.08522,1.08465,1.08509,4935.6802
26.03.2024 07:00:00.000,1.08509,1.08530,1.08398,1.08426,6394.8701
26.03.2024 08:00:00.000,1.08425,1.08517,1.08388,1.08497,11206.5898
26.03.2024 09:00:00.000,1.08497,1.08560,1.08458,1.08538,9385.9004
26.03.2024 10:00:00.000,1.08538,1.08644,1.08530,1.08554,8705.6201
26.03.2024 11:00:00.000,1.08554,1.08600,1.08535,1.08570,7814.1299
26.03.2024 12:00:00.000,1.08570,1.08595,1.08488,1.08522,14208.2803
26.03.2024 13:00:00.000,1.08522,1.08586,1.08470,1.08530,9574.9902
26.03.2024 14:00:00.000,1.08529,1.08550,1.08380,1.08413,12554.1797
26.03.2024 15:00:00.000,1.08413,1.08444,1.08253,1.08282,14408.6201
26.03.2024 16:00:00.000,1.08283,1.08324,1.08244,1.08284,7041.0098
26.03.2024 17:00:00.000,1.08283,1.08359,1.08269,1.08306,5008
26.03.2024 18:00:00.000,1.08306,1.08349,1.08298,1.08330,2873.1899
26.03.2024 19:00:00.000,1.08329,1.08351,1.08287,1.08288,2919.48
26.03.2024 20:00:00.000,1.08289,1.08323,1.08287,1.08321,1996.99
26.03.2024 21:00:00.000,1.08321,1.08332,1.08310,1.08324,2477.95
26.03.2024 22:00:00.000,1.08332,1.08341,1.08321,1.08329,1101.36
26.03.2024 23:00:00.000,1.08328,1.08332,1.08305,1.08326,2486.9199
27.03.2024 00:00:00.000,1.08328,1.08329,1.08276,1.08297,4203.7402
27.03.2024 01:00:00.000,1.08296,1.08310,1.08207,1.08235,4664.4399
27.03.2024 02:00:00.000,1.08235,1.08281,1.08235,1.08260,4229.77
27.03.2024 03:00:00.000,1.08261,1.08281,1.08243,1.08264,3699.8701
27.03.2024 04:00:00.000,1.08264,1.08305,1.08264,1.08301,2091.3
27.03.2024 05:00:00.000,1.08300,1.08300,1.08255,1.08265,2435.4199
27.03.2024 06:00:00.000,1.08262,1.08327,1.08248,1.08324,5372.9102
27.03.2024 07:00:00.000,1.08324,1.08340,1.08231,1.08266,9515.5303
27.03.2024 08:00:00.000,1.08265,1.08304,1.08215,1.08288,12056.3398
27.03.2024 09:00:00.000,1.08289,1.08392,1.08269,1.08278,10563.4502
27.03.2024 10:00:00.000,1.08278,1.08349,1.08263,1.08331,11925.1396
27.03.2024 11:00:00.000,1.08329,1.08353,1.08182,1.08211,9119.8096
27.03.2024 12:00:00.000,1.08210,1.08217,1.08152,1.08190,10002.3896
27.03.2024 13:00:00.000,1.08190,1.08195,1.08109,1.08170,11344.8096
27.03.2024 14:00:00.000,1.08171,1.08213,1.08139,1.08148,9390.0303
27.03.2024 15:00:00.000,1.08146,1.08227,1.08139,1.08205,12017.1699
27.03.2024 16:00:00.000,1.08205,1.08259,1.08190,1.08233,7718.27
27.03.2024 17:00:00.000,1.08232,1.08251,1.08176,1.08193,6458.5601
27.03.2024 18:00:00.000,1.08193,1.08233,1.08186,1.08225,4362.3501
27.03.2024 19:00:00.000,1.08223,1.08277,1.08207,1.08273,3938.0901
27.03.2024 20:00:00.000,1.08272,1.08292,1.08263,1.08278,1280.8199
27.03.2024 21:00:00.000,1.08277,1.08284,1.08258,1.08273,2204.8799
27.03.2024 22:00:00.000,1.08273,1.08273,1.08105,1.08140,2966.24
27.03.2024 23:00:00.000,1.08140,1.08151,1.08113,1.08126,3699.96
28.03.2024 00:00:00.000,1.08127,1.08204,1.08082,1.08178,6330.6802
28.03.2024 01:00:00.000,1.08175,1.08193,1.08151,1.08181,4566.1401
28.03.2024 02:00:00.000,1.08181,1.08261,1.08177,1.08224,5387.2998
28.03.2024 03:00:00.000,1.08224,1.08244,1.08214,1.08218,3462.05
28.03.2024 04:00:00.000,1.08217,1.08244,1.08205,1.08237,2675.3501
28.03.2024 05:00:00.000,1.08237,1.08268,1.08221,1.08240,5499.48
28.03.2024 06:00:00.000,1.08239,1.08242,1.08152,1.08181,6385.5298
28.03.2024 07:00:00.000,1.08182,1.08188,1.08005,1.08010,11722.9297
28.03.2024 08:00:00.000,1.08011,1.08022,1.07899,1.07920,12168.5498
28.03.2024 09:00:00.000,1.07919,1.07923,1.07752,1.07756,11665.6299
28.03.2024 10:00:00.000,1.07755,1.07931,1.07752,1.07894,13843
28.03.2024 11:00:00.000,1.07894,1.07949,1.07829,1.07841,5816.5098
28.03.2024 12:00:00.000,1.07840,1.08090,1.07837,1.08084,17738.9102
28.03.2024 13:00:00.000,1.08084,1.08181,1.08030,1.08130,16565.1602
28.03.2024 14:00:00.000,1.08130,1.08189,1.07979,1.08005,12629.4697
28.03.2024 15:00:00.000,1.08004,1.08075,1.07940,1.08014,12562.4102
28.03.2024 16:00:00.000,1.08015,1.08054,1.07930,1.07995,10014.5
28.03.2024 17:00:00.000,1.07994,1.08021,1.07952,1.07964,4516.8398
28.03.2024 18:00:00.000,1.07963,1.07987,1.07862,1.07877,5066.7998
28.03.2024 19:00:00.000,1.07876,1.07894,1.07848,1.07882,6579.02
28.03.2024 20:00:00.000,1.07881,1.07890,1.07851,1.07890,2161.02
28.03.2024 21:00:00.000,1.07901,1.07911,1.07880,1.07900,7263.3501
28.03.2024 22:00:00.000,1.07901,1.07971,1.07888,1.07889,6287.8901
28.03.2024 23:00:00.000,1.07893,1.07937,1.07878,1.07918,10707.6201
29.03.2024 00:00:00.000,1.07918,1.07919,1.07842,1.07847,8950.3398
29.03.2024 01:00:00.000,1.07847,1.07855,1.07761,1.07763,4942.98
29.03.2024 02:00:00.000,1.07763,1.07802,1.07739,1.07793,6430.2798
29.03.2024 03:00:00.000,1.07792,1.07797,1.07746,1.07748,2325.0701
29.03.2024 04:00:00.000,1.07746,1.07775,1.07745,1.07769,3027.3
29.03.2024 05:00:00.000,1.07768,1.07784,1.07742,1.07753,2121.3701
29.03.2024 06:00:00.000,1.07753,1.07774,1.07748,1.07762,2846.8401
29.03.2024 07:00:00.000,1.07759,1.07840,1.07686,1.07690,4479.1099
29.03.2024 08:00:00.000,1.07688,1.07790,1.07687,1.07787,5800.7402
29.03.2024 09:00:00.000,1.07788,1.07831,1.07736,1.07830,9181.0703
29.03.2024 10:00:00.000,1.07831,1.07892,1.07823,1.07852,7865.52
29.03.2024 11:00:00.000,1.07853,1.07923,1.07848,1.07879,11133.9004
29.03.2024 12:00:00.000,1.07880,1.08071,1.07832,1.07991,11203.7998
29.03.2024 13:00:00.000,1.07990,1.08039,1.07946,1.07986,10309.2402
29.03.2024 14:00:00.000,1.07986,1.08001,1.07946,1.07965,8222.4404
29.03.2024 15:00:00.000,1.07964,1.07978,1.07890,1.07928,15204.7305
29.03.2024 16:00:00.000,1.07928,1.07932,1.07875,1.07887,3733.9099
29.03.2024 17:00:00.000,1.07886,1.07900,1.07881,1.07892,4563.2598
29.03.2024 18:00:00.000,1.07892,1.07909,1.07887,1.07902,2494.8301
29.03.2024 19:00:00.000,1.07905,1.07947,1.07893,1.07920,4324.6499
29.03.2024 20:00:00.000,1.07917,1.08001,1.07911,1.07962,7412.9702
29.03.2024 21:00:00.000,1.07962,1.07962,1.07962,1.07962,0
29.03.2024 22:00:00.000,1.07962,1.07962,1.07962,1.07962,0
29.03.2024 23:00:00.000,1.07962,1.07962,1.07962,1.07962,0
30.03.2024 00:00:00.000,1.07962,1.07962,1.07962,1.07962,0
30.03.2024 01:00:00.000,1.07962,1.07962,1.07962,1.07962,0
30.03.2024 02:00:00.000,1.07962,1.07962,1.07962,1.07962,0
30.03.2024 03:00:00.000,1.07962,1.07962,1.07962,1.07962,0
30.03.2024 04:00:00.000,1.07962,1.07962,1.07962,1.07962,0
30.03.2024 05:00:00.000,1.07962,1.07962,1.07962,1.07962,0
30.03.2024 06:00:00.000,1.07962,1.07962,1.07962,1.07962,0
30.03.2024 07:00:00.000,1.07962,1.07962,1.07962,1.07962,0
30.03.2024 08:00:00.000,1.07962,1.07962,1.07962,1.07962,0
30.03.2024 09:00:00.000,1.07962,1.07962,1.07962,1.07962,0
30.03.2024 10:00:00.000,1.07962,1.07962,1.07962,1.07962,0
30.03.2024 11:00:00.000,1.07962,1.07962,1.07962,1.07962,0
30.03.2024 12:00:00.000,1.07962,1.07962,1.07962,1.07962,0
30.03.2024 13:00:00.000,1.07962,1.07962,1.07962,1.07962,0
30.03.2024 14:00:00.000,1.07962,1.07962,1.07962,1.07962,0
30.03.2024 15:00:00.000,1.07962,1.07962,1.07962,1.07962,0
30.03.2024 16:00:00.000,1.07962,1.07962,1.07962,1.07962,0
30.03.2024 17:00:00.000,1.07962,1.07962,1.07962,1.07962,0
30.03.2024 18:00:00.000,1.07962,1.07962,1.07962,1.07962,0
30.03.2024 19:00:00.000,1.07962,1.07962,1.07962,1.07962,0
30.03.2024 20:00:00.000,1.07962,1.07962,1.07962,1.07962,0
30.03.2024 21:00:00.000,1.07962,1.07962,1.07962,1.07962,0
30.03.2024 22:00:00.000,1.07962,1.07962,1.07962,1.07962,0
30.03.2024 23:00:00.000,1.07962,1.07962,1.07962,1.07962,0
31.03.2024 00:00:00.000,1.07962,1.07962,1.07962,1.07962,0
31.03.2024 01:00:00.000,1.07962,1.07962,1.07962,1.07962,0
31.03.2024 02:00:00.000,1.07962,1.07962,1.07962,1.07962,0
31.03.2024 03:00:00.000,1.07962,1.07962,1.07962,1.07962,0
31.03.2024 04:00:00.000,1.07962,1.07962,1.07962,1.07962,0
31.03.2024 05:00:00.000,1.07962,1.07962,1.07962,1.07962,0
31.03.2024 06:00:00.000,1.07962,1.07962,1.07962,1.07962,0
31.03.2024 07:00:00.000,1.07962,1.07962,1.07962,1.07962,0
31.03.2024 08:00:00.000,1.07962,1.07962,1.07962,1.07962,0
31.03.2024 09:00:00.000,1.07962,1.07962,1.07962,1.07962,0
31.03.2024 10:00:00.000,1.07962,1.07962,1.07962,1.07962,0
31.03.2024 11:00:00.000,1.07962,1.07962,1.07962,1.07962,0
31.03.2024 12:00:00.000,1.07962,1.07962,1.07962,1.07962,0
31.03.2024 13:00:00.000,1.07962,1.07962,1.07962,1.07962,0
31.03.2024 14:00:00.000,1.07962,1.07962,1.07962,1.07962,0
31.03.2024 15:00:00.000,1.07962,1.07962,1.07962,1.07962,0
31.03.2024 16:00:00.000,1.07962,1.07962,1.07962,1.07962,0
31.03.2024 17:00:00.000,1.07962,1.07962,1.07962,1.07962,0
31.03.2024 18:00:00.000,1.07962,1.07962,1.07962,1.07962,0
31.03.2024 19:00:00.000,1.07962,1.07962,1.07962,1.07962,0
31.03.2024 20:00:00.000,1.07962,1.07962,1.07962,1.07962,0
31.03.2024 21:00:00.000,1.07904,1.07969,1.07901,1.07948,868.25
31.03.2024 22:00:00.000,1.07941,1.07976,1.07859,1.07870,2422.45
31.03.2024 23:00:00.000,1.07871,1.07948,1.07858,1.07934,2354.1499
01.04.2024 00:00:00.000,1.07934,1.07989,1.07904,1.07915,4024.3301
01.04.2024 01:00:00.000,1.07915,1.07948,1.07858,1.07869,4356.8999
01.04.2024 02:00:00.000,1.07869,1.07897,1.07851,1.07880,3901.95
01.04.2024 03:00:00.000,1.07880,1.07915,1.07849,1.07904,2816.8701
01.04.2024 04:00:00.000,1.07904,1.07913,1.07843,1.07869,1825.8199
01.04.2024 05:00:00.000,1.07869,1.07874,1.07829,1.07855,1852.13
01.04.2024 06:00:00.000,1.07852,1.07906,1.07846,1.07868,3483.3301
01.04.2024 07:00:00.000,1.07869,1.07924,1.07832,1.07864,2310.1899
01.04.2024 08:00:00.000,1.07863,1.07918,1.07833,1.07900,3911.48
01.04.2024 09:00:00.000,1.07899,1.07911,1.07859,1.07862,3982.8501
01.04.2024 10:00:00.000,1.07861,1.07869,1.07798,1.07814,4283.9502
01.04.2024 11:00:00.000,1.07815,1.07879,1.07801,1.07842,3145.7
01.04.2024 12:00:00.000,1.07842,1.07859,1.07773,1.07820,8481.8896
01.04.2024 13:00:00.000,1.07819,1.07832,1.07719,1.07741,12634.4805
01.04.2024 14:00:00.000,1.07740,1.07740,1.07396,1.07445,29009.3906
01.04.2024 15:00:00.000,1.07445,1.07456,1.07311,1.07329,9001.7002
01.04.2024 16:00:00.000,1.07329,1.07371,1.07313,1.07366,8042.75
01.04.2024 17:00:00.000,1.07367,1.07442,1.07367,1.07419,4260.27
01.04.2024 18:00:00.000,1.07419,1.07428,1.07370,1.07377,4777.75
01.04.2024 19:00:00.000,1.07378,1.07428,1.07376,1.07419,9511.8096
01.04.2024 20:00:00.000,1.07420,1.07438,1.07416,1.07437,3303.8401
01.04.2024 21:00:00.000,1.07441,1.07452,1.07398,1.07444,3123.6599
01.04.2024 22:00:00.000,1.07441,1.07443,1.07402,1.07402,1536.4399
01.04.2024 23:00:00.000,1.07400,1.07400,1.07359,1.07374,2975.1499
02.04.2024 00:00:00.000,1.07372,1.07390,1.07311,1.07373,9062.4697
02.04.2024 01:00:00.000,1.07373,1.07383,1.07304,1.07342,9972.2803
02.04.2024 02:00:00.000,1.07341,1.07355,1.07297,1.07350,6366.73
02.04.2024 03:00:00.000,1.07350,1.07364,1.07299,1.07302,3763.01
02.04.2024 04:00:00.000,1.07303,1.07342,1.07295,1.07334,2330.74
02.04.2024 05:00:00.000,1.07332,1.07351,1.07260,1.07268,4028.28
02.04.2024 06:00:00.000,1.07268,1.07322,1.07248,1.07290,11143.5996
02.04.2024 07:00:00.000,1.07289,1.07430,1.07262,1.07423,14101.5303
02.04.2024 08:00:00.000,1.07421,1.07421,1.07266,1.07316,13084.6201
02.04.2024 09:00:00.000,1.07315,1.07432,1.07312,1.07422,10999.9404
02.04.2024 10:00:00.000,1.07421,1.07459,1.07387,1.07452,8458.0996
02.04.2024 11:00:00.000,1.07453,1.07537,1.07431,1.07519,13868.4502
02.04.2024 12:00:00.000,1.07518,1.07562,1.07457,1.07490,10631.7598
02.04.2024 13:00:00.000,1.07491,1.07684,1.07482,1.07652,13725.0898
02.04.2024 14:00:00.000,1.07650,1.07792,1.07595,1.07659,16073.3496
02.04.2024 15:00:00.000,1.07660,1.07720,1.07645,1.07691,9877.6201
02.04.2024 16:00:00.000,1.07692,1.07704,1.07649,1.07683,5185.6699
02.04.2024 17:00:00.000,1.07683,1.07690,1.07646,1.07673,2624.6899
02.04.2024 18:00:00.000,1.07675,1.07687,1.07624,1.07634,2813.8701
02.04.2024 19:00:00.000,1.07636,1.07683,1.07603,1.07682,7233.3999
02.04.2024 20:00:00.000,1.07680,1.07701,1.07660,1.07701,3469.6699
02.04.2024 21:00:00.000,1.07703,1.07756,1.07696,1.07742,1834.6801
02.04.2024 22:00:00.000,1.07743,1.07743,1.07682,1.07685,1634.16
02.04.2024 23:00:00.000,1.07684,1.07690,1.07668,1.07681,1998.05
03.04.2024 00:00:00.000,1.07681,1.07717,1.07661,1.07689,3173.6101
03.04.2024 01:00:00.000,1.07690,1.07738,1.07660,1.07723,3709.48
03.04.2024 02:00:00.000,1.07723,1.07751,1.07719,1.07745,2516.6599
03.04.2024 03:00:00.000,1.07744,1.07796,1.07744,1.07775,1922.1899
03.04.2024 04:00:00.000,1.07775,1.07782,1.07748,1.07748,3982.28
03.04.2024 05:00:00.000,1.07748,1.07775,1.07743,1.07755,2938.8899
03.04.2024 06:00:00.000,1.07756,1.07761,1.07673,1.07693,4831.0298
03.04.2024 07:00:00.000,1.07695,1.07726,1.07642,1.07707,7169.1802
03.04.2024 08:00:00.000,1.07707,1.07775,1.07700,1.07720,5151.3701
03.04.2024 09:00:00.000,1.07720,1.07748,1.07652,1.07679,5557.0698
03.04.2024 10:00:00.000,1.07679,1.07770,1.07664,1.07757,6420.4399
03.04.2024 11:00:00.000,1.07757,1.07851,1.07757,1.07840,5487.9902
03.04.2024 12:00:00.000,1.07841,1.07866,1.07732,1.07782,14350.9902
03.04.2024 13:00:00.000,1.07783,1.07928,1.07779,1.07897,19988.6699
03.04.2024 14:00:00.000,1.07901,1.08242,1.07901,1.08230,25296.8594
03.04.2024 15:00:00.000,1.08231,1.08307,1.08195,1.08268,9526.4805
03.04.2024 16:00:00.000,1.08269,1.08364,1.08204,1.08308,10547.0898
03.04.2024 17:00:00.000,1.08308,1.08344,1.08258,1.08323,5603.3501
03.04.2024 18:00:00.000,1.08323,1.08370,1.08317,1.08349,4421.71
03.04.2024 19:00:00.000,1.08348,1.08350,1.08293,1.08337,8485.1699
03.04.2024 20:00:00.000,1.08336,1.08368,1.08326,1.08367,2757.8101
03.04.2024 21:00:00.000,1.08371,1.08375,1.08341,1.08341,4297.21
03.04.2024 22:00:00.000,1.08342,1.08384,1.08342,1.08380,736.17
03.04.2024 23:00:00.000,1.08378,1.08409,1.08365,1.08382,4382.3999
04.04.2024 00:00:00.000,1.08381,1.08435,1.08349,1.08433,5380.3901
04.04.2024 01:00:00.000,1.08432,1.08440,1.08402,1.08409,5660.4902
04.04.2024 02:00:00.000,1.08409,1.08446,1.08383,1.08430,5597.8799
04.04.2024 03:00:00.000,1.08429,1.08435,1.08403,1.08428,6080.46
04.04.2024 04:00:00.000,1.08427,1.08449,1.08427,1.08428,5414.5498
04.04.2024 05:00:00.000,1.08428,1.08466,1.08413,1.08420,4373.96
04.04.2024 06:00:00.000,1.08420,1.08465,1.08391,1.08400,5449.1899
04.04.2024 07:00:00.000,1.08400,1.08585,1.08394,1.08574,15471.5303
04.04.2024 08:00:00.000,1.08570,1.08628,1.08510,1.08621,12754.3301
04.04.2024 09:00:00.000,1.08620,1.08656,1.08556,1.08588,12321.1104
04.04.2024 10:00:00.000,1.08588,1.08617,1.08560,1.08598,6195.2998
04.04.2024 11:00:00.000,1.08599,1.08625,1.08521,1.08529,6275.1201
04.04.2024 12:00:00.000,1.08531,1.08705,1.08509,1.08698,10033.1602
04.04.2024 13:00:00.000,1.08699,1.08766,1.08643,1.08699,15533.5898
04.04.2024 14:00:00.000,1.08702,1.08763,1.08669,1.08678,10607.4297
04.04.2024 15:00:00.000,1.08676,1.08690,1.08624,1.08651,5019.9302
04.04.2024 16:00:00.000,1.08651,1.08671,1.08581,1.08589,3147.3799
04.04.2024 17:00:00.000,1.08590,1.08620,1.08584,1.08601,2627.75
04.04.2024 18:00:00.000,1.08602,1.08602,1.08467,1.08502,9199.3398
04.04.2024 19:00:00.000,1.08501,1.08509,1.08334,1.08338,12187.4805
04.04.2024 20:00:00.000,1.08337,1.08389,1.08319,1.08377,6132.6299
04.04.2024 21:00:00.000,1.08377,1.08424,1.08364,1.08391,15247.79
04.04.2024 22:00:00.000,1.08388,1.08405,1.08359,1.08367,2449.6399
04.04.2024 23:00:00.000,1.08368,1.08403,1.08361,1.08367,2383.8999
05.04.2024 00:00:00.000,1.08367,1.08441,1.08351,1.08418,8537.6299
05.04.2024 01:00:00.000,1.08419,1.08433,1.08252,1.08269,6344.79
05.04.2024 02:00:00.000,1.08270,1.08285,1.08235,1.08254,3730.24
05.04.2024 03:00:00.000,1.08254,1.08282,1.08249,1.08269,3272.6599
05.04.2024 04:00:00.000,1.08269,1.08280,1.08251,1.08264,2260.6599
05.04.2024 05:00:00.000,1.08262,1.08282,1.08254,1.08275,3415.8799
05.04.2024 06:00:00.000,1.08274,1.08331,1.08227,1.08306,5466.8301
05.04.2024 07:00:00.000,1.08307,1.08412,1.08304,1.08393,10635.5195
05.04.2024 08:00:00.000,1.08391,1.08466,1.08363,1.08378,11150.46
05.04.2024 09:00:00.000,1.08378,1.08423,1.08350,1.08390,8153.4102
05.04.2024 10:00:00.000,1.08389,1.08393,1.08328,1.08346,5365.8701
05.04.2024 11:00:00.000,1.08346,1.08419,1.08308,1.08352,8475.96
05.04.2024 12:00:00.000,1.08352,1.08482,1.08003,1.08094,32828.4219
05.04.2024 13:00:00.000,1.08095,1.08139,1.07914,1.08012,25658.0605
05.04.2024 14:00:00.000,1.08012,1.08265,1.07971,1.08188,17636.1992
05.04.2024 15:00:00.000,1.08186,1.08436,1.08162,1.08403,13836.1797
05.04.2024 16:00:00.000,1.08403,1.08445,1.08332,1.08359,4957.0098
05.04.2024 17:00:00.000,1.08361,1.08390,1.08316,1.08330,7250.0498
05.04.2024 18:00:00.000,1.08329,1.08381,1.08308,1.08349,8108.3901
05.04.2024 19:00:00.000,1.08350,1.08371,1.08322,1.08355,4709.8701
05.04.2024 20:00:00.000,1.08356,1.08388,1.08339,1.08377,5875.3999
05.04.2024 21:00:00.000,1.08377,1.08377,1.08377,1.08377,0
05.04.2024 22:00:00.000,1.08377,1.08377,1.08377,1.08377,0
05.04.2024 23:00:00.000,1.08377,1.08377,1.08377,1.08377,0
06.04.2024 00:00:00.000,1.08377,1.08377,1.08377,1.08377,0
06.04.2024 01:00:00.000,1.08377,1.08377,1.08377,1.08377,0
06.04.2024 02:00:00.000,1.08377,1.08377,1.08377,1.08377,0
06.04.2024 03:00:00.000,1.08377,1.08377,1.08377,1.08377,0
06.04.2024 04:00:00.000,1.08377,1.08377,1.08377,1.08377,0
06.04.2024 05:00:00.000,1.08377,1.08377,1.08377,1.08377,0
06.04.2024 06:00:00.000,1.08377,1.08377,1.08377,1.08377,0
06.04.2024 07:00:00.000,1.08377,1.08377,1.08377,1.08377,0
06.04.2024 08:00:00.000,1.08377,1.08377,1.08377,1.08377,0
06.04.2024 09:00:00.000,1.08377,1.08377,1.08377,1.08377,0
06.04.2024 10:00:00.000,1.08377,1.08377,1.08377,1.08377,0
06.04.2024 11:00:00.000,1.08377,1.08377,1.08377,1.08377,0
06.04.2024 12:00:00.000,1.08377,1.08377,1.08377,1.08377,0
06.04.2024 13:00:00.000,1.08377,1.08377,1.08377,1.08377,0
06.04.2024 14:00:00.000,1.08377,1.08377,1.08377,1.08377,0
06.04.2024 15:00:00.000,1.08377,1.08377,1.08377,1.08377,0
06.04.2024 16:00:00.000,1.08377,1.08377,1.08377,1.08377,0
06.04.2024 17:00:00.000,1.08377,1.08377,1.08377,1.08377,0
06.04.2024 18:00:00.000,1.08377,1.08377,1.08377,1.08377,0
06.04.2024 19:00:00.000,1.08377,1.08377,1.08377,1.08377,0
06.04.2024 20:00:00.000,1.08377,1.08377,1.08377,1.08377,0
06.04.2024 21:00:00.000,1.08377,1.08377,1.08377,1.08377,0
06.04.2024 22:00:00.000,1.08377,1.08377,1.08377,1.08377,0
06.04.2024 23:00:00.000,1.08377,1.08377,1.08377,1.08377,0
07.04.2024 00:00:00.000,1.08377,1.08377,1.08377,1.08377,0
07.04.2024 01:00:00.000,1.08377,1.08377,1.08377,1.08377,0
07.04.2024 02:00:00.000,1.08377,1.08377,1.08377,1.08377,0
07.04.2024 03:00:00.000,1.08377,1.08377,1.08377,1.08377,0
07.04.2024 04:00:00.000,1.08377,1.08377,1.08377,1.08377,0
07.04.2024 05:00:00.000,1.08377,1.08377,1.08377,1.08377,0
07.04.2024 06:00:00.000,1.08377,1.08377,1.08377,1.08377,0
07.04.2024 07:00:00.000,1.08377,1.08377,1.08377,1.08377,0
07.04.2024 08:00:00.000,1.08377,1.08377,1.08377,1.08377,0
07.04.2024 09:00:00.000,1.08377,1.08377,1.08377,1.08377,0
07.04.2024 10:00:00.000,1.08377,1.08377,1.08377,1.08377,0
07.04.2024 11:00:00.000,1.08377,1.08377,1.08377,1.08377,0
07.04.2024 12:00:00.000,1.08377,1.08377,1.08377,1.08377,0
07.04.2024 13:00:00.000,1.08377,1.08377,1.08377,1.08377,0
07.04.2024 14:00:00.000,1.08377,1.08377,1.08377,1.08377,0
07.04.2024 15:00:00.000,1.08377,1.08377,1.08377,1.08377,0
07.04.2024 16:00:00.000,1.08377,1.08377,1.08377,1.08377,0
07.04.2024 17:00:00.000,1.08377,1.08377,1.08377,1.08377,0
07.04.2024 18:00:00.000,1.08377,1.08377,1.08377,1.08377,0
07.04.2024 19:00:00.000,1.08377,1.08377,1.08377,1.08377,0
07.04.2024 20:00:00.000,1.08377,1.08377,1.08377,1.08377,0
07.04.2024 21:00:00.000,1.08389,1.08403,1.08370,1.08383,2267.0701
07.04.2024 22:00:00.000,1.08384,1.08388,1.08275,1.08284,2947.3
07.04.2024 23:00:00.000,1.08283,1.08332,1.08280,1.08300,3653.23
08.04.2024 00:00:00.000,1.08299,1.08302,1.08233,1.08272,8030.5601
08.04.2024 01:00:00.000,1.08271,1.08366,1.08271,1.08356,10783.6602
08.04.2024 02:00:00.000,1.08356,1.08434,1.08351,1.08408,4471.96
08.04.2024 03:00:00.000,1.08407,1.08418,1.08323,1.08335,3008.54
08.04.2024 04:00:00.000,1.08336,1.08356,1.08313,1.08323,2464.25
08.04.2024 05:00:00.000,1.08324,1.08375,1.08324,1.08348,4931.7998
08.04.2024 06:00:00.000,1.08349,1.08378,1.08299,1.08341,8365.3799
08.04.2024 07:00:00.000,1.08342,1.08379,1.08286,1.08324,11066.2803
08.04.2024 08:00:00.000,1.08323,1.08354,1.08224,1.08237,10083.0303
08.04.2024 09:00:00.000,1.08236,1.08301,1.08210,1.08281,6481.5298
08.04.2024 10:00:00.000,1.08279,1.08343,1.08260,1.08325,6714.21
08.04.2024 11:00:00.000,1.08325,1.08333,1.08234,1.08239,5423.0098
08.04.2024 12:00:00.000,1.08238,1.08357,1.08217,1.08344,7705.8799
08.04.2024 13:00:00.000,1.08344,1.08535,1.08344,1.08518,12043.1201
08.04.2024 14:00:00.000,1.08519,1.08565,1.08436,1.08534,12449.2998
08.04.2024 15:00:00.000,1.08534,1.08590,1.08495,1.08528,8723.5996
08.04.2024 16:00:00.000,1.08529,1.08530,1.08470,1.08503,7327.0098
08.04.2024 17:00:00.000,1.08505,1.08594,1.08496,1.08580,5229.1099
08.04.2024 18:00:00.000,1.08582,1.08623,1.08558,1.08574,4130.6802
08.04.2024 19:00:00.000,1.08572,1.08589,1.08562,1.08569,7226.25
08.04.2024 20:00:00.000,1.08568,1.08602,1.08564,1.08594,5274.3501
08.04.2024 21:00:00.000,1.08602,1.08637,1.08576,1.08602,11087.9697
08.04.2024 22:00:00.000,1.08603,1.08612,1.08599,1.08608,981.65
08.04.2024 23:00:00.000,1.08609,1.08635,1.08608,1.08622,3066.45
09.04.2024 00:00:00.000,1.08623,1.08637,1.08577,1.08588,4077.3401
09.04.2024 01:00:00.000,1.08588,1.08622,1.08571,1.08599,6911.0498
09.04.2024 02:00:00.000,1.08598,1.08624,1.08559,1.08571,4264.04
09.04.2024 03:00:00.000,1.08570,1.08577,1.08542,1.08556,3756.75
09.04.2024 04:00:00.000,1.08556,1.08586,1.08556,1.08567,1751.27
09.04.2024 05:00:00.000,1.08567,1.08587,1.08561,1.08580,2186.3799
09.04.2024 06:00:00.000,1.08580,1.08628,1.08513,1.08524,4169.5098
09.04.2024 07:00:00.000,1.08523,1.08603,1.08515,1.08534,6551.46
09.04.2024 08:00:00.000,1.08535,1.08588,1.08493,1.08577,5836.4199
09.04.2024 09:00:00.000,1.08576,1.08660,1.08565,1.08652,7151.0601
09.04.2024 10:00:00.000,1.08652,1.08708,1.08652,1.08692,5241.5498
09.04.2024 11:00:00.000,1.08692,1.08730,1.08594,1.08615,4721.8501
09.04.2024 12:00:00.000,1.08616,1.08841,1.08604,1.08808,11271.1602
09.04.2024 13:00:00.000,1.08808,1.08852,1.08762,1.08788,10383.1699
09.04.2024 14:00:00.000,1.08789,1.08824,1.08533,1.08573,13527.6104
09.04.2024 15:00:00.000,1.08574,1.08592,1.08524,1.08558,14200.6299
09.04.2024 16:00:00.000,1.08558,1.08602,1.08537,1.08547,5059.4199
09.04.2024 17:00:00.000,1.08547,1.08556,1.08513,1.08516,4228.2598
09.04.2024 18:00:00.000,1.08515,1.08549,1.08502,1.08531,3457.8
09.04.2024 19:00:00.000,1.08530,1.08575,1.08478,1.08567,4545.46
09.04.2024 20:00:00.000,1.08567,1.08593,1.08558,1.08578,4451.04
09.04.2024 21:00:00.000,1.08578,1.08603,1.08558,1.08583,12315.3701
09.04.2024 22:00:00.000,1.08584,1.08590,1.08575,1.08589,1182.27
09.04.2024 23:00:00.000,1.08589,1.08599,1.08579,1.08590,2384.5901
10.04.2024 00:00:00.000,1.08590,1.08591,1.08553,1.08574,4478.7402
10.04.2024 01:00:00.000,1.08576,1.08591,1.08516,1.08546,6180.5098
10.04.2024 02:00:00.000,1.08544,1.08557,1.08510,1.08536,6799.6802
10.04.2024 03:00:00.000,1.08537,1.08546,1.08522,1.08531,5710.0498
10.04.2024 04:00:00.000,1.08531,1.08536,1.08506,1.08527,3431.05
10.04.2024 05:00:00.000,1.08525,1.08558,1.08514,1.08519,3890.3701
10.04.2024 06:00:00.000,1.08520,1.08550,1.08479,1.08534,6150.4199
10.04.2024 07:00:00.000,1.08534,1.08572,1.08510,1.08556,8303.8701
10.04.2024 08:00:00.000,1.08553,1.08607,1.08514,1.08605,5629.0801
10.04.2024 09:00:00.000,1.08607,1.08656,1.08568,1.08618,5416.2402
10.04.2024 10:00:00.000,1.08616,1.08660,1.08605,1.08646,6074.29
10.04.2024 11:00:00.000,1.08645,1.08666,1.08550,1.08557,5551.0298
10.04.2024 12:00:00.000,1.08557,1.08650,1.07785,1.07809,41629.1289
10.04.2024 13:00:00.000,1.07810,1.07813,1.07496,1.07511,45462.5117
10.04.2024 14:00:00.000,1.07512,1.07673,1.07459,1.07534,31165.3203
10.04.2024 15:00:00.000,1.07535,1.07548,1.07335,1.07368,11941.0498
10.04.2024 16:00:00.000,1.07368,1.07376,1.07289,1.07362,8655.3604
10.04.2024 17:00:00.000,1.07363,1.07546,1.07292,1.07510,17659.8594
10.04.2024 18:00:00.000,1.07512,1.07543,1.07353,1.07365,11641.0303
10.04.2024 19:00:00.000,1.07365,1.07456,1.07358,1.07440,6428.23
10.04.2024 20:00:00.000,1.07438,1.07458,1.07415,1.07427,1985.03
10.04.2024 21:00:00.000,1.07433,1.07458,1.07416,1.07437,5167.5801
10.04.2024 22:00:00.000,1.07438,1.07449,1.07404,1.07434,1127.12
10.04.2024 23:00:00.000,1.07434,1.07450,1.07393,1.07412,1515.75
11.04.2024 00:00:00.000,1.07413,1.07461,1.07385,1.07427,4379.5498
11.04.2024 01:00:00.000,1.07427,1.07471,1.07413,1.07463,5497.6201
11.04.2024 02:00:00.000,1.07461,1.07471,1.07445,1.07457,4530.6499
11.04.2024 03:00:00.000,1.07458,1.07491,1.07447,1.07449,3037.29
11.04.2024 04:00:00.000,1.07448,1.07467,1.07442,1.07463,1884.3
11.04.2024 05:00:00.000,1.07463,1.07473,1.07430,1.07430,5599.1201
11.04.2024 06:00:00.000,1.07429,1.07429,1.07268,1.07284,9994.3203
11.04.2024 07:00:00.000,1.07283,1.07449,1.07280,1.07431,16341.1797
11.04.2024 08:00:00.000,1.07433,1.07500,1.07384,1.07407,10276.4502
11.04.2024 09:00:00.000,1.07406,1.07409,1.07290,1.07311,5920.3398
11.04.2024 10:00:00.000,1.07311,1.07338,1.07263,1.07300,4904.1099
11.04.2024 11:00:00.000,1.07299,1.07343,1.07257,1.07287,6036.8999
11.04.2024 12:00:00.000,1.07285,1.07470,1.07154,1.07416,33054.9102
11.04.2024 13:00:00.000,1.07416,1.07567,1.07282,1.07349,29015.8691
11.04.2024 14:00:00.000,1.07348,1.07349,1.06994,1.07053,15829.2803
11.04.2024 15:00:00.000,1.07053,1.07215,1.07022,1.07211,13213.3799
11.04.2024 16:00:00.000,1.07213,1.07234,1.07137,1.07178,7769.96
11.04.2024 17:00:00.000,1.07177,1.07299,1.07154,1.07278,8957.3203
11.04.2024 18:00:00.000,1.07278,1.07346,1.07252,1.07257,5404.7002
11.04.2024 19:00:00.000,1.07257,1.07323,1.07255,1.07289,6348.6299
11.04.2024 20:00:00.000,1.07290,1.07292,1.07258,1.07268,1848.4399
11.04.2024 21:00:00.000,1.07270,1.07299,1.07269,1.07278,648.6
11.04.2024 22:00:00.000,1.07279,1.07295,1.07264,1.07283,585
11.04.2024 23:00:00.000,1.07283,1.07285,1.07240,1.07262,824.81
12.04.2024 00:00:00.000,1.07261,1.07276,1.07226,1.07261,3417.75
12.04.2024 01:00:00.000,1.07263,1.07284,1.07231,1.07245,3342.3601
12.04.2024 02:00:00.000,1.07243,1.07278,1.07235,1.07269,5919.1001
12.04.2024 03:00:00.000,1.07267,1.07269,1.07154,1.07172,2814.8799
12.04.2024 04:00:00.000,1.07172,1.07176,1.07109,1.07115,1702.54
12.04.2024 05:00:00.000,1.07114,1.07142,1.07107,1.07115,2294.0701
12.04.2024 06:00:00.000,1.07113,1.07126,1.06811,1.06833,8926.5596
12.04.2024 07:00:00.000,1.06833,1.06875,1.06743,1.06845,14109.7402
12.04.2024 08:00:00.000,1.06846,1.06854,1.06709,1.06711,7905.48
12.04.2024 09:00:00.000,1.06713,1.06750,1.06552,1.06605,10588.4502
12.04.2024 10:00:00.000,1.06607,1.06609,1.06441,1.06470,7795.04
12.04.2024 11:00:00.000,1.06470,1.06594,1.06462,1.06511,12910.8604
12.04.2024 12:00:00.000,1.06512,1.06557,1.06315,1.06386,14286.4199
12.04.2024 13:00:00.000,1.06386,1.06440,1.06311,1.06431,19347.9805
12.04.2024 14:00:00.000,1.06433,1.06464,1.06228,1.06300,18280.7598
12.04.2024 15:00:00.000,1.06299,1.06511,1.06294,1.06468,15318.4297
12.04.2024 16:00:00.000,1.06469,1.06471,1.06378,1.06419,7756.8799
12.04.2024 17:00:00.000,1.06420,1.06499,1.06406,1.06472,8279.4502
12.04.2024 18:00:00.000,1.06471,1.06506,1.06391,1.06391,5908.0898
12.04.2024 19:00:00.000,1.06392,1.06429,1.06373,1.06384,3722.6799
12.04.2024 20:00:00.000,1.06383,1.06491,1.06373,1.06442,4964.5601
12.04.2024 21:00:00.000,1.06442,1.06442,1.06442,1.06442,0
12.04.2024 22:00:00.000,1.06442,1.06442,1.06442,1.06442,0
12.04.2024 23:00:00.000,1.06442,1.06442,1.06442,1.06442,0
13.04.2024 00:00:00.000,1.06442,1.06442,1.06442,1.06442,0
13.04.2024 01:00:00.000,1.06442,1.06442,1.06442,1.06442,0
13.04.2024 02:00:00.000,1.06442,1.06442,1.06442,1.06442,0
13.04.2024 03:00:00.000,1.06442,1.06442,1.06442,1.06442,0
13.04.2024 04:00:00.000,1.06442,1.06442,1.06442,1.06442,0
13.04.2024 05:00:00.000,1.06442,1.06442,1.06442,1.06442,0
13.04.2024 06:00:00.000,1.06442,1.06442,1.06442,1.06442,0
13.04.2024 07:00:00.000,1.06442,1.06442,1.06442,1.06442,0
13.04.2024 08:00:00.000,1.06442,1.06442,1.06442,1.06442,0
13.04.2024 09:00:00.000,1.06442,1.06442,1.06442,1.06442,0
13.04.2024 10:00:00.000,1.06442,1.06442,1.06442,1.06442,0
13.04.2024 11:00:00.000,1.06442,1.06442,1.06442,1.06442,0
13.04.2024 12:00:00.000,1.06442,1.06442,1.06442,1.06442,0
13.04.2024 13:00:00.000,1.06442,1.06442,1.06442,1.06442,0
13.04.2024 14:00:00.000,1.06442,1.06442,1.06442,1.06442,0
13.04.2024 15:00:00.000,1.06442,1.06442,1.06442,1.06442,0
13.04.2024 16:00:00.000,1.06442,1.06442,1.06442,1.06442,0
13.04.2024 17:00:00.000,1.06442,1.06442,1.06442,1.06442,0
13.04.2024 18:00:00.000,1.06442,1.06442,1.06442,1.06442,0
13.04.2024 19:00:00.000,1.06442,1.06442,1.06442,1.06442,0
13.04.2024 20:00:00.000,1.06442,1.06442,1.06442,1.06442,0
13.04.2024 21:00:00.000,1.06442,1.06442,1.06442,1.06442,0
13.04.2024 22:00:00.000,1.06442,1.06442,1.06442,1.06442,0
13.04.2024 23:00:00.000,1.06442,1.06442,1.06442,1.06442,0
14.04.2024 00:00:00.000,1.06442,1.06442,1.06442,1.06442,0
14.04.2024 01:00:00.000,1.06442,1.06442,1.06442,1.06442,0
14.04.2024 02:00:00.000,1.06442,1.06442,1.06442,1.06442,0
14.04.2024 03:00:00.000,1.06442,1.06442,1.06442,1.06442,0
14.04.2024 04:00:00.000,1.06442,1.06442,1.06442,1.06442,0
14.04.2024 05:00:00.000,1.06442,1.06442,1.06442,1.06442,0
14.04.2024 06:00:00.000,1.06442,1.06442,1.06442,1.06442,0
14.04.2024 07:00:00.000,1.06442,1.06442,1.06442,1.06442,0
14.04.2024 08:00:00.000,1.06442,1.06442,1.06442,1.06442,0
14.04.2024 09:00:00.000,1.06442,1.06442,1.06442,1.06442,0
14.04.2024 10:00:00.000,1.06442,1.06442,1.06442,1.06442,0
14.04.2024 11:00:00.000,1.06442,1.06442,1.06442,1.06442,0
14.04.2024 12:00:00.000,1.06442,1.06442,1.06442,1.06442,0
14.04.2024 13:00:00.000,1.06442,1.06442,1.06442,1.06442,0
14.04.2024 14:00:00.000,1.06442,1.06442,1.06442,1.06442,0
14.04.2024 15:00:00.000,1.06442,1.06442,1.06442,1.06442,0
14.04.2024 16:00:00.000,1.06442,1.06442,1.06442,1.06442,0
14.04.2024 17:00:00.000,1.06442,1.06442,1.06442,1.06442,0
14.04.2024 18:00:00.000,1.06442,1.06442,1.06442,1.06442,0
14.04.2024 19:00:00.000,1.06442,1.06442,1.06442,1.06442,0
14.04.2024 20:00:00.000,1.06442,1.06442,1.06442,1.06442,0
14.04.2024 21:00:00.000,1.06400,1.06401,1.06357,1.06375,1872.03
14.04.2024 22:00:00.000,1.06376,1.06519,1.06362,1.06500,5771.8999
14.04.2024 23:00:00.000,1.06499,1.06502,1.06436,1.06463,3949.95
15.04.2024 00:00:00.000,1.06463,1.06499,1.06435,1.06458,6577.4302
15.04.2024 01:00:00.000,1.06458,1.06509,1.06393,1.06499,3969.24
15.04.2024 02:00:00.000,1.06500,1.06550,1.06491,1.06508,3120.98
15.04.2024 03:00:00.000,1.06508,1.06539,1.06476,1.06523,2017.86
15.04.2024 04:00:00.000,1.06522,1.06542,1.06472,1.06526,3842.9399
15.04.2024 05:00:00.000,1.06527,1.06591,1.06507,1.06581,3700.8201
15.04.2024 06:00:00.000,1.06578,1.06651,1.06518,1.06547,11384.1797
15.04.2024 07:00:00.000,1.06545,1.06612,1.06501,1.06582,13538.0996
15.04.2024 08:00:00.000,1.06582,1.06620,1.06540,1.06565,7589.8198
15.04.2024 09:00:00.000,1.06566,1.06627,1.06537,1.06550,6716.1001
15.04.2024 10:00:00.000,1.06551,1.06600,1.06517,1.06577,4771.6299
15.04.2024 11:00:00.000,1.06578,1.06654,1.06518,1.06549,6131.8701
15.04.2024 12:00:00.000,1.06549,1.06576,1.06312,1.06472,19586.75
15.04.2024 13:00:00.000,1.06474,1.06609,1.06341,1.06371,15989.7998
15.04.2024 14:00:00.000,1.06371,1.06378,1.06220,1.06269,18500.1406
15.04.2024 15:00:00.000,1.06269,1.06451,1.06227,1.06435,11252.6602
15.04.2024 16:00:00.000,1.06435,1.06476,1.06347,1.06362,5386.0801
15.04.2024 17:00:00.000,1.06361,1.06396,1.06233,1.06290,7135.3501
15.04.2024 18:00:00.000,1.06289,1.06317,1.06237,1.06252,5214.3999
15.04.2024 19:00:00.000,1.06252,1.06273,1.06205,1.06266,4842.1099
15.04.2024 20:00:00.000,1.06265,1.06271,1.06210,1.06247,2468.1201
15.04.2024 21:00:00.000,1.06246,1.06271,1.06236,1.06250,2297.3501
15.04.2024 22:00:00.000,1.06251,1.06281,1.06251,1.06272,842.26
15.04.2024 23:00:00.000,1.06271,1.06286,1.06243,1.06249,2039.0601
16.04.2024 00:00:00.000,1.06247,1.06257,1.06182,1.06186,4096.0898
16.04.2024 01:00:00.000,1.06185,1.06194,1.06073,1.06161,7496.5098
16.04.2024 02:00:00.000,1.06161,1.06179,1.06063,1.06101,4787.3901
16.04.2024 03:00:00.000,1.06101,1.06126,1.06072,1.06115,2295.1499
16.04.2024 04:00:00.000,1.06116,1.06143,1.06102,1.06141,1503.37
16.04.2024 05:00:00.000,1.06141,1.06207,1.06138,1.06186,2959.3799
16.04.2024 06:00:00.000,1.06185,1.06202,1.06025,1.06104,8775.4697
16.04.2024 07:00:00.000,1.06104,1.06229,1.06104,1.06181,13418.7002
16.04.2024 08:00:00.000,1.06181,1.06249,1.06127,1.06166,14017.1104
16.04.2024 09:00:00.000,1.06165,1.06351,1.06165,1.06294,13152.4697
16.04.2024 10:00:00.000,1.06293,1.06325,1.06233,1.06263,6344.3301
16.04.2024 11:00:00.000,1.06265,1.06474,1.06259,1.06426,8945.0098
16.04.2024 12:00:00.000,1.06426,1.06537,1.06361,1.06391,13037.9004
16.04.2024 13:00:00.000,1.06391,1.06440,1.06277,1.06296,23149.6406
16.04.2024 14:00:00.000,1.06297,1.06450,1.06277,1.06318,20396.8594
16.04.2024 15:00:00.000,1.06319,1.06395,1.06219,1.06281,14616.3096
16.04.2024 16:00:00.000,1.06278,1.06284,1.06189,1.06251,10696.4805
16.04.2024 17:00:00.000,1.06251,1.06257,1.06013,1.06211,17533.2402
16.04.2024 18:00:00.000,1.06210,1.06352,1.06162,1.06312,20368.8301
16.04.2024 19:00:00.000,1.06309,1.06319,1.06177,1.06221,9230.7598
16.04.2024 20:00:00.000,1.06221,1.06230,1.06167,1.06192,1791.35
16.04.2024 21:00:00.000,1.06198,1.06313,1.06155,1.06174,3864.3799
16.04.2024 22:00:00.000,1.06172,1.06204,1.06128,1.06198,2184.73
16.04.2024 23:00:00.000,1.06199,1.06254,1.06194,1.06212,3986.6799
17.04.2024 00:00:00.000,1.06211,1.06241,1.06173,1.06224,5526.7402
17.04.2024 01:00:00.000,1.06222,1.06299,1.06204,1.06284,6971.5
17.04.2024 02:00:00.000,1.06284,1.06358,1.06272,1.06342,5390.9199
17.04.2024 03:00:00.000,1.06342,1.06346,1.06272,1.06273,3052.6899
17.04.2024 04:00:00.000,1.06274,1.06313,1.06245,1.06250,2126.0601
17.04.2024 05:00:00.000,1.06250,1.06250,1.06099,1.06120,3402.6001
17.04.2024 06:00:00.000,1.06117,1.06380,1.06061,1.06349,13277.5
17.04.2024 07:00:00.000,1.06348,1.06348,1.06243,1.06255,9582.4199
17.04.2024 08:00:00.000,1.06254,1.06490,1.06241,1.06408,15583.3203
17.04.2024 09:00:00.000,1.06407,1.06488,1.06355,1.06411,11917.9902
17.04.2024 10:00:00.000,1.06411,1.06470,1.06382,1.06394,7101.0898
17.04.2024 11:00:00.000,1.06392,1.06492,1.06323,1.06358,7281.0298
17.04.2024 12:00:00.000,1.06358,1.06429,1.06317,1.06350,12970.6504
17.04.2024 13:00:00.000,1.06349,1.06529,1.06345,1.06441,15741.75
17.04.2024 14:00:00.000,1.06440,1.06446,1.06301,1.06356,13238.6201
17.04.2024 15:00:00.000,1.06357,1.06462,1.06357,1.06432,12953.21
17.04.2024 16:00:00.000,1.06431,1.06565,1.06361,1.06499,11232.5703
17.04.2024 17:00:00.000,1.06499,1.06689,1.06481,1.06683,12174.6396
17.04.2024 18:00:00.000,1.06684,1.06797,1.06672,1.06706,11732.04
17.04.2024 19:00:00.000,1.06707,1.06720,1.06645,1.06715,10627.7002
17.04.2024 20:00:00.000,1.06714,1.06739,1.06697,1.06733,3682.98
17.04.2024 21:00:00.000,1.06739,1.06743,1.06709,1.06725,2451.0901
17.04.2024 22:00:00.000,1.06724,1.06758,1.06716,1.06730,1459.4301
17.04.2024 23:00:00.000,1.06729,1.06739,1.06683,1.06692,1145.67
18.04.2024 00:00:00.000,1.06692,1.06706,1.06646,1.06700,3277.8401
18.04.2024 01:00:00.000,1.06701,1.06741,1.06646,1.06703,5436.52
18.04.2024 02:00:00.000,1.06703,1.06792,1.06691,1.06781,8945.2402
18.04.2024 03:00:00.000,1.06780,1.06804,1.06755,1.06801,3691.9099
18.04.2024 04:00:00.000,1.06802,1.06802,1.06758,1.06785,2763.0601
18.04.2024 05:00:00.000,1.06785,1.06841,1.06751,1.06809,4265.0698
18.04.2024 06:00:00.000,1.06811,1.06901,1.06793,1.06855,6169.5098
18.04.2024 07:00:00.000,1.06854,1.06882,1.06785,1.06811,8875.7803
18.04.2024 08:00:00.000,1.06812,1.06840,1.06749,1.06786,8849.4697
18.04.2024 09:00:00.000,1.06787,1.06815,1.06702,1.06705,5359.21
18.04.2024 10:00:00.000,1.06705,1.06773,1.06700,1.06759,6103.8901
18.04.2024 11:00:00.000,1.06760,1.06792,1.06702,1.06773,6231.7202
18.04.2024 12:00:00.000,1.06773,1.06798,1.06599,1.06630,18631.3594
18.04.2024 13:00:00.000,1.06631,1.06687,1.06466,1.06513,19804.5
18.04.2024 14:00:00.000,1.06512,1.06634,1.06499,1.06539,17230.6992
18.04.2024 15:00:00.000,1.06539,1.06649,1.06538,1.06599,8518.1797
18.04.2024 16:00:00.000,1.06600,1.06619,1.06517,1.06534,5403.98
18.04.2024 17:00:00.000,1.06533,1.06549,1.06431,1.06484,6601.27
18.04.2024 18:00:00.000,1.06485,1.06495,1.06421,1.06452,6722.04
18.04.2024 19:00:00.000,1.06452,1.06484,1.06427,1.06438,4456.1899
18.04.2024 20:00:00.000,1.06437,1.06459,1.06415,1.06440,2218.8501
18.04.2024 21:00:00.000,1.06442,1.06460,1.06437,1.06442,2643.6799
18.04.2024 22:00:00.000,1.06443,1.06447,1.06407,1.06408,738.94
18.04.2024 23:00:00.000,1.06408,1.06441,1.06403,1.06426,2005.14
19.04.2024 00:00:00.000,1.06425,1.06448,1.06362,1.06388,6628.7002
19.04.2024 01:00:00.000,1.06387,1.06401,1.06136,1.06189,16056
19.04.2024 02:00:00.000,1.06190,1.06241,1.06107,1.06183,17305.6992
19.04.2024 03:00:00.000,1.06178,1.06407,1.06153,1.06373,16334.7002
19.04.2024 04:00:00.000,1.06373,1.06434,1.06339,1.06349,5932.96
19.04.2024 05:00:00.000,1.06349,1.06410,1.06297,1.06311,4804.3999
19.04.2024 06:00:00.000,1.06310,1.06495,1.06273,1.06450,12711.6201
19.04.2024 07:00:00.000,1.06451,1.06595,1.06440,1.06555,20924.7891
19.04.2024 08:00:00.000,1.06555,1.06555,1.06433,1.06458,10547.7197
19.04.2024 09:00:00.000,1.06457,1.06623,1.06452,1.06591,11357.79
19.04.2024 10:00:00.000,1.06590,1.06592,1.06470,1.06475,8018.4902
19.04.2024 11:00:00.000,1.06475,1.06554,1.06432,1.06519,8241.6602
19.04.2024 12:00:00.000,1.06520,1.06739,1.06497,1.06656,14428.9004
19.04.2024 13:00:00.000,1.06655,1.06757,1.06589,1.06659,17634.6094
19.04.2024 14:00:00.000,1.06657,1.06777,1.06639,1.06697,15549.1104
19.04.2024 15:00:00.000,1.06696,1.06720,1.06537,1.06550,8486.6396
19.04.2024 16:00:00.000,1.06549,1.06599,1.06404,1.06535,11690.5498
19.04.2024 17:00:00.000,1.06537,1.06586,1.06511,1.06559,7614.98
19.04.2024 18:00:00.000,1.06558,1.06558,1.06467,1.06508,8533.5098
19.04.2024 19:00:00.000,1.06507,1.06555,1.06499,1.06549,6822.2002
19.04.2024 20:00:00.000,1.06549,1.06580,1.06533,1.06578,4105.0801
19.04.2024 21:00:00.000,1.06578,1.06578,1.06578,1.06578,0
19.04.2024 22:00:00.000,1.06578,1.06578,1.06578,1.06578,0
19.04.2024 23:00:00.000,1.06578,1.06578,1.06578,1.06578,0
20.04.2024 00:00:00.000,1.06578,1.06578,1.06578,1.06578,0
20.04.2024 01:00:00.000,1.06578,1.06578,1.06578,1.06578,0
20.04.2024 02:00:00.000,1.06578,1.06578,1.06578,1.06578,0
20.04.2024 03:00:00.000,1.06578,1.06578,1.06578,1.06578,0
20.04.2024 04:00:00.000,1.06578,1.06578,1.06578,1.06578,0
20.04.2024 05:00:00.000,1.06578,1.06578,1.06578,1.06578,0
20.04.2024 06:00:00.000,1.06578,1.06578,1.06578,1.06578,0
20.04.2024 07:00:00.000,1.06578,1.06578,1.06578,1.06578,0
20.04.2024 08:00:00.000,1.06578,1.06578,1.06578,1.06578,0
20.04.2024 09:00:00.000,1.06578,1.06578,1.06578,1.06578,0
20.04.2024 10:00:00.000,1.06578,1.06578,1.06578,1.06578,0
20.04.2024 11:00:00.000,1.06578,1.06578,1.06578,1.06578,0
20.04.2024 12:00:00.000,1.06578,1.06578,1.06578,1.06578,0
20.04.2024 13:00:00.000,1.06578,1.06578,1.06578,1.06578,0
20.04.2024 14:00:00.000,1.06578,1.06578,1.06578,1.06578,0
20.04.2024 15:00:00.000,1.06578,1.06578,1.06578,1.06578,0
20.04.2024 16:00:00.000,1.06578,1.06578,1.06578,1.06578,0
20.04.2024 17:00:00.000,1.06578,1.06578,1.06578,1.06578,0
20.04.2024 18:00:00.000,1.06578,1.06578,1.06578,1.06578,0
20.04.2024 19:00:00.000,1.06578,1.06578,1.06578,1.06578,0
20.04.2024 20:00:00.000,1.06578,1.06578,1.06578,1.06578,0
20.04.2024 21:00:00.000,1.06578,1.06578,1.06578,1.06578,0
20.04.2024 22:00:00.000,1.06578,1.06578,1.06578,1.06578,0
20.04.2024 23:00:00.000,1.06578,1.06578,1.06578,1.06578,0
21.04.2024 00:00:00.000,1.06578,1.06578,1.06578,1.06578,0
21.04.2024 01:00:00.000,1.06578,1.06578,1.06578,1.06578,0
21.04.2024 02:00:00.000,1.06578,1.06578,1.06578,1.06578,0
21.04.2024 03:00:00.000,1.06578,1.06578,1.06578,1.06578,0
21.04.2024 04:00:00.000,1.06578,1.06578,1.06578,1.06578,0
21.04.2024 05:00:00.000,1.06578,1.06578,1.06578,1.06578,0
21.04.2024 06:00:00.000,1.06578,1.06578,1.06578,1.06578,0
21.04.2024 07:00:00.000,1.06578,1.06578,1.06578,1.06578,0
21.04.2024 08:00:00.000,1.06578,1.06578,1.06578,1.06578,0
21.04.2024 09:00:00.000,1.06578,1.06578,1.06578,1.06578,0
21.04.2024 10:00:00.000,1.06578,1.06578,1.06578,1.06578,0
21.04.2024 11:00:00.000,1.06578,1.06578,1.06578,1.06578,0
21.04.2024 12:00:00.000,1.06578,1.06578,1.06578,1.06578,0
21.04.2024 13:00:00.000,1.06578,1.06578,1.06578,1.06578,0
21.04.2024 14:00:00.000,1.06578,1.06578,1.06578,1.06578,0
21.04.2024 15:00:00.000,1.06578,1.06578,1.06578,1.06578,0
21.04.2024 16:00:00.000,1.06578,1.06578,1.06578,1.06578,0
21.04.2024 17:00:00.000,1.06578,1.06578,1.06578,1.06578,0
21.04.2024 18:00:00.000,1.06578,1.06578,1.06578,1.06578,0
21.04.2024 19:00:00.000,1.06578,1.06578,1.06578,1.06578,0
21.04.2024 20:00:00.000,1.06578,1.06578,1.06578,1.06578,0
21.04.2024 21:00:00.000,1.06577,1.06651,1.06523,1.06584,1072.67
21.04.2024 22:00:00.000,1.06584,1.06620,1.06549,1.06593,2082.9399
21.04.2024 23:00:00.000,1.06593,1.06613,1.06576,1.06576,1940.29
22.04.2024 00:00:00.000,1.06578,1.06651,1.06529,1.06535,4762.0801
22.04.2024 01:00:00.000,1.06535,1.06698,1.06535,1.06683,6712.7002
22.04.2024 02:00:00.000,1.06684,1.06708,1.06641,1.06642,1805.17
22.04.2024 03:00:00.000,1.06641,1.06646,1.06606,1.06619,2196.79
22.04.2024 04:00:00.000,1.06618,1.06688,1.06616,1.06654,2989.3401
22.04.2024 05:00:00.000,1.06655,1.06661,1.06621,1.06639,1972.02
22.04.2024 06:00:00.000,1.06638,1.06695,1.06606,1.06641,5702.3901
22.04.2024 07:00:00.000,1.06641,1.06680,1.06526,1.06586,9833.8896
22.04.2024 08:00:00.000,1.06585,1.06625,1.06475,1.06570,8686.0596
22.04.2024 09:00:00.000,1.06568,1.06621,1.06490,1.06516,7515.0498
22.04.2024 10:00:00.000,1.06515,1.06552,1.06476,1.06507,5797.0898
22.04.2024 11:00:00.000,1.06506,1.06510,1.06331,1.06353,6448.27
22.04.2024 12:00:00.000,1.06352,1.06441,1.06310,1.06399,8301
22.04.2024 13:00:00.000,1.06398,1.06411,1.06241,1.06334,9358.96
22.04.2024 14:00:00.000,1.06334,1.06479,1.06329,1.06451,8939.04
22.04.2024 15:00:00.000,1.06451,1.06481,1.06408,1.06472,5117.4102
22.04.2024 16:00:00.000,1.06473,1.06510,1.06463,1.06489,4267.1499
22.04.2024 17:00:00.000,1.06489,1.06578,1.06482,1.06574,4893.79
22.04.2024 18:00:00.000,1.06575,1.06608,1.06543,1.06587,4173.29
22.04.2024 19:00:00.000,1.06587,1.06587,1.06507,1.06520,5179.25
22.04.2024 20:00:00.000,1.06520,1.06555,1.06506,1.06544,2855.78
22.04.2024 21:00:00.000,1.06559,1.06570,1.06519,1.06525,1574.59
22.04.2024 22:00:00.000,1.06525,1.06553,1.06525,1.06545,1184.3
22.04.2024 23:00:00.000,1.06544,1.06560,1.06526,1.06539,1676.1
23.04.2024 00:00:00.000,1.06540,1.06595,1.06540,1.06588,3239.9199
23.04.2024 01:00:00.000,1.06588,1.06606,1.06535,1.06543,4301.8901
23.04.2024 02:00:00.000,1.06542,1.06608,1.06538,1.06585,2483.54
23.04.2024 03:00:00.000,1.06587,1.06590,1.06547,1.06562,3108.5701
23.04.2024 04:00:00.000,1.06563,1.06584,1.06543,1.06552,1955.86
23.04.2024 05:00:00.000,1.06551,1.06551,1.06497,1.06511,2981.0801
23.04.2024 06:00:00.000,1.06510,1.06510,1.06386,1.06453,7098.1299
23.04.2024 07:00:00.000,1.06452,1.06953,1.06437,1.06801,15674.8096
23.04.2024 08:00:00.000,1.06788,1.06833,1.06694,1.06708,11029.5703
23.04.2024 09:00:00.000,1.06709,1.06709,1.06563,1.06594,6873.8301
23.04.2024 10:00:00.000,1.06595,1.06629,1.06534,1.06552,7590.96
23.04.2024 11:00:00.000,1.06551,1.06781,1.06550,1.06747,11990
23.04.2024 12:00:00.000,1.06748,1.06770,1.06641,1.06721,9608.3398
23.04.2024 13:00:00.000,1.06722,1.07100,1.06601,1.07015,16987.4805
23.04.2024 14:00:00.000,1.07015,1.07114,1.06907,1.06985,24951.6797
23.04.2024 15:00:00.000,1.06986,1.07036,1.06901,1.06947,14446.7002
23.04.2024 16:00:00.000,1.06948,1.07025,1.06925,1.07000,7271.6899
23.04.2024 17:00:00.000,1.07001,1.07078,1.06994,1.07050,4985.3799
23.04.2024 18:00:00.000,1.07051,1.07076,1.07020,1.07040,3015.4399
23.04.2024 19:00:00.000,1.07042,1.07056,1.07020,1.07030,5009.0298
23.04.2024 20:00:00.000,1.07029,1.07034,1.07003,1.07013,1735.67
23.04.2024 21:00:00.000,1.07013,1.07061,1.07012,1.07032,1083.6899
23.04.2024 22:00:00.000,1.07033,1.07050,1.07011,1.07035,1205.2
23.04.2024 23:00:00.000,1.07035,1.07037,1.06998,1.07026,2654.1299
24.04.2024 00:00:00.000,1.07026,1.07107,1.07004,1.07097,3874.9199
24.04.2024 01:00:00.000,1.07097,1.07145,1.07078,1.07100,7731.8398
24.04.2024 02:00:00.000,1.07099,1.07133,1.07078,1.07102,3040.3999
24.04.2024 03:00:00.000,1.07103,1.07110,1.07044,1.07063,2714.8201
24.04.2024 04:00:00.000,1.07064,1.07090,1.07053,1.07054,1986.34
24.04.2024 05:00:00.000,1.07054,1.07057,1.07004,1.07013,2298.6101
24.04.2024 06:00:00.000,1.07014,1.07055,1.06923,1.06947,5263.7002
24.04.2024 07:00:00.000,1.06945,1.06963,1.06850,1.06886,8648.9805
24.04.2024 08:00:00.000,1.06883,1.06926,1.06809,1.06835,6815.9199
24.04.2024 09:00:00.000,1.06836,1.06911,1.06835,1.06839,4702.04
24.04.2024 10:00:00.000,1.06839,1.06920,1.06838,1.06885,4998.02
24.04.2024 11:00:00.000,1.06885,1.06900,1.06835,1.06892,5802.6201
24.04.2024 12:00:00.000,1.06893,1.06931,1.06782,1.06869,14511.8604
24.04.2024 13:00:00.000,1.06867,1.06995,1.06842,1.06936,11391.1797
24.04.2024 14:00:00.000,1.06935,1.07026,1.06858,1.06882,9817.2402
24.04.2024 15:00:00.000,1.06881,1.06914,1.06811,1.06865,8817.7402
24.04.2024 16:00:00.000,1.06864,1.06912,1.06835,1.06906,6668.3301
24.04.2024 17:00:00.000,1.06906,1.06976,1.06899,1.06961,4992.0601
24.04.2024 18:00:00.000,1.06962,1.06969,1.06871,1.06934,5886.5898
24.04.2024 19:00:00.000,1.06932,1.07067,1.06922,1.07008,4749.9902
24.04.2024 20:00:00.000,1.07008,1.07008,1.06969,1.06991,2924.8301
24.04.2024 21:00:00.000,1.06997,1.07011,1.06968,1.06981,2009.03
24.04.2024 22:00:00.000,1.06979,1.07026,1.06946,1.06975,1514.6899
24.04.2024 23:00:00.000,1.06975,1.07003,1.06968,1.07002,2936.45
25.04.2024 00:00:00.000,1.07002,1.07048,1.06992,1.07035,4489.3701
25.04.2024 01:00:00.000,1.07035,1.07090,1.06971,1.07072,5052.98
25.04.2024 02:00:00.000,1.07067,1.07089,1.07044,1.07075,3043.53
25.04.2024 03:00:00.000,1.07073,1.07082,1.07036,1.07061,2361.6101
25.04.2024 04:00:00.000,1.07062,1.07100,1.07054,1.07092,1521.84
25.04.2024 05:00:00.000,1.07094,1.07132,1.07079,1.07123,2965.05
25.04.2024 06:00:00.000,1.07124,1.07278,1.07116,1.07206,8096.2798
25.04.2024 07:00:00.000,1.07207,1.07238,1.07116,1.07211,12717.4199
25.04.2024 08:00:00.000,1.07211,1.07290,1.07202,1.07258,7820.2002
25.04.2024 09:00:00.000,1.07257,1.07287,1.07214,1.07269,5158.5
25.04.2024 10:00:00.000,1.07269,1.07299,1.07224,1.07248,4946.5601
25.04.2024 11:00:00.000,1.07249,1.07299,1.07173,1.07203,3730.4099
25.04.2024 12:00:00.000,1.07203,1.07406,1.06857,1.06922,30393.6504
25.04.2024 13:00:00.000,1.06924,1.07040,1.06786,1.07008,32397.4004
25.04.2024 14:00:00.000,1.07009,1.07209,1.06928,1.07120,21640.9902
25.04.2024 15:00:00.000,1.07118,1.07217,1.07079,1.07205,10121.1602
25.04.2024 16:00:00.000,1.07203,1.07352,1.07151,1.07313,5333.0298
25.04.2024 17:00:00.000,1.07314,1.07389,1.07295,1.07303,7196.2998
25.04.2024 18:00:00.000,1.07304,1.07304,1.07231,1.07275,7901.3101
25.04.2024 19:00:00.000,1.07274,1.07348,1.07271,1.07295,4319.3999
25.04.2024 20:00:00.000,1.07293,1.07309,1.07288,1.07305,2456.1201
25.04.2024 21:00:00.000,1.07307,1.07308,1.07289,1.07294,868.05
25.04.2024 22:00:00.000,1.07293,1.07309,1.07283,1.07294,1138.29
25.04.2024 23:00:00.000,1.07293,1.07304,1.07266,1.07268,2229.8899
26.04.2024 00:00:00.000,1.07269,1.07281,1.07230,1.07275,4229.7798
26.04.2024 01:00:00.000,1.07271,1.07294,1.07239,1.07271,5871.1899
26.04.2024 02:00:00.000,1.07271,1.07286,1.07187,1.07231,4244.3901
26.04.2024 03:00:00.000,1.07230,1.07256,1.07188,1.07233,5189.3198
26.04.2024 04:00:00.000,1.07232,1.07235,1.07213,1.07226,1823.0601
26.04.2024 05:00:00.000,1.07225,1.07275,1.07216,1.07263,3775.1799
26.04.2024 06:00:00.000,1.07261,1.07388,1.07259,1.07355,7739.1201
26.04.2024 07:00:00.000,1.07354,1.07365,1.07260,1.07296,10212.0996
26.04.2024 08:00:00.000,1.07296,1.07530,1.07286,1.07410,19163.5195
26.04.2024 09:00:00.000,1.07410,1.07435,1.07308,1.07361,7266.6299
26.04.2024 10:00:00.000,1.07360,1.07372,1.07265,1.07282,5089.46
26.04.2024 11:00:00.000,1.07279,1.07346,1.07152,1.07159,5238.3198
26.04.2024 12:00:00.000,1.07159,1.07419,1.07104,1.07164,23394.1797
26.04.2024 13:00:00.000,1.07166,1.07240,1.07064,1.07079,21862.9004
26.04.2024 14:00:00.000,1.07078,1.07117,1.06763,1.06800,22148.0391
26.04.2024 15:00:00.000,1.06799,1.06906,1.06740,1.06856,13090.0898
26.04.2024 16:00:00.000,1.06856,1.06966,1.06840,1.06946,4495.02
26.04.2024 17:00:00.000,1.06947,1.06982,1.06932,1.06942,3082.6201
26.04.2024 18:00:00.000,1.06942,1.07058,1.06938,1.07056,3987.8
26.04.2024 19:00:00.000,1.07057,1.07073,1.06968,1.07000,4957.0298
26.04.2024 20:00:00.000,1.06999,1.07019,1.06912,1.06957,4935.2998
26.04.2024 21:00:00.000,1.06957,1.06957,1.06957,1.06957,0
26.04.2024 22:00:00.000,1.06957,1.06957,1.06957,1.06957,0
26.04.2024 23:00:00.000,1.06957,1.06957,1.06957,1.06957,0
27.04.2024 00:00:00.000,1.06957,1.06957,1.06957,1.06957,0
27.04.2024 01:00:00.000,1.06957,1.06957,1.06957,1.06957,0
27.04.2024 02:00:00.000,1.06957,1.06957,1.06957,1.06957,0
27.04.2024 03:00:00.000,1.06957,1.06957,1.06957,1.06957,0
27.04.2024 04:00:00.000,1.06957,1.06957,1.06957,1.06957,0
27.04.2024 05:00:00.000,1.06957,1.06957,1.06957,1.06957,0
27.04.2024 06:00:00.000,1.06957,1.06957,1.06957,1.06957,0
27.04.2024 07:00:00.000,1.06957,1.06957,1.06957,1.06957,0
27.04.2024 08:00:00.000,1.06957,1.06957,1.06957,1.06957,0
27.04.2024 09:00:00.000,1.06957,1.06957,1.06957,1.06957,0
27.04.2024 10:00:00.000,1.06957,1.06957,1.06957,1.06957,0
27.04.2024 11:00:00.000,1.06957,1.06957,1.06957,1.06957,0
27.04.2024 12:00:00.000,1.06957,1.06957,1.06957,1.06957,0
27.04.2024 13:00:00.000,1.06957,1.06957,1.06957,1.06957,0
27.04.2024 14:00:00.000,1.06957,1.06957,1.06957,1.06957,0
27.04.2024 15:00:00.000,1.06957,1.06957,1.06957,1.06957,0
27.04.2024 16:00:00.000,1.06957,1.06957,1.06957,1.06957,0
27.04.2024 17:00:00.000,1.06957,1.06957,1.06957,1.06957,0
27.04.2024 18:00:00.000,1.06957,1.06957,1.06957,1.06957,0
27.04.2024 19:00:00.000,1.06957,1.06957,1.06957,1.06957,0
27.04.2024 20:00:00.000,1.06957,1.06957,1.06957,1.06957,0
27.04.2024 21:00:00.000,1.06957,1.06957,1.06957,1.06957,0
27.04.2024 22:00:00.000,1.06957,1.06957,1.06957,1.06957,0
27.04.2024 23:00:00.000,1.06957,1.06957,1.06957,1.06957,0
28.04.2024 00:00:00.000,1.06957,1.06957,1.06957,1.06957,0
28.04.2024 01:00:00.000,1.06957,1.06957,1.06957,1.06957,0
28.04.2024 02:00:00.000,1.06957,1.06957,1.06957,1.06957,0
28.04.2024 03:00:00.000,1.06957,1.06957,1.06957,1.06957,0
28.04.2024 04:00:00.000,1.06957,1.06957,1.06957,1.06957,0
28.04.2024 05:00:00.000,1.06957,1.06957,1.06957,1.06957,0
28.04.2024 06:00:00.000,1.06957,1.06957,1.06957,1.06957,0
28.04.2024 07:00:00.000,1.06957,1.06957,1.06957,1.06957,0
28.04.2024 08:00:00.000,1.06957,1.06957,1.06957,1.06957,0
28.04.2024 09:00:00.000,1.06957,1.06957,1.06957,1.06957,0
28.04.2024 10:00:00.000,1.06957,1.06957,1.06957,1.06957,0
28.04.2024 11:00:00.000,1.06957,1.06957,1.06957,1.06957,0
28.04.2024 12:00:00.000,1.06957,1.06957,1.06957,1.06957,0
28.04.2024 13:00:00.000,1.06957,1.06957,1.06957,1.06957,0
28.04.2024 14:00:00.000,1.06957,1.06957,1.06957,1.06957,0
28.04.2024 15:00:00.000,1.06957,1.06957,1.06957,1.06957,0
28.04.2024 16:00:00.000,1.06957,1.06957,1.06957,1.06957,0
28.04.2024 17:00:00.000,1.06957,1.06957,1.06957,1.06957,0
28.04.2024 18:00:00.000,1.06957,1.06957,1.06957,1.06957,0
28.04.2024 19:00:00.000,1.06957,1.06957,1.06957,1.06957,0
28.04.2024 20:00:00.000,1.06957,1.06957,1.06957,1.06957,0
28.04.2024 21:00:00.000,1.06993,1.07025,1.06950,1.06962,273.75
28.04.2024 22:00:00.000,1.06962,1.07039,1.06947,1.07022,1957.85
28.04.2024 23:00:00.000,1.07021,1.07072,1.07006,1.07071,2770.8999
29.04.2024 00:00:00.000,1.07071,1.07111,1.07063,1.07099,6880.71
29.04.2024 01:00:00.000,1.07101,1.07159,1.07077,1.07146,9704.9199
29.04.2024 02:00:00.000,1.07145,1.07201,1.07130,1.07176,3886.8401
29.04.2024 03:00:00.000,1.07177,1.07184,1.07149,1.07163,2833.26
29.04.2024 04:00:00.000,1.07163,1.07336,1.07147,1.07292,16784.9199
29.04.2024 05:00:00.000,1.07291,1.07339,1.07240,1.07258,7150.2998
29.04.2024 06:00:00.000,1.07257,1.07289,1.07149,1.07156,6769.0601
29.04.2024 07:00:00.000,1.07155,1.07255,1.07085,1.07178,22440.3203
29.04.2024 08:00:00.000,1.07174,1.07250,1.07014,1.07048,15795.3096
29.04.2024 09:00:00.000,1.07048,1.07191,1.06975,1.07149,8111.1802
29.04.2024 10:00:00.000,1.07150,1.07197,1.07124,1.07175,4735.0698
29.04.2024 11:00:00.000,1.07176,1.07274,1.07122,1.07148,4886.98
29.04.2024 12:00:00.000,1.07148,1.07237,1.07023,1.07036,9176.0801
29.04.2024 13:00:00.000,1.07036,1.07071,1.06903,1.06991,16536.5898
29.04.2024 14:00:00.000,1.06992,1.07136,1.06991,1.07129,10410.5898
29.04.2024 15:00:00.000,1.07130,1.07210,1.07122,1.07168,6480.7202
29.04.2024 16:00:00.000,1.07168,1.07292,1.07161,1.07260,8708.2998
29.04.2024 17:00:00.000,1.07261,1.07297,1.07214,1.07218,4932.9902
29.04.2024 18:00:00.000,1.07217,1.07254,1.07181,1.07247,6199.2798
29.04.2024 19:00:00.000,1.07247,1.07247,1.07152,1.07212,6547.2202
29.04.2024 20:00:00.000,1.07212,1.07232,1.07197,1.07211,2282.5801
29.04.2024 21:00:00.000,1.07214,1.07238,1.07204,1.07213,660.77
29.04.2024 22:00:00.000,1.07214,1.07230,1.07172,1.07174,739.41
29.04.2024 23:00:00.000,1.07175,1.07195,1.07143,1.07150,3887.1299
30.04.2024 00:00:00.000,1.07150,1.07177,1.07103,1.07152,5699.02
30.04.2024 01:00:00.000,1.07153,1.07182,1.07071,1.07071,3928.5701
30.04.2024 02:00:00.000,1.07071,1.07077,1.07032,1.07067,7424.8901
30.04.2024 03:00:00.000,1.07067,1.07076,1.07027,1.07056,4102.3901
30.04.2024 04:00:00.000,1.07056,1.07061,1.07025,1.07058,4141.4302
30.04.2024 05:00:00.000,1.07059,1.07070,1.06953,1.06994,3729.6799
30.04.2024 06:00:00.000,1.06994,1.07063,1.06900,1.07051,8651.3896
30.04.2024 07:00:00.000,1.07051,1.07101,1.07019,1.07055,9669.6699
30.04.2024 08:00:00.000,1.07054,1.07125,1.06930,1.07115,5578
30.04.2024 09:00:00.000,1.07116,1.07348,1.07110,1.07270,8672.5303
30.04.2024 10:00:00.000,1.07269,1.07354,1.07228,1.07284,6466.02
30.04.2024 11:00:00.000,1.07283,1.07283,1.07196,1.07203,7575.4302
30.04.2024 12:00:00.000,1.07200,1.07241,1.06899,1.07005,22609.2695
30.04.2024 13:00:00.000,1.07006,1.07150,1.06942,1.07060,19428.8809
30.04.2024 14:00:00.000,1.07060,1.07196,1.06872,1.06911,21166.8203
30.04.2024 15:00:00.000,1.06912,1.06991,1.06833,1.06838,16092.04
30.04.2024 16:00:00.000,1.06838,1.06869,1.06761,1.06790,8859.9902
30.04.2024 17:00:00.000,1.06791,1.06832,1.06753,1.06803,4726
30.04.2024 18:00:00.000,1.06804,1.06828,1.06762,1.06782,4346.54
30.04.2024 19:00:00.000,1.06782,1.06807,1.06719,1.06727,4654.6802
30.04.2024 20:00:00.000,1.06726,1.06736,1.06651,1.06661,3804.0701
30.04.2024 21:00:00.000,1.06666,1.06750,1.06661,1.06702,1312.51
30.04.2024 22:00:00.000,1.06689,1.06702,1.06660,1.06678,1380.79
30.04.2024 23:00:00.000,1.06677,1.06677,1.06656,1.06662,2029.72
01.05.2024 00:00:00.000,1.06662,1.06673,1.06582,1.06617,2652.1699
01.05.2024 01:00:00.000,1.06619,1.06633,1.06593,1.06608,1991.51
01.05.2024 02:00:00.000,1.06607,1.06607,1.06574,1.06589,1750.14
01.05.2024 03:00:00.000,1.06589,1.06592,1.06560,1.06567,2641.1499
01.05.2024 04:00:00.000,1.06568,1.06571,1.06550,1.06560,1499.53
01.05.2024 05:00:00.000,1.06558,1.06570,1.06542,1.06554,1589.91
01.05.2024 06:00:00.000,1.06556,1.06585,1.06496,1.06519,3722.3799
01.05.2024 07:00:00.000,1.06517,1.06619,1.06517,1.06611,4330.5601
01.05.2024 08:00:00.000,1.06611,1.06707,1.06611,1.06695,5245.3901
01.05.2024 09:00:00.000,1.06697,1.06735,1.06680,1.06700,3780.01
01.05.2024 10:00:00.000,1.06699,1.06733,1.06668,1.06691,2459.8301
01.05.2024 11:00:00.000,1.06691,1.06727,1.06673,1.06720,3635.3899
01.05.2024 12:00:00.000,1.06720,1.06849,1.06718,1.06844,16688.1191
01.05.2024 13:00:00.000,1.06843,1.06854,1.06750,1.06825,7220.6001
01.05.2024 14:00:00.000,1.06825,1.06924,1.06778,1.06832,14555.0498
01.05.2024 15:00:00.000,1.06833,1.06857,1.06774,1.06793,5788.02
01.05.2024 16:00:00.000,1.06791,1.06792,1.06709,1.06717,4982.6602
01.05.2024 17:00:00.000,1.06718,1.06830,1.06709,1.06754,6410.46
01.05.2024 18:00:00.000,1.06755,1.07329,1.06712,1.07285,45412.9414
01.05.2024 19:00:00.000,1.07283,1.07304,1.06892,1.06896,22160.1699
01.05.2024 20:00:00.000,1.06893,1.07231,1.06868,1.07130,12550.79
01.05.2024 21:00:00.000,1.07140,1.07201,1.07082,1.07133,7898.4702
01.05.2024 22:00:00.000,1.07133,1.07219,1.07133,1.07168,2289.25
01.05.2024 23:00:00.000,1.07169,1.07183,1.07121,1.07172,3447.0601
02.05.2024 00:00:00.000,1.07171,1.07172,1.07097,1.07119,4135.3701
02.05.2024 01:00:00.000,1.07118,1.07158,1.07072,1.07155,5884.9102
02.05.2024 02:00:00.000,1.07155,1.07210,1.07155,1.07189,4375.8999
02.05.2024 03:00:00.000,1.07190,1.07190,1.07128,1.07147,3764.79
02.05.2024 04:00:00.000,1.07148,1.07205,1.07144,1.07178,3208.5801
02.05.2024 05:00:00.000,1.07178,1.07206,1.07125,1.07162,3401.4199
02.05.2024 06:00:00.000,1.07163,1.07275,1.07137,1.07178,8826.9805
02.05.2024 07:00:00.000,1.07177,1.07284,1.07130,1.07156,13141.0898
02.05.2024 08:00:00.000,1.07155,1.07192,1.07001,1.07043,13974.3496
02.05.2024 09:00:00.000,1.07043,1.07091,1.06958,1.07034,6841.3701
02.05.2024 10:00:00.000,1.07033,1.07062,1.06968,1.07040,5850.5601
02.05.2024 11:00:00.000,1.07041,1.07062,1.06956,1.07025,7841.0098
02.05.2024 12:00:00.000,1.07026,1.07124,1.06936,1.07013,15217.5596
02.05.2024 13:00:00.000,1.07013,1.07034,1.06803,1.06869,21406.6406
02.05.2024 14:00:00.000,1.06868,1.06908,1.06743,1.06884,15997.4502
02.05.2024 15:00:00.000,1.06885,1.07084,1.06860,1.07051,10926.2197
02.05.2024 16:00:00.000,1.07054,1.07218,1.07020,1.07167,7454.8398
02.05.2024 17:00:00.000,1.07169,1.07230,1.07141,1.07196,4918.6602
02.05.2024 18:00:00.000,1.07196,1.07304,1.07183,1.07304,5588.0601
02.05.2024 19:00:00.000,1.07303,1.07303,1.07235,1.07273,6041.77
02.05.2024 20:00:00.000,1.07272,1.07280,1.07249,1.07258,2493.27
02.05.2024 21:00:00.000,1.07258,1.07281,1.07243,1.07255,2285.3799
02.05.2024 22:00:00.000,1.07254,1.07298,1.07250,1.07292,1066.6
02.05.2024 23:00:00.000,1.07291,1.07310,1.07282,1.07300,1901.2
03.05.2024 00:00:00.000,1.07301,1.07317,1.07246,1.07315,3901.3
03.05.2024 01:00:00.000,1.07314,1.07397,1.07310,1.07375,4825.5498
03.05.2024 02:00:00.000,1.07373,1.07377,1.07328,1.07334,3118.3201
03.05.2024 03:00:00.000,1.07333,1.07353,1.07316,1.07350,2301.48
03.05.2024 04:00:00.000,1.07351,1.07362,1.07324,1.07324,3114.0601
03.05.2024 05:00:00.000,1.07323,1.07382,1.07320,1.07359,2887.21
03.05.2024 06:00:00.000,1.07360,1.07362,1.07299,1.07301,4747.48
03.05.2024 07:00:00.000,1.07300,1.07382,1.07247,1.07347,6892.54
03.05.2024 08:00:00.000,1.07347,1.07443,1.07326,1.07429,6142.2798
03.05.2024 09:00:00.000,1.07429,1.07480,1.07404,1.07433,5442.6499
03.05.2024 10:00:00.000,1.07432,1.07457,1.07389,1.07434,4188.6201
03.05.2024 11:00:00.000,1.07433,1.07498,1.07426,1.07457,7102.1602
03.05.2024 12:00:00.000,1.07457,1.08128,1.07438,1.07939,27319.3594
03.05.2024 13:00:00.000,1.07938,1.07964,1.07711,1.07773,28942.0703
03.05.2024 14:00:00.000,1.07773,1.07986,1.07517,1.07659,37710.4883
03.05.2024 15:00:00.000,1.07660,1.07803,1.07639,1.07692,13490.7803
03.05.2024 16:00:00.000,1.07692,1.07734,1.07617,1.07636,7510.8501
03.05.2024 17:00:00.000,1.07636,1.07677,1.07593,1.07650,3545.3501
03.05.2024 18:00:00.000,1.07650,1.07683,1.07638,1.07674,3832.1399
03.05.2024 19:00:00.000,1.07675,1.07695,1.07639,1.07643,10071.5
03.05.2024 20:00:00.000,1.07642,1.07670,1.07625,1.07638,3517.02
03.05.2024 21:00:00.000,1.07638,1.07638,1.07638,1.07638,0
03.05.2024 22:00:00.000,1.07638,1.07638,1.07638,1.07638,0
03.05.2024 23:00:00.000,1.07638,1.07638,1.07638,1.07638,0
04.05.2024 00:00:00.000,1.07638,1.07638,1.07638,1.07638,0
04.05.2024 01:00:00.000,1.07638,1.07638,1.07638,1.07638,0
04.05.2024 02:00:00.000,1.07638,1.07638,1.07638,1.07638,0
04.05.2024 03:00:00.000,1.07638,1.07638,1.07638,1.07638,0
04.05.2024 04:00:00.000,1.07638,1.07638,1.07638,1.07638,0
04.05.2024 05:00:00.000,1.07638,1.07638,1.07638,1.07638,0
04.05.2024 06:00:00.000,1.07638,1.07638,1.07638,1.07638,0
04.05.2024 07:00:00.000,1.07638,1.07638,1.07638,1.07638,0
04.05.2024 08:00:00.000,1.07638,1.07638,1.07638,1.07638,0
04.05.2024 09:00:00.000,1.07638,1.07638,1.07638,1.07638,0
04.05.2024 10:00:00.000,1.07638,1.07638,1.07638,1.07638,0
04.05.2024 11:00:00.000,1.07638,1.07638,1.07638,1.07638,0
04.05.2024 12:00:00.000,1.07638,1.07638,1.07638,1.07638,0
04.05.2024 13:00:00.000,1.07638,1.07638,1.07638,1.07638,0
04.05.2024 14:00:00.000,1.07638,1.07638,1.07638,1.07638,0
04.05.2024 15:00:00.000,1.07638,1.07638,1.07638,1.07638,0
04.05.2024 16:00:00.000,1.07638,1.07638,1.07638,1.07638,0
04.05.2024 17:00:00.000,1.07638,1.07638,1.07638,1.07638,0
04.05.2024 18:00:00.000,1.07638,1.07638,1.07638,1.07638,0
04.05.2024 19:00:00.000,1.07638,1.07638,1.07638,1.07638,0
04.05.2024 20:00:00.000,1.07638,1.07638,1.07638,1.07638,0
04.05.2024 21:00:00.000,1.07638,1.07638,1.07638,1.07638,0
04.05.2024 22:00:00.000,1.07638,1.07638,1.07638,1.07638,0
04.05.2024 23:00:00.000,1.07638,1.07638,1.07638,1.07638,0
05.05.2024 00:00:00.000,1.07638,1.07638,1.07638,1.07638,0
05.05.2024 01:00:00.000,1.07638,1.07638,1.07638,1.07638,0
05.05.2024 02:00:00.000,1.07638,1.07638,1.07638,1.07638,0
05.05.2024 03:00:00.000,1.07638,1.07638,1.07638,1.07638,0
05.05.2024 04:00:00.000,1.07638,1.07638,1.07638,1.07638,0
05.05.2024 05:00:00.000,1.07638,1.07638,1.07638,1.07638,0
05.05.2024 06:00:00.000,1.07638,1.07638,1.07638,1.07638,0
05.05.2024 07:00:00.000,1.07638,1.07638,1.07638,1.07638,0
05.05.2024 08:00:00.000,1.07638,1.07638,1.07638,1.07638,0
05.05.2024 09:00:00.000,1.07638,1.07638,1.07638,1.07638,0
05.05.2024 10:00:00.000,1.07638,1.07638,1.07638,1.07638,0
05.05.2024 11:00:00.000,1.07638,1.07638,1.07638,1.07638,0
05.05.2024 12:00:00.000,1.07638,1.07638,1.07638,1.07638,0
05.05.2024 13:00:00.000,1.07638,1.07638,1.07638,1.07638,0
05.05.2024 14:00:00.000,1.07638,1.07638,1.07638,1.07638,0
05.05.2024 15:00:00.000,1.07638,1.07638,1.07638,1.07638,0
05.05.2024 16:00:00.000,1.07638,1.07638,1.07638,1.07638,0
05.05.2024 17:00:00.000,1.07638,1.07638,1.07638,1.07638,0
05.05.2024 18:00:00.000,1.07638,1.07638,1.07638,1.07638,0
05.05.2024 19:00:00.000,1.07638,1.07638,1.07638,1.07638,0
05.05.2024 20:00:00.000,1.07638,1.07638,1.07638,1.07638,0
05.05.2024 21:00:00.000,1.07655,1.07662,1.07622,1.07645,283.04
05.05.2024 22:00:00.000,1.07644,1.07652,1.07618,1.07627,1396.58
05.05.2024 23:00:00.000,1.07626,1.07650,1.07577,1.07585,2792.5801
06.05.2024 00:00:00.000,1.07585,1.07690,1.07554,1.07676,2751.1499
06.05.2024 01:00:00.000,1.07675,1.07710,1.07629,1.07702,4242.1401
06.05.2024 02:00:00.000,1.07703,1.07717,1.07650,1.07655,3520.8799
06.05.2024 03:00:00.000,1.07654,1.07670,1.07624,1.07650,3678.0601
06.05.2024 04:00:00.000,1.07649,1.07656,1.07625,1.07630,2330.3301
06.05.2024 05:00:00.000,1.07630,1.07651,1.07600,1.07610,2234.51
06.05.2024 06:00:00.000,1.07611,1.07655,1.07595,1.07626,4241.2798
06.05.2024 07:00:00.000,1.07626,1.07696,1.07604,1.07617,5228.6699
06.05.2024 08:00:00.000,1.07617,1.07763,1.07577,1.07687,6804.27
06.05.2024 09:00:00.000,1.07688,1.07723,1.07663,1.07697,5081.75
06.05.2024 10:00:00.000,1.07698,1.07732,1.07664,1.07722,5266.4199
06.05.2024 11:00:00.000,1.07721,1.07744,1.07691,1.07727,3472.3501
06.05.2024 12:00:00.000,1.07726,1.07909,1.07723,1.07875,6377.7998
06.05.2024 13:00:00.000,1.07877,1.07890,1.07813,1.07866,5907.5498
06.05.2024 14:00:00.000,1.07867,1.07870,1.07787,1.07803,4953.3398
06.05.2024 15:00:00.000,1.07803,1.07803,1.07746,1.07789,4120.1602
06.05.2024 16:00:00.000,1.07788,1.07789,1.07714,1.07744,3173.74
06.05.2024 17:00:00.000,1.07743,1.07767,1.07733,1.07743,3133.6201
06.05.2024 18:00:00.000,1.07742,1.07754,1.07722,1.07748,2772.4299
06.05.2024 19:00:00.000,1.07748,1.07749,1.07667,1.07675,2898.8601
06.05.2024 20:00:00.000,1.07677,1.07710,1.07663,1.07710,1282.4
06.05.2024 21:00:00.000,1.07711,1.07750,1.07683,1.07699,1095.65
06.05.2024 22:00:00.000,1.07699,1.07710,1.07687,1.07688,511.5875
06.05.2024 23:00:00.000,1.07688,1.07689,1.07662,1.07673,1202.87
07.05.2024 00:00:00.000,1.07673,1.07763,1.07667,1.07752,7594.4902
07.05.2024 01:00:00.000,1.07753,1.07770,1.07644,1.07656,5082.3901
07.05.2024 02:00:00.000,1.07658,1.07667,1.07608,1.07638,3934.3101
07.05.2024 03:00:00.000,1.07638,1.07691,1.07633,1.07688,5969.7202
07.05.2024 04:00:00.000,1.07689,1.07695,1.07633,1.07659,6112.29
07.05.2024 05:00:00.000,1.07658,1.07694,1.07573,1.07586,3826.72
07.05.2024 06:00:00.000,1.07584,1.07645,1.07543,1.07637,9544.46
07.05.2024 07:00:00.000,1.07638,1.07697,1.07609,1.07649,8527.5898
07.05.2024 08:00:00.000,1.07645,1.07654,1.07559,1.07639,5431.6401
07.05.2024 09:00:00.000,1.07638,1.07642,1.07554,1.07597,5039.1401
07.05.2024 10:00:00.000,1.07598,1.07697,1.07585,1.07690,5116.3799
07.05.2024 11:00:00.000,1.07692,1.07705,1.07628,1.07668,4116.7402
07.05.2024 12:00:00.000,1.07669,1.07794,1.07643,1.07757,6128.9502
07.05.2024 13:00:00.000,1.07757,1.07875,1.07742,1.07808,8213.9102
07.05.2024 14:00:00.000,1.07809,1.07826,1.07729,1.07779,8446.0195
07.05.2024 15:00:00.000,1.07779,1.07829,1.07664,1.07668,9171.4199
07.05.2024 16:00:00.000,1.07670,1.07745,1.07662,1.07705,7695.3198
07.05.2024 17:00:00.000,1.07704,1.07707,1.07562,1.07567,5732.6401
07.05.2024 18:00:00.000,1.07568,1.07568,1.07480,1.07516,6277.1099
07.05.2024 19:00:00.000,1.07515,1.07578,1.07515,1.07566,7013.9502
07.05.2024 20:00:00.000,1.07566,1.07567,1.07546,1.07554,1863.11
07.05.2024 21:00:00.000,1.07554,1.07576,1.07554,1.07568,804.09
07.05.2024 22:00:00.000,1.07566,1.07569,1.07510,1.07514,1596.23
07.05.2024 23:00:00.000,1.07514,1.07517,1.07475,1.07501,2143.53
08.05.2024 00:00:00.000,1.07499,1.07543,1.07471,1.07482,3189.3999
08.05.2024 01:00:00.000,1.07482,1.07489,1.07404,1.07406,3165.52
08.05.2024 02:00:00.000,1.07403,1.07427,1.07382,1.07414,4501.8799
08.05.2024 03:00:00.000,1.07415,1.07439,1.07388,1.07414,5040.1401
08.05.2024 04:00:00.000,1.07413,1.07424,1.07391,1.07414,3716.22
08.05.2024 05:00:00.000,1.07413,1.07422,1.07388,1.07410,2208.78
08.05.2024 06:00:00.000,1.07410,1.07493,1.07409,1.07449,5606.9302
08.05.2024 07:00:00.000,1.07448,1.07463,1.07374,1.07388,5909.6699
08.05.2024 08:00:00.000,1.07389,1.07450,1.07352,1.07442,6335.9702
08.05.2024 09:00:00.000,1.07443,1.07526,1.07443,1.07513,5541.71
08.05.2024 10:00:00.000,1.07514,1.07535,1.07487,1.07490,3838.6799
08.05.2024 11:00:00.000,1.07491,1.07541,1.07441,1.07462,4333.7798
08.05.2024 12:00:00.000,1.07464,1.07491,1.07399,1.07491,6861.79
08.05.2024 13:00:00.000,1.07491,1.07540,1.07463,1.07506,5921.4902
08.05.2024 14:00:00.000,1.07508,1.07550,1.07464,1.07493,7215.7202
08.05.2024 15:00:00.000,1.07492,1.07576,1.07444,1.07549,7566.1201
08.05.2024 16:00:00.000,1.07548,1.07549,1.07446,1.07459,3167.6699
08.05.2024 17:00:00.000,1.07460,1.07470,1.07410,1.07433,3873.45
08.05.2024 18:00:00.000,1.07431,1.07469,1.07413,1.07453,3060.26
08.05.2024 19:00:00.000,1.07453,1.07464,1.07433,1.07454,4551.6699
08.05.2024 20:00:00.000,1.07455,1.07489,1.07439,1.07489,1660.78
08.05.2024 21:00:00.000,1.07491,1.07541,1.07473,1.07500,1602.42
08.05.2024 22:00:00.000,1.07500,1.07510,1.07489,1.07492,672.49
08.05.2024 23:00:00.000,1.07493,1.07497,1.07464,1.07470,1881.45
09.05.2024 00:00:00.000,1.07471,1.07472,1.07426,1.07434,2569.6299
09.05.2024 01:00:00.000,1.07434,1.07487,1.07424,1.07478,4954.52
09.05.2024 02:00:00.000,1.07476,1.07484,1.07452,1.07475,3184.71
09.05.2024 03:00:00.000,1.07476,1.07517,1.07465,1.07478,3422.77
09.05.2024 04:00:00.000,1.07479,1.07505,1.07452,1.07455,1973.16
09.05.2024 05:00:00.000,1.07454,1.07465,1.07423,1.07438,2849.1399
09.05.2024 06:00:00.000,1.07438,1.07446,1.07363,1.07375,3457.73
09.05.2024 07:00:00.000,1.07375,1.07415,1.07298,1.07348,6696.9902
09.05.2024 08:00:00.000,1.07347,1.07355,1.07263,1.07282,5610.3198
09.05.2024 09:00:00.000,1.07282,1.07317,1.07263,1.07306,5639.48
09.05.2024 10:00:00.000,1.07308,1.07386,1.07304,1.07350,4971.3501
09.05.2024 11:00:00.000,1.07347,1.07364,1.07241,1.07274,10608.8604
09.05.2024 12:00:00.000,1.07274,1.07625,1.07272,1.07595,15359.54
09.05.2024 13:00:00.000,1.07594,1.07677,1.07507,1.07638,16141.0596
09.05.2024 14:00:00.000,1.07638,1.07803,1.07628,1.07759,11609.7002
09.05.2024 15:00:00.000,1.07759,1.07819,1.07693,1.07705,5957.6499
09.05.2024 16:00:00.000,1.07706,1.07781,1.07706,1.07759,5130.4399
09.05.2024 17:00:00.000,1.07759,1.07805,1.07737,1.07777,5297.4399
09.05.2024 18:00:00.000,1.07775,1.07828,1.07758,1.07819,3406.6101
09.05.2024 19:00:00.000,1.07817,1.07846,1.07809,1.07825,6659.6401
09.05.2024 20:00:00.000,1.07823,1.07837,1.07812,1.07824,2435.5601
09.05.2024 21:00:00.000,1.07830,1.07849,1.07814,1.07818,929.09
09.05.2024 22:00:00.000,1.07819,1.07860,1.07819,1.07847,1295.15
09.05.2024 23:00:00.000,1.07849,1.07856,1.07815,1.07819,1655.98
10.05.2024 00:00:00.000,1.07820,1.07824,1.07767,1.07793,3446.3799
10.05.2024 01:00:00.000,1.07794,1.07827,1.07761,1.07763,2385.3501
10.05.2024 02:00:00.000,1.07762,1.07778,1.07734,1.07743,2771.8701
10.05.2024 03:00:00.000,1.07744,1.07767,1.07740,1.07762,1040.58
10.05.2024 04:00:00.000,1.07763,1.07769,1.07741,1.07742,910.5
10.05.2024 05:00:00.000,1.07741,1.07771,1.07740,1.07759,2066.1299
10.05.2024 06:00:00.000,1.07759,1.07834,1.07717,1.07770,7529.6001
10.05.2024 07:00:00.000,1.07770,1.07842,1.07763,1.07813,7869.7998
10.05.2024 08:00:00.000,1.07813,1.07868,1.07774,1.07807,7833.8301
10.05.2024 09:00:00.000,1.07809,1.07862,1.07794,1.07799,5857.1299
10.05.2024 10:00:00.000,1.07799,1.07821,1.07757,1.07786,4188.2998
10.05.2024 11:00:00.000,1.07785,1.07808,1.07754,1.07795,4981.0698
10.05.2024 12:00:00.000,1.07794,1.07814,1.07664,1.07702,10743.4697
10.05.2024 13:00:00.000,1.07703,1.07902,1.07698,1.07877,11501.8096
10.05.2024 14:00:00.000,1.07877,1.07893,1.07605,1.07641,22177.0391
10.05.2024 15:00:00.000,1.07641,1.07725,1.07626,1.07722,8463.46
10.05.2024 16:00:00.000,1.07722,1.07795,1.07696,1.07760,5916.2202
10.05.2024 17:00:00.000,1.07763,1.07776,1.07734,1.07743,3705.3301
10.05.2024 18:00:00.000,1.07742,1.07743,1.07699,1.07737,4613.0098
10.05.2024 19:00:00.000,1.07737,1.07759,1.07718,1.07719,4058.3
10.05.2024 20:00:00.000,1.07719,1.07735,1.07687,1.07731,2132.2
10.05.2024 21:00:00.000,1.07731,1.07731,1.07731,1.07731,0
10.05.2024 22:00:00.000,1.07731,1.07731,1.07731,1.07731,0
10.05.2024 23:00:00.000,1.07731,1.07731,1.07731,1.07731,0
11.05.2024 00:00:00.000,1.07731,1.07731,1.07731,1.07731,0
11.05.2024 01:00:00.000,1.07731,1.07731,1.07731,1.07731,0
11.05.2024 02:00:00.000,1.07731,1.07731,1.07731,1.07731,0
11.05.2024 03:00:00.000,1.07731,1.07731,1.07731,1.07731,0
11.05.2024 04:00:00.000,1.07731,1.07731,1.07731,1.07731,0
11.05.2024 05:00:00.000,1.07731,1.07731,1.07731,1.07731,0
11.05.2024 06:00:00.000,1.07731,1.07731,1.07731,1.07731,0
11.05.2024 07:00:00.000,1.07731,1.07731,1.07731,1.07731,0
11.05.2024 08:00:00.000,1.07731,1.07731,1.07731,1.07731,0
11.05.2024 09:00:00.000,1.07731,1.07731,1.07731,1.07731,0
11.05.2024 10:00:00.000,1.07731,1.07731,1.07731,1.07731,0
11.05.2024 11:00:00.000,1.07731,1.07731,1.07731,1.07731,0
11.05.2024 12:00:00.000,1.07731,1.07731,1.07731,1.07731,0
11.05.2024 13:00:00.000,1.07731,1.07731,1.07731,1.07731,0
11.05.2024 14:00:00.000,1.07731,1.07731,1.07731,1.07731,0
11.05.2024 15:00:00.000,1.07731,1.07731,1.07731,1.07731,0
11.05.2024 16:00:00.000,1.07731,1.07731,1.07731,1.07731,0
11.05.2024 17:00:00.000,1.07731,1.07731,1.07731,1.07731,0
11.05.2024 18:00:00.000,1.07731,1.07731,1.07731,1.07731,0
11.05.2024 19:00:00.000,1.07731,1.07731,1.07731,1.07731,0
11.05.2024 20:00:00.000,1.07731,1.07731,1.07731,1.07731,0
11.05.2024 21:00:00.000,1.07731,1.07731,1.07731,1.07731,0
11.05.2024 22:00:00.000,1.07731,1.07731,1.07731,1.07731,0
11.05.2024 23:00:00.000,1.07731,1.07731,1.07731,1.07731,0
12.05.2024 00:00:00.000,1.07731,1.07731,1.07731,1.07731,0
12.05.2024 01:00:00.000,1.07731,1.07731,1.07731,1.07731,0
12.05.2024 02:00:00.000,1.07731,1.07731,1.07731,1.07731,0
12.05.2024 03:00:00.000,1.07731,1.07731,1.07731,1.07731,0
12.05.2024 04:00:00.000,1.07731,1.07731,1.07731,1.07731,0
12.05.2024 05:00:00.000,1.07731,1.07731,1.07731,1.07731,0
12.05.2024 06:00:00.000,1.07731,1.07731,1.07731,1.07731,0
12.05.2024 07:00:00.000,1.07731,1.07731,1.07731,1.07731,0
12.05.2024 08:00:00.000,1.07731,1.07731,1.07731,1.07731,0
12.05.2024 09:00:00.000,1.07731,1.07731,1.07731,1.07731,0
12.05.2024 10:00:00.000,1.07731,1.07731,1.07731,1.07731,0
12.05.2024 11:00:00.000,1.07731,1.07731,1.07731,1.07731,0
12.05.2024 12:00:00.000,1.07731,1.07731,1.07731,1.07731,0
12.05.2024 13:00:00.000,1.07731,1.07731,1.07731,1.07731,0
12.05.2024 14:00:00.000,1.07731,1.07731,1.07731,1.07731,0
12.05.2024 15:00:00.000,1.07731,1.07731,1.07731,1.07731,0
12.05.2024 16:00:00.000,1.07731,1.07731,1.07731,1.07731,0
12.05.2024 17:00:00.000,1.07731,1.07731,1.07731,1.07731,0
12.05.2024 18:00:00.000,1.07731,1.07731,1.07731,1.07731,0
12.05.2024 19:00:00.000,1.07731,1.07731,1.07731,1.07731,0
12.05.2024 20:00:00.000,1.07731,1.07731,1.07731,1.07731,0
12.05.2024 21:00:00.000,1.07757,1.07758,1.07693,1.07728,808.17
12.05.2024 22:00:00.000,1.07728,1.07741,1.07713,1.07732,2435.1499
12.05.2024 23:00:00.000,1.07733,1.07754,1.07703,1.07704,1912.3199
13.05.2024 00:00:00.000,1.07704,1.07726,1.07684,1.07694,5574.8501
13.05.2024 01:00:00.000,1.07694,1.07733,1.07671,1.07691,4430.5801
13.05.2024 02:00:00.000,1.07690,1.07725,1.07659,1.07715,3030.8101
13.05.2024 03:00:00.000,1.07715,1.07724,1.07692,1.07718,2099.77
13.05.2024 04:00:00.000,1.07716,1.07726,1.07693,1.07698,1690.46
13.05.2024 05:00:00.000,1.07697,1.07748,1.07697,1.07732,2187.23
13.05.2024 06:00:00.000,1.07733,1.07758,1.07689,1.07702,4714.4502
13.05.2024 07:00:00.000,1.07703,1.07801,1.07693,1.07758,9323.6904
13.05.2024 08:00:00.000,1.07757,1.07846,1.07737,1.07839,6911.6602
13.05.2024 09:00:00.000,1.07840,1.07891,1.07817,1.07829,5528.1299
13.05.2024 10:00:00.000,1.07829,1.07852,1.07774,1.07819,6189.0801
13.05.2024 11:00:00.000,1.07818,1.07946,1.07813,1.07893,5000.2798
13.05.2024 12:00:00.000,1.07894,1.07999,1.07890,1.07983,5724.98
13.05.2024 13:00:00.000,1.07983,1.08069,1.07970,1.08042,7275.6401
13.05.2024 14:00:00.000,1.08043,1.08055,1.07959,1.08039,7099.3301
13.05.2024 15:00:00.000,1.08040,1.08043,1.07895,1.07955,10743.0098
13.05.2024 16:00:00.000,1.07954,1.07990,1.07933,1.07936,3458.6299
13.05.2024 17:00:00.000,1.07936,1.07941,1.07871,1.07918,3689.79
13.05.2024 18:00:00.000,1.07918,1.07936,1.07892,1.07897,2723.3899
13.05.2024 19:00:00.000,1.07897,1.07901,1.07869,1.07891,2346.46
13.05.2024 20:00:00.000,1.07891,1.07903,1.07883,1.07903,1187.66
13.05.2024 21:00:00.000,1.07905,1.07916,1.07881,1.07906,1319.25
13.05.2024 22:00:00.000,1.07907,1.07917,1.07889,1.07901,1115.9399
13.05.2024 23:00:00.000,1.07902,1.07939,1.07898,1.07923,1990.98
14.05.2024 00:00:00.000,1.07924,1.07925,1.07855,1.07878,1862.53
14.05.2024 01:00:00.000,1.07876,1.07898,1.07845,1.07874,1592.58
14.05.2024 02:00:00.000,1.07874,1.07876,1.07847,1.07868,1260.01
14.05.2024 03:00:00.000,1.07870,1.07882,1.07855,1.07878,1215.45
14.05.2024 04:00:00.000,1.07879,1.07890,1.07855,1.07857,931.48
14.05.2024 05:00:00.000,1.07857,1.07872,1.07845,1.07867,1540.15
14.05.2024 06:00:00.000,1.07869,1.07895,1.07831,1.07878,3156.27
14.05.2024 07:00:00.000,1.07879,1.07891,1.07858,1.07873,3679.48
14.05.2024 08:00:00.000,1.07872,1.07873,1.07755,1.07839,7439.3398
14.05.2024 09:00:00.000,1.07841,1.07937,1.07841,1.07929,5551.2202
14.05.2024 10:00:00.000,1.07930,1.07990,1.07923,1.07964,4919.8701
14.05.2024 11:00:00.000,1.07965,1.07991,1.07927,1.07927,3704.03
14.05.2024 12:00:00.000,1.07928,1.08107,1.07672,1.08032,21841.8008
14.05.2024 13:00:00.000,1.08031,1.08228,1.08008,1.08191,21238.5508
14.05.2024 14:00:00.000,1.08191,1.08257,1.08101,1.08249,12432.1504
14.05.2024 15:00:00.000,1.08249,1.08251,1.08152,1.08183,7211.71
14.05.2024 16:00:00.000,1.08180,1.08203,1.08139,1.08170,4024.1599
14.05.2024 17:00:00.000,1.08170,1.08201,1.08157,1.08193,2828.5901
14.05.2024 18:00:00.000,1.08193,1.08232,1.08189,1.08200,4038.8401
14.05.2024 19:00:00.000,1.08201,1.08218,1.08193,1.08202,4292.5498
14.05.2024 20:00:00.000,1.08203,1.08211,1.08178,1.08202,2534.1699
14.05.2024 21:00:00.000,1.08205,1.08229,1.08170,1.08181,2244.8601
14.05.2024 22:00:00.000,1.08182,1.08190,1.08164,1.08169,811.42
14.05.2024 23:00:00.000,1.08170,1.08170,1.08138,1.08140,1092.11
15.05.2024 00:00:00.000,1.08139,1.08179,1.08133,1.08171,3158.5601
15.05.2024 01:00:00.000,1.08170,1.08227,1.08166,1.08227,1925.8199
15.05.2024 02:00:00.000,1.08226,1.08268,1.08201,1.08253,3545.3
15.05.2024 03:00:00.000,1.08255,1.08278,1.08252,1.08263,3706.1599
15.05.2024 04:00:00.000,1.08262,1.08263,1.08207,1.08215,2040.04
15.05.2024 05:00:00.000,1.08216,1.08282,1.08214,1.08271,2027.39
15.05.2024 06:00:00.000,1.08271,1.08309,1.08228,1.08306,3942.8601
15.05.2024 07:00:00.000,1.08307,1.08326,1.08254,1.08262,6827.46
15.05.2024 08:00:00.000,1.08260,1.08347,1.08247,1.08299,5032.8198
15.05.2024 09:00:00.000,1.08299,1.08322,1.08249,1.08282,6534.6899
15.05.2024 10:00:00.000,1.08283,1.08301,1.08236,1.08247,5264.77
15.05.2024 11:00:00.000,1.08247,1.08295,1.08221,1.08295,6812.9199
15.05.2024 12:00:00.000,1.08296,1.08697,1.08282,1.08613,28219.8809
15.05.2024 13:00:00.000,1.08614,1.08660,1.08317,1.08354,22892.8105
15.05.2024 14:00:00.000,1.08353,1.08602,1.08341,1.08576,16029.9004
15.05.2024 15:00:00.000,1.08577,1.08745,1.08558,1.08600,8678.4297
15.05.2024 16:00:00.000,1.08600,1.08738,1.08562,1.08722,6978.1201
15.05.2024 17:00:00.000,1.08722,1.08805,1.08718,1.08801,6771.46
15.05.2024 18:00:00.000,1.08800,1.08807,1.08729,1.08784,3726.8701
15.05.2024 19:00:00.000,1.08784,1.08831,1.08779,1.08819,4614.3901
15.05.2024 20:00:00.000,1.08818,1.08862,1.08816,1.08854,2473.6201
15.05.2024 21:00:00.000,1.08854,1.08863,1.08800,1.08851,3853.9221
15.05.2024 22:00:00.000,1.08847,1.08901,1.08844,1.08893,1786.98
15.05.2024 23:00:00.000,1.08896,1.08902,1.08879,1.08886,2564.0901
16.05.2024 00:00:00.000,1.08885,1.08950,1.08868,1.08939,5509.0298
16.05.2024 01:00:00.000,1.08938,1.08940,1.08845,1.08868,4797.1699
16.05.2024 02:00:00.000,1.08868,1.08883,1.08816,1.08873,4003.7
16.05.2024 03:00:00.000,1.08873,1.08894,1.08860,1.08873,2852.0701
16.05.2024 04:00:00.000,1.08874,1.08874,1.08843,1.08850,2719.24
16.05.2024 05:00:00.000,1.08851,1.08853,1.08798,1.08798,2392.76
16.05.2024 06:00:00.000,1.08797,1.08829,1.08748,1.08765,3546
16.05.2024 07:00:00.000,1.08765,1.08820,1.08732,1.08746,5171.3501
16.05.2024 08:00:00.000,1.08745,1.08767,1.08663,1.08734,5785.96
16.05.2024 09:00:00.000,1.08734,1.08750,1.08689,1.08701,6229.96
16.05.2024 10:00:00.000,1.08700,1.08739,1.08665,1.08724,4438.6099
16.05.2024 11:00:00.000,1.08724,1.08749,1.08618,1.08668,5749.2002
16.05.2024 12:00:00.000,1.08670,1.08748,1.08608,1.08634,14139.9502
16.05.2024 13:00:00.000,1.08632,1.08669,1.08546,1.08561,8686.1699
16.05.2024 14:00:00.000,1.08563,1.08704,1.08546,1.08703,14218.3799
16.05.2024 15:00:00.000,1.08704,1.08759,1.08667,1.08753,5382.6099
16.05.2024 16:00:00.000,1.08752,1.08756,1.08701,1.08735,4122.0601
16.05.2024 17:00:00.000,1.08735,1.08757,1.08686,1.08707,3556.96
16.05.2024 18:00:00.000,1.08708,1.08719,1.08659,1.08710,3927.3899
16.05.2024 19:00:00.000,1.08710,1.08710,1.08670,1.08670,6363.25
16.05.2024 20:00:00.000,1.08670,1.08678,1.08648,1.08669,2680.1399
16.05.2024 21:00:00.000,1.08679,1.08696,1.08652,1.08688,2181.4399
16.05.2024 22:00:00.000,1.08688,1.08693,1.08666,1.08680,1240.99
16.05.2024 23:00:00.000,1.08679,1.08681,1.08662,1.08679,1849.41
17.05.2024 00:00:00.000,1.08680,1.08689,1.08600,1.08630,2631.8899
17.05.2024 01:00:00.000,1.08631,1.08638,1.08574,1.08596,3025.3
17.05.2024 02:00:00.000,1.08596,1.08606,1.08545,1.08572,2325.3
17.05.2024 03:00:00.000,1.08572,1.08616,1.08570,1.08593,3468.3501
17.05.2024 04:00:00.000,1.08590,1.08597,1.08557,1.08563,1709.95
17.05.2024 05:00:00.000,1.08562,1.08623,1.08558,1.08612,1921.98
17.05.2024 06:00:00.000,1.08611,1.08669,1.08584,1.08628,5147.3701
17.05.2024 07:00:00.000,1.08629,1.08684,1.08576,1.08589,4879.9302
17.05.2024 08:00:00.000,1.08590,1.08595,1.08418,1.08444,5756.0601
17.05.2024 09:00:00.000,1.08444,1.08469,1.08412,1.08448,6254.6699
17.05.2024 10:00:00.000,1.08448,1.08448,1.08362,1.08384,6983.1099
17.05.2024 11:00:00.000,1.08384,1.08455,1.08358,1.08433,3713.3701
17.05.2024 12:00:00.000,1.08433,1.08459,1.08391,1.08430,7371.6099
17.05.2024 13:00:00.000,1.08432,1.08565,1.08432,1.08554,8811.0596
17.05.2024 14:00:00.000,1.08555,1.08773,1.08552,1.08766,9211.54
17.05.2024 15:00:00.000,1.08765,1.08786,1.08652,1.08687,5701.6401
17.05.2024 16:00:00.000,1.08688,1.08745,1.08672,1.08688,4515.7202
17.05.2024 17:00:00.000,1.08688,1.08745,1.08684,1.08738,4139.7002
17.05.2024 18:00:00.000,1.08737,1.08769,1.08721,1.08757,2369.1799
17.05.2024 19:00:00.000,1.08757,1.08763,1.08706,1.08726,2503.98
17.05.2024 20:00:00.000,1.08727,1.08729,1.08685,1.08712,4413.6499
17.05.2024 21:00:00.000,1.08712,1.08712,1.08712,1.08712,0
17.05.2024 22:00:00.000,1.08712,1.08712,1.08712,1.08712,0
17.05.2024 23:00:00.000,1.08712,1.08712,1.08712,1.08712,0
18.05.2024 00:00:00.000,1.08712,1.08712,1.08712,1.08712,0
18.05.2024 01:00:00.000,1.08712,1.08712,1.08712,1.08712,0
18.05.2024 02:00:00.000,1.08712,1.08712,1.08712,1.08712,0
18.05.2024 03:00:00.000,1.08712,1.08712,1.08712,1.08712,0
18.05.2024 04:00:00.000,1.08712,1.08712,1.08712,1.08712,0
18.05.2024 05:00:00.000,1.08712,1.08712,1.08712,1.08712,0
18.05.2024 06:00:00.000,1.08712,1.08712,1.08712,1.08712,0
18.05.2024 07:00:00.000,1.08712,1.08712,1.08712,1.08712,0
18.05.2024 08:00:00.000,1.08712,1.08712,1.08712,1.08712,0
18.05.2024 09:00:00.000,1.08712,1.08712,1.08712,1.08712,0
18.05.2024 10:00:00.000,1.08712,1.08712,1.08712,1.08712,0
18.05.2024 11:00:00.000,1.08712,1.08712,1.08712,1.08712,0
18.05.2024 12:00:00.000,1.08712,1.08712,1.08712,1.08712,0
18.05.2024 13:00:00.000,1.08712,1.08712,1.08712,1.08712,0
18.05.2024 14:00:00.000,1.08712,1.08712,1.08712,1.08712,0
18.05.2024 15:00:00.000,1.08712,1.08712,1.08712,1.08712,0
18.05.2024 16:00:00.000,1.08712,1.08712,1.08712,1.08712,0
18.05.2024 17:00:00.000,1.08712,1.08712,1.08712,1.08712,0
18.05.2024 18:00:00.000,1.08712,1.08712,1.08712,1.08712,0
18.05.2024 19:00:00.000,1.08712,1.08712,1.08712,1.08712,0
18.05.2024 20:00:00.000,1.08712,1.08712,1.08712,1.08712,0
18.05.2024 21:00:00.000,1.08712,1.08712,1.08712,1.08712,0
18.05.2024 22:00:00.000,1.08712,1.08712,1.08712,1.08712,0
18.05.2024 23:00:00.000,1.08712,1.08712,1.08712,1.08712,0
19.05.2024 00:00:00.000,1.08712,1.08712,1.08712,1.08712,0
19.05.2024 01:00:00.000,1.08712,1.08712,1.08712,1.08712,0
19.05.2024 02:00:00.000,1.08712,1.08712,1.08712,1.08712,0
19.05.2024 03:00:00.000,1.08712,1.08712,1.08712,1.08712,0
19.05.2024 04:00:00.000,1.08712,1.08712,1.08712,1.08712,0
19.05.2024 05:00:00.000,1.08712,1.08712,1.08712,1.08712,0
19.05.2024 06:00:00.000,1.08712,1.08712,1.08712,1.08712,0
19.05.2024 07:00:00.000,1.08712,1.08712,1.08712,1.08712,0
19.05.2024 08:00:00.000,1.08712,1.08712,1.08712,1.08712,0
19.05.2024 09:00:00.000,1.08712,1.08712,1.08712,1.08712,0
19.05.2024 10:00:00.000,1.08712,1.08712,1.08712,1.08712,0
19.05.2024 11:00:00.000,1.08712,1.08712,1.08712,1.08712,0
19.05.2024 12:00:00.000,1.08712,1.08712,1.08712,1.08712,0
19.05.2024 13:00:00.000,1.08712,1.08712,1.08712,1.08712,0
19.05.2024 14:00:00.000,1.08712,1.08712,1.08712,1.08712,0
19.05.2024 15:00:00.000,1.08712,1.08712,1.08712,1.08712,0
19.05.2024 16:00:00.000,1.08712,1.08712,1.08712,1.08712,0
19.05.2024 17:00:00.000,1.08712,1.08712,1.08712,1.08712,0
19.05.2024 18:00:00.000,1.08712,1.08712,1.08712,1.08712,0
19.05.2024 19:00:00.000,1.08712,1.08712,1.08712,1.08712,0
19.05.2024 20:00:00.000,1.08712,1.08712,1.08712,1.08712,0
19.05.2024 21:00:00.000,1.08705,1.08733,1.08659,1.08710,365.03
19.05.2024 22:00:00.000,1.08710,1.08734,1.08697,1.08708,1235.5699
19.05.2024 23:00:00.000,1.08708,1.08745,1.08707,1.08726,1665.21
20.05.2024 00:00:00.000,1.08726,1.08774,1.08691,1.08753,3691.6899
20.05.2024 01:00:00.000,1.08753,1.08767,1.08719,1.08754,3162.3799
20.05.2024 02:00:00.000,1.08753,1.08753,1.08716,1.08743,2718.48
20.05.2024 03:00:00.000,1.08743,1.08789,1.08730,1.08782,1381.85
20.05.2024 04:00:00.000,1.08781,1.08825,1.08778,1.08809,2315.8101
20.05.2024 05:00:00.000,1.08809,1.08827,1.08797,1.08807,2695.1899
20.05.2024 06:00:00.000,1.08805,1.08846,1.08778,1.08783,4432.8398
20.05.2024 07:00:00.000,1.08782,1.08809,1.08696,1.08732,5965.5498
20.05.2024 08:00:00.000,1.08731,1.08764,1.08714,1.08747,3730.6499
20.05.2024 09:00:00.000,1.08747,1.08752,1.08665,1.08690,3804.5
20.05.2024 10:00:00.000,1.08691,1.08739,1.08687,1.08708,5882.8701
20.05.2024 11:00:00.000,1.08709,1.08717,1.08599,1.08601,4332.5498
20.05.2024 12:00:00.000,1.08603,1.08632,1.08541,1.08576,9239.8604
20.05.2024 13:00:00.000,1.08576,1.08675,1.08576,1.08652,8471.8701
20.05.2024 14:00:00.000,1.08653,1.08700,1.08629,1.08651,7132.8198
20.05.2024 15:00:00.000,1.08650,1.08650,1.08581,1.08606,5340.7598
20.05.2024 16:00:00.000,1.08608,1.08663,1.08593,1.08660,3802.8101
20.05.2024 17:00:00.000,1.08659,1.08708,1.08631,1.08643,3484.3601
20.05.2024 18:00:00.000,1.08641,1.08668,1.08613,1.08651,2070.21
20.05.2024 19:00:00.000,1.08650,1.08652,1.08592,1.08599,1495.95
20.05.2024 20:00:00.000,1.08597,1.08600,1.08568,1.08571,1237.16
20.05.2024 21:00:00.000,1.08577,1.08622,1.08562,1.08608,1214.52
20.05.2024 22:00:00.000,1.08608,1.08608,1.08566,1.08592,1151.71
20.05.2024 23:00:00.000,1.08590,1.08609,1.08586,1.08605,2294.5901
21.05.2024 00:00:00.000,1.08606,1.08620,1.08566,1.08615,4372.6001
21.05.2024 01:00:00.000,1.08616,1.08616,1.08556,1.08559,4202.3198
21.05.2024 02:00:00.000,1.08559,1.08567,1.08510,1.08557,3565.5601
21.05.2024 03:00:00.000,1.08557,1.08570,1.08542,1.08561,3512.75
21.05.2024 04:00:00.000,1.08558,1.08603,1.08554,1.08591,2985.2
21.05.2024 05:00:00.000,1.08589,1.08618,1.08567,1.08586,1933.25
21.05.2024 06:00:00.000,1.08585,1.08638,1.08571,1.08617,7326.1699
21.05.2024 07:00:00.000,1.08617,1.08672,1.08595,1.08647,6882.8599
21.05.2024 08:00:00.000,1.08647,1.08697,1.08601,1.08668,6292.75
21.05.2024 09:00:00.000,1.08669,1.08749,1.08665,1.08721,7832.7202
21.05.2024 10:00:00.000,1.08724,1.08734,1.08660,1.08669,3531.6799
21.05.2024 11:00:00.000,1.08669,1.08698,1.08645,1.08685,3655.03
21.05.2024 12:00:00.000,1.08686,1.08708,1.08550,1.08572,8714.9199
21.05.2024 13:00:00.000,1.08573,1.08607,1.08428,1.08498,19936.1309
21.05.2024 14:00:00.000,1.08499,1.08620,1.08465,1.08595,8806.6797
21.05.2024 15:00:00.000,1.08595,1.08614,1.08532,1.08541,5209.4199
21.05.2024 16:00:00.000,1.08542,1.08568,1.08521,1.08541,3422.5701
21.05.2024 17:00:00.000,1.08538,1.08545,1.08465,1.08533,3073.8601
21.05.2024 18:00:00.000,1.08534,1.08557,1.08503,1.08521,3467.6001
21.05.2024 19:00:00.000,1.08521,1.08564,1.08509,1.08559,2206.0701
21.05.2024 20:00:00.000,1.08560,1.08566,1.08537,1.08542,1224.55
21.05.2024 21:00:00.000,1.08544,1.08585,1.08542,1.08569,4170.48
21.05.2024 22:00:00.000,1.08570,1.08579,1.08557,1.08575,1229.84
21.05.2024 23:00:00.000,1.08576,1.08597,1.08540,1.08542,1379.37
22.05.2024 00:00:00.000,1.08541,1.08600,1.08541,1.08577,1586.24
22.05.2024 01:00:00.000,1.08574,1.08619,1.08556,1.08601,2321.03
22.05.2024 02:00:00.000,1.08601,1.08637,1.08571,1.08593,3230.0701
22.05.2024 03:00:00.000,1.08594,1.08595,1.08538,1.08560,1793.3
22.05.2024 04:00:00.000,1.08561,1.08563,1.08529,1.08536,968.04
22.05.2024 05:00:00.000,1.08535,1.08569,1.08522,1.08561,1202.38
22.05.2024 06:00:00.000,1.08559,1.08635,1.08558,1.08616,5336.6099
22.05.2024 07:00:00.000,1.08617,1.08637,1.08504,1.08578,4580.8501
22.05.2024 08:00:00.000,1.08578,1.08584,1.08465,1.08487,4120.5898
22.05.2024 09:00:00.000,1.08485,1.08501,1.08413,1.08437,5010.0601
22.05.2024 10:00:00.000,1.08438,1.08464,1.08369,1.08378,5127.6699
22.05.2024 11:00:00.000,1.08376,1.08385,1.08220,1.08276,8454.9697
22.05.2024 12:00:00.000,1.08275,1.08369,1.08266,1.08320,9594.6299
22.05.2024 13:00:00.000,1.08320,1.08410,1.08319,1.08356,9273.3496
22.05.2024 14:00:00.000,1.08355,1.08401,1.08318,1.08336,11813.4502
22.05.2024 15:00:00.000,1.08336,1.08423,1.08332,1.08363,7321.9702
22.05.2024 16:00:00.000,1.08362,1.08444,1.08358,1.08426,4995.4199
22.05.2024 17:00:00.000,1.08425,1.08470,1.08344,1.08382,3945.0901
22.05.2024 18:00:00.000,1.08383,1.08388,1.08180,1.08215,14622.0195
22.05.2024 19:00:00.000,1.08216,1.08223,1.08176,1.08212,5255.2202
22.05.2024 20:00:00.000,1.08212,1.08237,1.08204,1.08230,2471.46
22.05.2024 21:00:00.000,1.08235,1.08255,1.08224,1.08252,1310
22.05.2024 22:00:00.000,1.08247,1.08264,1.08235,1.08255,1239.86
22.05.2024 23:00:00.000,1.08254,1.08271,1.08243,1.08252,1274.98
23.05.2024 00:00:00.000,1.08252,1.08289,1.08247,1.08256,4085.3799
23.05.2024 01:00:00.000,1.08255,1.08302,1.08249,1.08280,4040.6599
23.05.2024 02:00:00.000,1.08279,1.08294,1.08221,1.08285,3604.05
23.05.2024 03:00:00.000,1.08285,1.08314,1.08273,1.08305,1594.7
23.05.2024 04:00:00.000,1.08305,1.08325,1.08268,1.08269,1401.28
23.05.2024 05:00:00.000,1.08268,1.08285,1.08232,1.08241,1944.8101
23.05.2024 06:00:00.000,1.08238,1.08282,1.08216,1.08271,4760.29
23.05.2024 07:00:00.000,1.08270,1.08352,1.08126,1.08296,15174.6396
23.05.2024 08:00:00.000,1.08294,1.08450,1.08285,1.08387,10951.9004
23.05.2024 09:00:00.000,1.08388,1.08485,1.08337,1.08461,8470.9502
23.05.2024 10:00:00.000,1.08460,1.08485,1.08439,1.08454,4711.5898
23.05.2024 11:00:00.000,1.08455,1.08526,1.08432,1.08507,4573.3701
23.05.2024 12:00:00.000,1.08507,1.08545,1.08457,1.08529,10080.4199
23.05.2024 13:00:00.000,1.08530,1.08611,1.08284,1.08343,20118.3691
23.05.2024 14:00:00.000,1.08344,1.08426,1.08235,1.08246,21195.8203
23.05.2024 15:00:00.000,1.08248,1.08309,1.08205,1.08264,8941.9404
23.05.2024 16:00:00.000,1.08263,1.08312,1.08180,1.08184,4226.6699
23.05.2024 17:00:00.000,1.08184,1.08203,1.08086,1.08119,6529.6602
23.05.2024 18:00:00.000,1.08120,1.08139,1.08050,1.08054,5859.9199
23.05.2024 19:00:00.000,1.08053,1.08116,1.08049,1.08102,5496.6499
23.05.2024 20:00:00.000,1.08101,1.08161,1.08088,1.08158,1235.8101
23.05.2024 21:00:00.000,1.08158,1.08172,1.08135,1.08153,2594.1799
23.05.2024 22:00:00.000,1.08157,1.08158,1.08125,1.08136,1638.73
23.05.2024 23:00:00.000,1.08135,1.08151,1.08116,1.08117,897.6
24.05.2024 00:00:00.000,1.08117,1.08127,1.08076,1.08104,2284.79
24.05.2024 01:00:00.000,1.08104,1.08139,1.08082,1.08107,1803.91
24.05.2024 02:00:00.000,1.08108,1.08112,1.08073,1.08090,2265.8101
24.05.2024 03:00:00.000,1.08089,1.08093,1.08058,1.08064,1627.9
24.05.2024 04:00:00.000,1.08065,1.08104,1.08057,1.08093,1888.03
24.05.2024 05:00:00.000,1.08093,1.08113,1.08077,1.08107,2272.48
24.05.2024 06:00:00.000,1.08110,1.08181,1.08093,1.08129,5275.4199
24.05.2024 07:00:00.000,1.08130,1.08260,1.08130,1.08245,6460.96
24.05.2024 08:00:00.000,1.08244,1.08285,1.08199,1.08248,4841.77
24.05.2024 09:00:00.000,1.08248,1.08318,1.08238,1.08288,4533.9199
24.05.2024 10:00:00.000,1.08288,1.08443,1.08277,1.08404,5297.6201
24.05.2024 11:00:00.000,1.08404,1.08430,1.08346,1.08410,5173.3999
24.05.2024 12:00:00.000,1.08411,1.08538,1.08381,1.08515,11577.3496
24.05.2024 13:00:00.000,1.08515,1.08536,1.08421,1.08432,10004.2598
24.05.2024 14:00:00.000,1.08440,1.08509,1.08423,1.08462,15493.1201
24.05.2024 15:00:00.000,1.08462,1.08559,1.08457,1.08513,6611.8101
24.05.2024 16:00:00.000,1.08512,1.08579,1.08465,1.08473,3920.46
24.05.2024 17:00:00.000,1.08472,1.08529,1.08460,1.08522,4048.76
24.05.2024 18:00:00.000,1.08523,1.08535,1.08482,1.08498,4584.8901
24.05.2024 19:00:00.000,1.08498,1.08502,1.08477,1.08490,4297.8301
24.05.2024 20:00:00.000,1.08491,1.08493,1.08461,1.08476,1895.1801
24.05.2024 21:00:00.000,1.08476,1.08476,1.08476,1.08476,0
24.05.2024 22:00:00.000,1.08476,1.08476,1.08476,1.08476,0
24.05.2024 23:00:00.000,1.08476,1.08476,1.08476,1.08476,0
25.05.2024 00:00:00.000,1.08476,1.08476,1.08476,1.08476,0
25.05.2024 01:00:00.000,1.08476,1.08476,1.08476,1.08476,0
25.05.2024 02:00:00.000,1.08476,1.08476,1.08476,1.08476,0
25.05.2024 03:00:00.000,1.08476,1.08476,1.08476,1.08476,0
25.05.2024 04:00:00.000,1.08476,1.08476,1.08476,1.08476,0
25.05.2024 05:00:00.000,1.08476,1.08476,1.08476,1.08476,0
25.05.2024 06:00:00.000,1.08476,1.08476,1.08476,1.08476,0
25.05.2024 07:00:00.000,1.08476,1.08476,1.08476,1.08476,0
25.05.2024 08:00:00.000,1.08476,1.08476,1.08476,1.08476,0
25.05.2024 09:00:00.000,1.08476,1.08476,1.08476,1.08476,0
25.05.2024 10:00:00.000,1.08476,1.08476,1.08476,1.08476,0
25.05.2024 11:00:00.000,1.08476,1.08476,1.08476,1.08476,0
25.05.2024 12:00:00.000,1.08476,1.08476,1.08476,1.08476,0
25.05.2024 13:00:00.000,1.08476,1.08476,1.08476,1.08476,0
25.05.2024 14:00:00.000,1.08476,1.08476,1.08476,1.08476,0
25.05.2024 15:00:00.000,1.08476,1.08476,1.08476,1.08476,0
25.05.2024 16:00:00.000,1.08476,1.08476,1.08476,1.08476,0
25.05.2024 17:00:00.000,1.08476,1.08476,1.08476,1.08476,0
25.05.2024 18:00:00.000,1.08476,1.08476,1.08476,1.08476,0
25.05.2024 19:00:00.000,1.08476,1.08476,1.08476,1.08476,0
25.05.2024 20:00:00.000,1.08476,1.08476,1.08476,1.08476,0
25.05.2024 21:00:00.000,1.08476,1.08476,1.08476,1.08476,0
25.05.2024 22:00:00.000,1.08476,1.08476,1.08476,1.08476,0
25.05.2024 23:00:00.000,1.08476,1.08476,1.08476,1.08476,0
26.05.2024 00:00:00.000,1.08476,1.08476,1.08476,1.08476,0
26.05.2024 01:00:00.000,1.08476,1.08476,1.08476,1.08476,0
26.05.2024 02:00:00.000,1.08476,1.08476,1.08476,1.08476,0
26.05.2024 03:00:00.000,1.08476,1.08476,1.08476,1.08476,0
26.05.2024 04:00:00.000,1.08476,1.08476,1.08476,1.08476,0
26.05.2024 05:00:00.000,1.08476,1.08476,1.08476,1.08476,0
26.05.2024 06:00:00.000,1.08476,1.08476,1.08476,1.08476,0
26.05.2024 07:00:00.000,1.08476,1.08476,1.08476,1.08476,0
26.05.2024 08:00:00.000,1.08476,1.08476,1.08476,1.08476,0
26.05.2024 09:00:00.000,1.08476,1.08476,1.08476,1.08476,0
26.05.2024 10:00:00.000,1.08476,1.08476,1.08476,1.08476,0
26.05.2024 11:00:00.000,1.08476,1.08476,1.08476,1.08476,0
26.05.2024 12:00:00.000,1.08476,1.08476,1.08476,1.08476,0
26.05.2024 13:00:00.000,1.08476,1.08476,1.08476,1.08476,0
26.05.2024 14:00:00.000,1.08476,1.08476,1.08476,1.08476,0
26.05.2024 15:00:00.000,1.08476,1.08476,1.08476,1.08476,0
26.05.2024 16:00:00.000,1.08476,1.08476,1.08476,1.08476,0
26.05.2024 17:00:00.000,1.08476,1.08476,1.08476,1.08476,0
26.05.2024 18:00:00.000,1.08476,1.08476,1.08476,1.08476,0
26.05.2024 19:00:00.000,1.08476,1.08476,1.08476,1.08476,0
26.05.2024 20:00:00.000,1.08476,1.08476,1.08476,1.08476,0
26.05.2024 21:00:00.000,1.08540,1.08540,1.08446,1.08474,261.64
26.05.2024 22:00:00.000,1.08474,1.08516,1.08466,1.08506,1026.6899
26.05.2024 23:00:00.000,1.08504,1.08506,1.08462,1.08467,1293.04
27.05.2024 00:00:00.000,1.08468,1.08494,1.08467,1.08487,1563.49
27.05.2024 01:00:00.000,1.08489,1.08515,1.08487,1.08500,3725.98
27.05.2024 02:00:00.000,1.08501,1.08522,1.08484,1.08500,1880.58
27.05.2024 03:00:00.000,1.08501,1.08508,1.08478,1.08492,2122.8799
27.05.2024 04:00:00.000,1.08494,1.08497,1.08474,1.08488,1167.36
27.05.2024 05:00:00.000,1.08487,1.08495,1.08479,1.08491,2056.6699
27.05.2024 06:00:00.000,1.08492,1.08519,1.08443,1.08514,4407.6299
27.05.2024 07:00:00.000,1.08513,1.08525,1.08475,1.08508,3135.6399
27.05.2024 08:00:00.000,1.08508,1.08535,1.08452,1.08495,5102.6899
27.05.2024 09:00:00.000,1.08496,1.08673,1.08490,1.08673,6249.5298
27.05.2024 10:00:00.000,1.08674,1.08675,1.08538,1.08630,4078.1499
27.05.2024 11:00:00.000,1.08627,1.08643,1.08567,1.08576,3082.99
27.05.2024 12:00:00.000,1.08577,1.08602,1.08408,1.08492,12247.0801
27.05.2024 13:00:00.000,1.08493,1.08590,1.08445,1.08552,5118.7798
27.05.2024 14:00:00.000,1.08552,1.08598,1.08491,1.08585,5845.52
27.05.2024 15:00:00.000,1.08585,1.08601,1.08563,1.08596,3706.4199
27.05.2024 16:00:00.000,1.08597,1.08620,1.08597,1.08601,1402.66
27.05.2024 17:00:00.000,1.08601,1.08610,1.08574,1.08577,968.35
27.05.2024 18:00:00.000,1.08577,1.08589,1.08574,1.08576,774.81
27.05.2024 19:00:00.000,1.08576,1.08601,1.08574,1.08599,520.87
27.05.2024 20:00:00.000,1.08600,1.08609,1.08583,1.08597,405.09
27.05.2024 21:00:00.000,1.08599,1.08621,1.08558,1.08588,4181.3501
27.05.2024 22:00:00.000,1.08588,1.08606,1.08580,1.08600,950.34
27.05.2024 23:00:00.000,1.08599,1.08620,1.08591,1.08616,1803.25
28.05.2024 00:00:00.000,1.08617,1.08685,1.08610,1.08653,3745.6599
28.05.2024 01:00:00.000,1.08650,1.08736,1.08645,1.08725,5343.7998
28.05.2024 02:00:00.000,1.08725,1.08770,1.08717,1.08761,5475.1602
28.05.2024 03:00:00.000,1.08759,1.08787,1.08740,1.08785,6393.4199
28.05.2024 04:00:00.000,1.08785,1.08802,1.08758,1.08762,3420.1499
28.05.2024 05:00:00.000,1.08762,1.08782,1.08728,1.08752,3149.6201
28.05.2024 06:00:00.000,1.08753,1.08801,1.08739,1.08755,4234.9702
28.05.2024 07:00:00.000,1.08755,1.08791,1.08718,1.08776,5650.6201
28.05.2024 08:00:00.000,1.08775,1.08799,1.08672,1.08702,5048.6499
28.05.2024 09:00:00.000,1.08701,1.08777,1.08674,1.08771,7357.8398
28.05.2024 10:00:00.000,1.08771,1.08799,1.08756,1.08785,5317.1802
28.05.2024 11:00:00.000,1.08785,1.08891,1.08783,1.08842,6447.9902
28.05.2024 12:00:00.000,1.08841,1.08847,1.08748,1.08767,8609.2002
28.05.2024 13:00:00.000,1.08766,1.08803,1.08638,1.08643,13644.0996
28.05.2024 14:00:00.000,1.08643,1.08770,1.08581,1.08750,13353.04
28.05.2024 15:00:00.000,1.08751,1.08797,1.08713,1.08783,6997.9199
28.05.2024 16:00:00.000,1.08784,1.08789,1.08708,1.08749,4422.2002
28.05.2024 17:00:00.000,1.08748,1.08759,1.08646,1.08653,6008.3901
28.05.2024 18:00:00.000,1.08652,1.08653,1.08553,1.08586,5911.5698
28.05.2024 19:00:00.000,1.08586,1.08621,1.08560,1.08613,4174.8101
28.05.2024 20:00:00.000,1.08613,1.08616,1.08562,1.08570,1781.75
28.05.2024 21:00:00.000,1.08577,1.08613,1.08571,1.08594,1683.73
28.05.2024 22:00:00.000,1.08594,1.08609,1.08544,1.08567,1779.37
28.05.2024 23:00:00.000,1.08567,1.08572,1.08513,1.08514,3251.8799
29.05.2024 00:00:00.000,1.08515,1.08522,1.08478,1.08514,8937.7598
29.05.2024 01:00:00.000,1.08513,1.08570,1.08497,1.08518,7699.1299
29.05.2024 02:00:00.000,1.08517,1.08541,1.08462,1.08465,4365.3301
29.05.2024 03:00:00.000,1.08464,1.08486,1.08458,1.08472,2902.29
29.05.2024 04:00:00.000,1.08471,1.08485,1.08441,1.08478,1777.83
29.05.2024 05:00:00.000,1.08477,1.08489,1.08444,1.08447,3061.8601
29.05.2024 06:00:00.000,1.08447,1.08557,1.08447,1.08523,6062.3101
29.05.2024 07:00:00.000,1.08524,1.08589,1.08508,1.08523,7237.7402
29.05.2024 08:00:00.000,1.08523,1.08523,1.08294,1.08373,13665.7002
29.05.2024 09:00:00.000,1.08372,1.08563,1.08370,1.08517,6225.6602
29.05.2024 10:00:00.000,1.08513,1.08526,1.08412,1.08469,5096.6401
29.05.2024 11:00:00.000,1.08469,1.08520,1.08356,1.08501,8563.7197
29.05.2024 12:00:00.000,1.08501,1.08587,1.08462,1.08463,8765.0596
29.05.2024 13:00:00.000,1.08463,1.08470,1.08320,1.08385,15114.2197
29.05.2024 14:00:00.000,1.08386,1.08419,1.08113,1.08147,18335.0703
29.05.2024 15:00:00.000,1.08147,1.08173,1.08090,1.08111,11081.0596
29.05.2024 16:00:00.000,1.08112,1.08176,1.08075,1.08157,7203.7598
29.05.2024 17:00:00.000,1.08156,1.08162,1.08073,1.08136,5710.79
29.05.2024 18:00:00.000,1.08136,1.08155,1.08049,1.08061,3150.01
29.05.2024 19:00:00.000,1.08061,1.08063,1.08001,1.08018,4632.1001
29.05.2024 20:00:00.000,1.08019,1.08032,1.08001,1.08020,2218.1399
29.05.2024 21:00:00.000,1.08019,1.08060,1.08019,1.08049,1065.84
29.05.2024 22:00:00.000,1.08048,1.08052,1.08004,1.08012,1367.72
29.05.2024 23:00:00.000,1.08012,1.08026,1.07997,1.08014,2196.22
30.05.2024 00:00:00.000,1.08013,1.08013,1.07955,1.07965,4113.5698
30.05.2024 01:00:00.000,1.07967,1.08046,1.07956,1.07985,4421.6802
30.05.2024 02:00:00.000,1.07985,1.07998,1.07940,1.07976,2840.0801
30.05.2024 03:00:00.000,1.07977,1.07990,1.07962,1.07981,2428.1799
30.05.2024 04:00:00.000,1.07982,1.07987,1.07922,1.07960,3838.29
30.05.2024 05:00:00.000,1.07960,1.07960,1.07885,1.07902,3658.24
30.05.2024 06:00:00.000,1.07902,1.07968,1.07897,1.07957,9195.1104
30.05.2024 07:00:00.000,1.07958,1.08113,1.07932,1.08087,9465.6904
30.05.2024 08:00:00.000,1.08085,1.08187,1.08034,1.08152,8345.0195
30.05.2024 09:00:00.000,1.08152,1.08184,1.08115,1.08130,7506.1001
30.05.2024 10:00:00.000,1.08130,1.08200,1.08085,1.08177,6648.77
30.05.2024 11:00:00.000,1.08177,1.08218,1.08140,1.08185,4339.2598
30.05.2024 12:00:00.000,1.08184,1.08330,1.08130,1.08292,13622.5
30.05.2024 13:00:00.000,1.08294,1.08339,1.08256,1.08293,12806.2002
30.05.2024 14:00:00.000,1.08295,1.08445,1.08290,1.08408,12576.2402
30.05.2024 15:00:00.000,1.08409,1.08452,1.08362,1.08363,8448.3096
30.05.2024 16:00:00.000,1.08365,1.08422,1.08361,1.08401,4065.1899
30.05.2024 17:00:00.000,1.08401,1.08434,1.08391,1.08392,2935.3201
30.05.2024 18:00:00.000,1.08392,1.08401,1.08353,1.08369,3248.6599
30.05.2024 19:00:00.000,1.08369,1.08369,1.08270,1.08303,5742.3599
30.05.2024 20:00:00.000,1.08302,1.08329,1.08291,1.08322,2227.54
30.05.2024 21:00:00.000,1.08331,1.08358,1.08312,1.08342,1460.3101
30.05.2024 22:00:00.000,1.08336,1.08341,1.08326,1.08337,794.86
30.05.2024 23:00:00.000,1.08337,1.08337,1.08312,1.08316,1439.08
31.05.2024 00:00:00.000,1.08315,1.08336,1.08295,1.08323,4909.52
31.05.2024 01:00:00.000,1.08323,1.08338,1.08204,1.08205,5375.6802
31.05.2024 02:00:00.000,1.08203,1.08226,1.08115,1.08115,4610.2402
31.05.2024 03:00:00.000,1.08114,1.08202,1.08113,1.08193,7819.4399
31.05.2024 04:00:00.000,1.08194,1.08196,1.08156,1.08186,2804.6599
31.05.2024 05:00:00.000,1.08185,1.08214,1.08172,1.08197,4032.6299
31.05.2024 06:00:00.000,1.08198,1.08257,1.08147,1.08242,6913.3901
31.05.2024 07:00:00.000,1.08241,1.08252,1.08168,1.08230,8183.9502
31.05.2024 08:00:00.000,1.08229,1.08387,1.08226,1.08346,7491.8901
31.05.2024 09:00:00.000,1.08347,1.08481,1.08344,1.08476,7977
31.05.2024 10:00:00.000,1.08478,1.08516,1.08447,1.08498,6504.0698
31.05.2024 11:00:00.000,1.08499,1.08553,1.08483,1.08528,5900.0898
31.05.2024 12:00:00.000,1.08527,1.08826,1.08498,1.08803,19018.6191
31.05.2024 13:00:00.000,1.08804,1.08809,1.08654,1.08690,21078.4707
31.05.2024 14:00:00.000,1.08690,1.08777,1.08513,1.08557,21072.0801
31.05.2024 15:00:00.000,1.08558,1.08591,1.08419,1.08462,19312.9004
31.05.2024 16:00:00.000,1.08462,1.08522,1.08399,1.08474,6008.3701
31.05.2024 17:00:00.000,1.08471,1.08529,1.08455,1.08471,3138.51
31.05.2024 18:00:00.000,1.08472,1.08492,1.08411,1.08426,2909.97
31.05.2024 19:00:00.000,1.08426,1.08514,1.08408,1.08513,5876.96
31.05.2024 20:00:00.000,1.08511,1.08523,1.08464,1.08506,3762.9099
31.05.2024 21:00:00.000,1.08506,1.08506,1.08506,1.08506,0
31.05.2024 22:00:00.000,1.08506,1.08506,1.08506,1.08506,0
31.05.2024 23:00:00.000,1.08506,1.08506,1.08506,1.08506,0
01.06.2024 00:00:00.000,1.08506,1.08506,1.08506,1.08506,0
01.06.2024 01:00:00.000,1.08506,1.08506,1.08506,1.08506,0
01.06.2024 02:00:00.000,1.08506,1.08506,1.08506,1.08506,0
01.06.2024 03:00:00.000,1.08506,1.08506,1.08506,1.08506,0
01.06.2024 04:00:00.000,1.08506,1.08506,1.08506,1.08506,0
01.06.2024 05:00:00.000,1.08506,1.08506,1.08506,1.08506,0
01.06.2024 06:00:00.000,1.08506,1.08506,1.08506,1.08506,0
01.06.2024 07:00:00.000,1.08506,1.08506,1.08506,1.08506,0
01.06.2024 08:00:00.000,1.08506,1.08506,1.08506,1.08506,0
01.06.2024 09:00:00.000,1.08506,1.08506,1.08506,1.08506,0
01.06.2024 10:00:00.000,1.08506,1.08506,1.08506,1.08506,0
01.06.2024 11:00:00.000,1.08506,1.08506,1.08506,1.08506,0
01.06.2024 12:00:00.000,1.08506,1.08506,1.08506,1.08506,0
01.06.2024 13:00:00.000,1.08506,1.08506,1.08506,1.08506,0
01.06.2024 14:00:00.000,1.08506,1.08506,1.08506,1.08506,0
01.06.2024 15:00:00.000,1.08506,1.08506,1.08506,1.08506,0
01.06.2024 16:00:00.000,1.08506,1.08506,1.08506,1.08506,0
01.06.2024 17:00:00.000,1.08506,1.08506,1.08506,1.08506,0
01.06.2024 18:00:00.000,1.08506,1.08506,1.08506,1.08506,0
01.06.2024 19:00:00.000,1.08506,1.08506,1.08506,1.08506,0
01.06.2024 20:00:00.000,1.08506,1.08506,1.08506,1.08506,0
01.06.2024 21:00:00.000,1.08506,1.08506,1.08506,1.08506,0
01.06.2024 22:00:00.000,1.08506,1.08506,1.08506,1.08506,0
01.06.2024 23:00:00.000,1.08506,1.08506,1.08506,1.08506,0
02.06.2024 00:00:00.000,1.08506,1.08506,1.08506,1.08506,0
02.06.2024 01:00:00.000,1.08506,1.08506,1.08506,1.08506,0
02.06.2024 02:00:00.000,1.08506,1.08506,1.08506,1.08506,0
02.06.2024 03:00:00.000,1.08506,1.08506,1.08506,1.08506,0
02.06.2024 04:00:00.000,1.08506,1.08506,1.08506,1.08506,0
02.06.2024 05:00:00.000,1.08506,1.08506,1.08506,1.08506,0
02.06.2024 06:00:00.000,1.08506,1.08506,1.08506,1.08506,0
02.06.2024 07:00:00.000,1.08506,1.08506,1.08506,1.08506,0
02.06.2024 08:00:00.000,1.08506,1.08506,1.08506,1.08506,0
02.06.2024 09:00:00.000,1.08506,1.08506,1.08506,1.08506,0
02.06.2024 10:00:00.000,1.08506,1.08506,1.08506,1.08506,0
02.06.2024 11:00:00.000,1.08506,1.08506,1.08506,1.08506,0
02.06.2024 12:00:00.000,1.08506,1.08506,1.08506,1.08506,0
02.06.2024 13:00:00.000,1.08506,1.08506,1.08506,1.08506,0
02.06.2024 14:00:00.000,1.08506,1.08506,1.08506,1.08506,0
02.06.2024 15:00:00.000,1.08506,1.08506,1.08506,1.08506,0
02.06.2024 16:00:00.000,1.08506,1.08506,1.08506,1.08506,0
02.06.2024 17:00:00.000,1.08506,1.08506,1.08506,1.08506,0
02.06.2024 18:00:00.000,1.08506,1.08506,1.08506,1.08506,0
02.06.2024 19:00:00.000,1.08506,1.08506,1.08506,1.08506,0
02.06.2024 20:00:00.000,1.08506,1.08506,1.08506,1.08506,0
02.06.2024 21:00:00.000,1.08541,1.08541,1.08464,1.08493,1546.9
02.06.2024 22:00:00.000,1.08490,1.08546,1.08484,1.08515,1823.88
02.06.2024 23:00:00.000,1.08515,1.08532,1.08505,1.08528,2019.26
03.06.2024 00:00:00.000,1.08529,1.08577,1.08514,1.08565,3580.6599
03.06.2024 01:00:00.000,1.08566,1.08588,1.08549,1.08578,3350.6599
03.06.2024 02:00:00.000,1.08578,1.08581,1.08521,1.08541,4710.77
03.06.2024 03:00:00.000,1.08542,1.08572,1.08495,1.08498,3518.01
03.06.2024 04:00:00.000,1.08498,1.08548,1.08494,1.08521,3659.8
03.06.2024 05:00:00.000,1.08521,1.08542,1.08484,1.08527,3959.6101
03.06.2024 06:00:00.000,1.08526,1.08588,1.08468,1.08566,7119.8398
03.06.2024 07:00:00.000,1.08566,1.08588,1.08398,1.08400,7487.1899
03.06.2024 08:00:00.000,1.08399,1.08425,1.08336,1.08401,9223.7002
03.06.2024 09:00:00.000,1.08402,1.08413,1.08323,1.08350,6307.5898
03.06.2024 10:00:00.000,1.08351,1.08391,1.08280,1.08372,7476.9399
03.06.2024 11:00:00.000,1.08371,1.08450,1.08371,1.08433,6754.9102
03.06.2024 12:00:00.000,1.08435,1.08500,1.08406,1.08445,9304.54
03.06.2024 13:00:00.000,1.08445,1.08540,1.08445,1.08521,7533.5898
03.06.2024 14:00:00.000,1.08603,1.08826,1.08601,1.08701,19777.7402
03.06.2024 15:00:00.000,1.08701,1.08905,1.08698,1.08898,8877.5996
03.06.2024 16:00:00.000,1.08898,1.08906,1.08813,1.08853,6044.0298
03.06.2024 17:00:00.000,1.08851,1.08888,1.08815,1.08881,5211.1802
03.06.2024 18:00:00.000,1.08881,1.08978,1.08869,1.08974,6460.4199
03.06.2024 19:00:00.000,1.08972,1.09001,1.08963,1.09000,7444.5698
03.06.2024 20:00:00.000,1.08999,1.09049,1.08997,1.09049,1687.36
03.06.2024 21:00:00.000,1.09050,1.09050,1.09019,1.09033,2148.95
03.06.2024 22:00:00.000,1.09041,1.09100,1.09041,1.09075,978.62
03.06.2024 23:00:00.000,1.09073,1.09092,1.09065,1.09074,1766.4
04.06.2024 00:00:00.000,1.09075,1.09161,1.09075,1.09130,4176.0698
04.06.2024 01:00:00.000,1.09129,1.09139,1.09071,1.09078,4679.6401
04.06.2024 02:00:00.000,1.09077,1.09088,1.09052,1.09078,3668.8201
04.06.2024 03:00:00.000,1.09079,1.09100,1.09070,1.09076,5250.96
04.06.2024 04:00:00.000,1.09075,1.09100,1.09068,1.09095,3455.55
04.06.2024 05:00:00.000,1.09094,1.09109,1.09028,1.09031,3002.79
04.06.2024 06:00:00.000,1.09032,1.09050,1.08966,1.08973,6799.8901
04.06.2024 07:00:00.000,1.08972,1.08987,1.08848,1.08903,10727.5801
04.06.2024 08:00:00.000,1.08903,1.08908,1.08741,1.08809,14460.2197
04.06.2024 09:00:00.000,1.08809,1.08821,1.08695,1.08718,14384.25
04.06.2024 10:00:00.000,1.08719,1.08719,1.08633,1.08665,11307.79
04.06.2024 11:00:00.000,1.08665,1.08708,1.08591,1.08616,11451.2695
04.06.2024 12:00:00.000,1.08617,1.08702,1.08617,1.08647,11388.0195
04.06.2024 13:00:00.000,1.08647,1.08718,1.08622,1.08678,9956.8496
04.06.2024 14:00:00.000,1.08667,1.08823,1.08633,1.08803,21176.1602
04.06.2024 15:00:00.000,1.08803,1.08836,1.08751,1.08777,10907.4199
04.06.2024 16:00:00.000,1.08779,1.08836,1.08776,1.08804,7165.7002
04.06.2024 17:00:00.000,1.08803,1.08878,1.08783,1.08835,6714.6802
04.06.2024 18:00:00.000,1.08833,1.08868,1.08803,1.08824,4864.6899
04.06.2024 19:00:00.000,1.08824,1.08828,1.08786,1.08811,3877.02
04.06.2024 20:00:00.000,1.08810,1.08812,1.08784,1.08795,2469.8601
04.06.2024 21:00:00.000,1.08797,1.08827,1.08786,1.08800,1012.82
04.06.2024 22:00:00.000,1.08801,1.08803,1.08787,1.08799,512.61
04.06.2024 23:00:00.000,1.08798,1.08822,1.08797,1.08818,862.14
05.06.2024 00:00:00.000,1.08818,1.08862,1.08786,1.08843,3829.9199
05.06.2024 01:00:00.000,1.08843,1.08862,1.08807,1.08841,2895.74
05.06.2024 02:00:00.000,1.08841,1.08858,1.08830,1.08834,2928.1499
05.06.2024 03:00:00.000,1.08835,1.08838,1.08767,1.08786,3178.5801
05.06.2024 04:00:00.000,1.08784,1.08810,1.08774,1.08807,2921.0901
05.06.2024 05:00:00.000,1.08808,1.08824,1.08761,1.08793,3330.72
05.06.2024 06:00:00.000,1.08793,1.08802,1.08723,1.08760,5304.8999
05.06.2024 07:00:00.000,1.08759,1.08796,1.08710,1.08718,7468.4199
05.06.2024 08:00:00.000,1.08717,1.08769,1.08702,1.08760,4998.3599
05.06.2024 09:00:00.000,1.08758,1.08774,1.08716,1.08737,5321.73
05.06.2024 10:00:00.000,1.08737,1.08737,1.08651,1.08687,4959.27
05.06.2024 11:00:00.000,1.08685,1.08694,1.08600,1.08683,6530.8799
05.06.2024 12:00:00.000,1.08684,1.08844,1.08681,1.08841,11727.7803
05.06.2024 13:00:00.000,1.08841,1.08919,1.08816,1.08901,14432.21
05.06.2024 14:00:00.000,1.08911,1.08916,1.08622,1.08664,25974.8398
05.06.2024 15:00:00.000,1.08665,1.08709,1.08630,1.08651,10842.8799
05.06.2024 16:00:00.000,1.08649,1.08688,1.08546,1.08643,7054.5801
05.06.2024 17:00:00.000,1.08644,1.08677,1.08607,1.08674,3495.3799
05.06.2024 18:00:00.000,1.08673,1.08774,1.08660,1.08757,3719.48
05.06.2024 19:00:00.000,1.08757,1.08767,1.08726,1.08742,3110.8701
05.06.2024 20:00:00.000,1.08743,1.08743,1.08681,1.08695,2889.45
05.06.2024 21:00:00.000,1.08695,1.08734,1.08693,1.08718,1639.76
05.06.2024 22:00:00.000,1.08718,1.08733,1.08692,1.08732,982.19
05.06.2024 23:00:00.000,1.08731,1.08748,1.08730,1.08742,2419.3799
06.06.2024 00:00:00.000,1.08742,1.08826,1.08740,1.08822,4618.3799
06.06.2024 01:00:00.000,1.08823,1.08945,1.08823,1.08943,5051.8501
06.06.2024 02:00:00.000,1.08943,1.08959,1.08882,1.08921,3906.28
06.06.2024 03:00:00.000,1.08921,1.08937,1.08898,1.08908,1472.35
06.06.2024 04:00:00.000,1.08909,1.08909,1.08868,1.08873,2407.22
06.06.2024 05:00:00.000,1.08873,1.08877,1.08823,1.08850,3471.9399
06.06.2024 06:00:00.000,1.08850,1.08850,1.08772,1.08841,6584.71
06.06.2024 07:00:00.000,1.08842,1.08884,1.08760,1.08784,6124.4502
06.06.2024 08:00:00.000,1.08782,1.08791,1.08713,1.08775,4777.8799
06.06.2024 09:00:00.000,1.08772,1.08822,1.08757,1.08801,4225.4902
06.06.2024 10:00:00.000,1.08800,1.08820,1.08754,1.08765,3866.71
06.06.2024 11:00:00.000,1.08765,1.08771,1.08621,1.08677,8112.54
06.06.2024 12:00:00.000,1.08678,1.09021,1.08645,1.08818,26373.8809
06.06.2024 13:00:00.000,1.08816,1.08910,1.08721,1.08853,24826.2598
06.06.2024 14:00:00.000,1.08853,1.08915,1.08730,1.08781,12525.6201
06.06.2024 15:00:00.000,1.08781,1.08870,1.08777,1.08822,7619.7598
06.06.2024 16:00:00.000,1.08822,1.08878,1.08800,1.08820,4218
06.06.2024 17:00:00.000,1.08819,1.08938,1.08812,1.08923,4812.8198
06.06.2024 18:00:00.000,1.08922,1.08944,1.08862,1.08931,5490.27
06.06.2024 19:00:00.000,1.08931,1.08943,1.08885,1.08894,4136.75
06.06.2024 20:00:00.000,1.08894,1.08933,1.08888,1.08914,1691.8
06.06.2024 21:00:00.000,1.08925,1.08930,1.08899,1.08900,1098.61
06.06.2024 22:00:00.000,1.08901,1.08935,1.08900,1.08922,571.85
06.06.2024 23:00:00.000,1.08922,1.08930,1.08909,1.08919,1592.4301
07.06.2024 00:00:00.000,1.08917,1.08927,1.08870,1.08896,4502.9399
07.06.2024 01:00:00.000,1.08897,1.08959,1.08874,1.08958,4227.25
07.06.2024 02:00:00.000,1.08958,1.08980,1.08946,1.08971,3322.76
07.06.2024 03:00:00.000,1.08970,1.08980,1.08938,1.08947,3947.95
07.06.2024 04:00:00.000,1.08947,1.08969,1.08938,1.08954,2125.23
07.06.2024 05:00:00.000,1.08955,1.08956,1.08895,1.08909,3246.4399
07.06.2024 06:00:00.000,1.08909,1.08967,1.08881,1.08924,6322.9302
07.06.2024 07:00:00.000,1.08924,1.08985,1.08898,1.08928,10697.2002
07.06.2024 08:00:00.000,1.08928,1.08931,1.08833,1.08892,9632.2305
07.06.2024 09:00:00.000,1.08892,1.08964,1.08882,1.08919,8832.8203
07.06.2024 10:00:00.000,1.08919,1.08946,1.08885,1.08888,4758.5898
07.06.2024 11:00:00.000,1.08887,1.09019,1.08875,1.08985,8261.1699
07.06.2024 12:00:00.000,1.08986,1.09035,1.08241,1.08334,36004
07.06.2024 13:00:00.000,1.08333,1.08359,1.08178,1.08196,27153.3398
07.06.2024 14:00:00.000,1.08196,1.08258,1.08105,1.08127,24343.1797
07.06.2024 15:00:00.000,1.08126,1.08130,1.08043,1.08066,11729.4502
07.06.2024 16:00:00.000,1.08066,1.08123,1.08034,1.08053,8806.5098
07.06.2024 17:00:00.000,1.08052,1.08063,1.08010,1.08052,4545.1699
07.06.2024 18:00:00.000,1.08052,1.08070,1.08009,1.08056,8671.6299
07.06.2024 19:00:00.000,1.08054,1.08073,1.08002,1.08004,6476.5898
07.06.2024 20:00:00.000,1.08004,1.08042,1.07998,1.08040,2657.8101
07.06.2024 21:00:00.000,1.08040,1.08040,1.08040,1.08040,0
07.06.2024 22:00:00.000,1.08040,1.08040,1.08040,1.08040,0
07.06.2024 23:00:00.000,1.08040,1.08040,1.08040,1.08040,0
08.06.2024 00:00:00.000,1.08040,1.08040,1.08040,1.08040,0
08.06.2024 01:00:00.000,1.08040,1.08040,1.08040,1.08040,0
08.06.2024 02:00:00.000,1.08040,1.08040,1.08040,1.08040,0
08.06.2024 03:00:00.000,1.08040,1.08040,1.08040,1.08040,0
08.06.2024 04:00:00.000,1.08040,1.08040,1.08040,1.08040,0
08.06.2024 05:00:00.000,1.08040,1.08040,1.08040,1.08040,0
08.06.2024 06:00:00.000,1.08040,1.08040,1.08040,1.08040,0
08.06.2024 07:00:00.000,1.08040,1.08040,1.08040,1.08040,0
08.06.2024 08:00:00.000,1.08040,1.08040,1.08040,1.08040,0
08.06.2024 09:00:00.000,1.08040,1.08040,1.08040,1.08040,0
08.06.2024 10:00:00.000,1.08040,1.08040,1.08040,1.08040,0
08.06.2024 11:00:00.000,1.08040,1.08040,1.08040,1.08040,0
08.06.2024 12:00:00.000,1.08040,1.08040,1.08040,1.08040,0
08.06.2024 13:00:00.000,1.08040,1.08040,1.08040,1.08040,0
08.06.2024 14:00:00.000,1.08040,1.08040,1.08040,1.08040,0
08.06.2024 15:00:00.000,1.08040,1.08040,1.08040,1.08040,0
08.06.2024 16:00:00.000,1.08040,1.08040,1.08040,1.08040,0
08.06.2024 17:00:00.000,1.08040,1.08040,1.08040,1.08040,0
08.06.2024 18:00:00.000,1.08040,1.08040,1.08040,1.08040,0
08.06.2024 19:00:00.000,1.08040,1.08040,1.08040,1.08040,0
08.06.2024 20:00:00.000,1.08040,1.08040,1.08040,1.08040,0
08.06.2024 21:00:00.000,1.08040,1.08040,1.08040,1.08040,0
08.06.2024 22:00:00.000,1.08040,1.08040,1.08040,1.08040,0
08.06.2024 23:00:00.000,1.08040,1.08040,1.08040,1.08040,0
09.06.2024 00:00:00.000,1.08040,1.08040,1.08040,1.08040,0
09.06.2024 01:00:00.000,1.08040,1.08040,1.08040,1.08040,0
09.06.2024 02:00:00.000,1.08040,1.08040,1.08040,1.08040,0
09.06.2024 03:00:00.000,1.08040,1.08040,1.08040,1.08040,0
09.06.2024 04:00:00.000,1.08040,1.08040,1.08040,1.08040,0
09.06.2024 05:00:00.000,1.08040,1.08040,1.08040,1.08040,0
09.06.2024 06:00:00.000,1.08040,1.08040,1.08040,1.08040,0
09.06.2024 07:00:00.000,1.08040,1.08040,1.08040,1.08040,0
09.06.2024 08:00:00.000,1.08040,1.08040,1.08040,1.08040,0
09.06.2024 09:00:00.000,1.08040,1.08040,1.08040,1.08040,0
09.06.2024 10:00:00.000,1.08040,1.08040,1.08040,1.08040,0
09.06.2024 11:00:00.000,1.08040,1.08040,1.08040,1.08040,0
09.06.2024 12:00:00.000,1.08040,1.08040,1.08040,1.08040,0
09.06.2024 13:00:00.000,1.08040,1.08040,1.08040,1.08040,0
09.06.2024 14:00:00.000,1.08040,1.08040,1.08040,1.08040,0
09.06.2024 15:00:00.000,1.08040,1.08040,1.08040,1.08040,0
09.06.2024 16:00:00.000,1.08040,1.08040,1.08040,1.08040,0
09.06.2024 17:00:00.000,1.08040,1.08040,1.08040,1.08040,0
09.06.2024 18:00:00.000,1.08040,1.08040,1.08040,1.08040,0
09.06.2024 19:00:00.000,1.08040,1.08040,1.08040,1.08040,0
09.06.2024 20:00:00.000,1.08040,1.08040,1.08040,1.08040,0
09.06.2024 21:00:00.000,1.07784,1.07828,1.07664,1.07733,2873.05
09.06.2024 22:00:00.000,1.07727,1.07787,1.07654,1.07774,3507.5601
09.06.2024 23:00:00.000,1.07775,1.07801,1.07759,1.07789,2429.02
10.06.2024 00:00:00.000,1.07789,1.07817,1.07740,1.07780,6953.0601
10.06.2024 01:00:00.000,1.07782,1.07801,1.07723,1.07748,6192.2002
10.06.2024 02:00:00.000,1.07749,1.07751,1.07669,1.07676,3748.1799
10.06.2024 03:00:00.000,1.07677,1.07685,1.07557,1.07557,2697.99
10.06.2024 04:00:00.000,1.07557,1.07559,1.07482,1.07544,4361.0801
10.06.2024 05:00:00.000,1.07544,1.07558,1.07482,1.07537,4521
10.06.2024 06:00:00.000,1.07537,1.07588,1.07492,1.07520,8982.1699
10.06.2024 07:00:00.000,1.07520,1.07666,1.07481,1.07646,11532.0596
10.06.2024 08:00:00.000,1.07645,1.07683,1.07551,1.07569,7808.21
10.06.2024 09:00:00.000,1.07568,1.07592,1.07407,1.07433,6971.4399
10.06.2024 10:00:00.000,1.07433,1.07440,1.07329,1.07371,7105.3799
10.06.2024 11:00:00.000,1.07371,1.07548,1.07370,1.07538,8309.3496
10.06.2024 12:00:00.000,1.07538,1.07605,1.07413,1.07414,9908.7002
10.06.2024 13:00:00.000,1.07413,1.07492,1.07372,1.07403,9992.75
10.06.2024 14:00:00.000,1.07405,1.07449,1.07338,1.07338,9543.1104
10.06.2024 15:00:00.000,1.07338,1.07503,1.07333,1.07502,13659.0303
10.06.2024 16:00:00.000,1.07503,1.07589,1.07503,1.07542,5313.6499
10.06.2024 17:00:00.000,1.07542,1.07606,1.07505,1.07596,4357.1899
10.06.2024 18:00:00.000,1.07595,1.07624,1.07568,1.07618,3052.3501
10.06.2024 19:00:00.000,1.07617,1.07658,1.07614,1.07631,3808.8501
10.06.2024 20:00:00.000,1.07631,1.07668,1.07616,1.07653,1724.78
10.06.2024 21:00:00.000,1.07653,1.07670,1.07600,1.07659,1990.86
10.06.2024 22:00:00.000,1.07659,1.07684,1.07646,1.07656,892.35
10.06.2024 23:00:00.000,1.07654,1.07656,1.07628,1.07636,1748.05
11.06.2024 00:00:00.000,1.07636,1.07650,1.07615,1.07638,4183.7202
11.06.2024 01:00:00.000,1.07638,1.07684,1.07625,1.07670,4799.4902
11.06.2024 02:00:00.000,1.07670,1.07691,1.07650,1.07681,3519.71
11.06.2024 03:00:00.000,1.07680,1.07693,1.07668,1.07687,2682.99
11.06.2024 04:00:00.000,1.07685,1.07707,1.07680,1.07685,1947.38
11.06.2024 05:00:00.000,1.07685,1.07700,1.07644,1.07657,3775.6201
11.06.2024 06:00:00.000,1.07656,1.07737,1.07656,1.07683,7507.9702
11.06.2024 07:00:00.000,1.07682,1.07696,1.07613,1.07641,6377.6602
11.06.2024 08:00:00.000,1.07641,1.07647,1.07437,1.07454,7683.23
11.06.2024 09:00:00.000,1.07453,1.07540,1.07405,1.07509,11966.7598
11.06.2024 10:00:00.000,1.07510,1.07565,1.07367,1.07411,8740.7197
11.06.2024 11:00:00.000,1.07412,1.07416,1.07239,1.07292,8330.3896
11.06.2024 12:00:00.000,1.07292,1.07365,1.07243,1.07325,13410.4404
11.06.2024 13:00:00.000,1.07324,1.07367,1.07196,1.07242,13335.7305
11.06.2024 14:00:00.000,1.07242,1.07295,1.07199,1.07226,9603.54
11.06.2024 15:00:00.000,1.07225,1.07337,1.07221,1.07325,7501.27
11.06.2024 16:00:00.000,1.07325,1.07390,1.07325,1.07376,5487.9702
11.06.2024 17:00:00.000,1.07377,1.07434,1.07369,1.07424,4860.8599
11.06.2024 18:00:00.000,1.07423,1.07454,1.07407,1.07437,4776.7998
11.06.2024 19:00:00.000,1.07436,1.07496,1.07402,1.07403,4763.4102
11.06.2024 20:00:00.000,1.07402,1.07421,1.07392,1.07411,2329.23
11.06.2024 21:00:00.000,1.07411,1.07442,1.07403,1.07424,1661.35
11.06.2024 22:00:00.000,1.07421,1.07429,1.07410,1.07412,716.94
11.06.2024 23:00:00.000,1.07412,1.07418,1.07394,1.07401,920.77
12.06.2024 00:00:00.000,1.07401,1.07401,1.07350,1.07362,3075.05
12.06.2024 01:00:00.000,1.07363,1.07419,1.07347,1.07401,3846.1399
12.06.2024 02:00:00.000,1.07402,1.07429,1.07394,1.07420,3862.8301
12.06.2024 03:00:00.000,1.07421,1.07433,1.07402,1.07404,4570.4902
12.06.2024 04:00:00.000,1.07404,1.07407,1.07366,1.07369,3090.1599
12.06.2024 05:00:00.000,1.07365,1.07462,1.07363,1.07461,4909.1699
12.06.2024 06:00:00.000,1.07461,1.07472,1.07391,1.07415,7455.79
12.06.2024 07:00:00.000,1.07416,1.07456,1.07358,1.07448,5861.1099
12.06.2024 08:00:00.000,1.07448,1.07540,1.07446,1.07468,7714.8198
12.06.2024 09:00:00.000,1.07469,1.07541,1.07442,1.07528,9599.5
12.06.2024 10:00:00.000,1.07528,1.07603,1.07492,1.07588,5615.2998
12.06.2024 11:00:00.000,1.07589,1.07656,1.07574,1.07644,8896.6396
12.06.2024 12:00:00.000,1.07645,1.08302,1.07622,1.08268,24124.1699
12.06.2024 13:00:00.000,1.08266,1.08375,1.08192,1.08367,28577.0508
12.06.2024 14:00:00.000,1.08367,1.08497,1.08178,1.08482,22967.7207
12.06.2024 15:00:00.000,1.08482,1.08525,1.08420,1.08426,11307.1299
12.06.2024 16:00:00.000,1.08427,1.08482,1.08417,1.08442,8897.3398
12.06.2024 17:00:00.000,1.08442,1.08459,1.08363,1.08418,8134.7798
12.06.2024 18:00:00.000,1.08417,1.08464,1.08077,1.08121,64763.4883
12.06.2024 19:00:00.000,1.08121,1.08184,1.08039,1.08067,19166.1699
12.06.2024 20:00:00.000,1.08067,1.08119,1.08043,1.08094,2877.9199
12.06.2024 21:00:00.000,1.08095,1.08167,1.08087,1.08144,3203.1399
12.06.2024 22:00:00.000,1.08145,1.08149,1.08102,1.08112,2118.5701
12.06.2024 23:00:00.000,1.08112,1.08153,1.08109,1.08128,2153.24
13.06.2024 00:00:00.000,1.08128,1.08158,1.08108,1.08131,4328.54
13.06.2024 01:00:00.000,1.08130,1.08159,1.08040,1.08048,3912.03
13.06.2024 02:00:00.000,1.08048,1.08087,1.08042,1.08082,3790.1699
13.06.2024 03:00:00.000,1.08082,1.08093,1.08056,1.08069,2018
13.06.2024 04:00:00.000,1.08069,1.08073,1.08033,1.08040,2153.54
13.06.2024 05:00:00.000,1.08041,1.08073,1.08006,1.08048,2864.4099
13.06.2024 06:00:00.000,1.08047,1.08072,1.08009,1.08023,6356.96
13.06.2024 07:00:00.000,1.08023,1.08165,1.08023,1.08145,11160.5801
13.06.2024 08:00:00.000,1.08145,1.08146,1.08052,1.08063,7123.6099
13.06.2024 09:00:00.000,1.08064,1.08116,1.08019,1.08021,7171.98
13.06.2024 10:00:00.000,1.08020,1.08096,1.07933,1.07944,8531.4199
13.06.2024 11:00:00.000,1.07943,1.07970,1.07829,1.07834,8201.9902
13.06.2024 12:00:00.000,1.07835,1.08167,1.07807,1.07938,27166.8203
13.06.2024 13:00:00.000,1.07939,1.08078,1.07860,1.07875,17761.7207
13.06.2024 14:00:00.000,1.07876,1.07906,1.07631,1.07716,22699.2695
13.06.2024 15:00:00.000,1.07717,1.07724,1.07535,1.07556,12205.4697
13.06.2024 16:00:00.000,1.07555,1.07557,1.07330,1.07353,10076.1104
13.06.2024 17:00:00.000,1.07354,1.07441,1.07353,1.07424,14295.9404
13.06.2024 18:00:00.000,1.07424,1.07432,1.07362,1.07395,3255.8201
13.06.2024 19:00:00.000,1.07395,1.07432,1.07382,1.07408,3485.6399
13.06.2024 20:00:00.000,1.07407,1.07434,1.07372,1.07383,2373.6499
13.06.2024 21:00:00.000,1.07384,1.07411,1.07373,1.07406,1495.48
13.06.2024 22:00:00.000,1.07398,1.07403,1.07353,1.07390,1639.35
13.06.2024 23:00:00.000,1.07391,1.07407,1.07372,1.07376,2696.01
14.06.2024 00:00:00.000,1.07377,1.07410,1.07364,1.07366,7240.8999
14.06.2024 01:00:00.000,1.07365,1.07420,1.07354,1.07417,8392.9404
14.06.2024 02:00:00.000,1.07416,1.07438,1.07405,1.07431,7056.8599
14.06.2024 03:00:00.000,1.07430,1.07451,1.07383,1.07404,6907.1699
14.06.2024 04:00:00.000,1.07405,1.07411,1.07352,1.07365,4015.03
14.06.2024 05:00:00.000,1.07366,1.07374,1.07304,1.07307,4657.8501
14.06.2024 06:00:00.000,1.07306,1.07329,1.07159,1.07251,13091.6201
14.06.2024 07:00:00.000,1.07250,1.07273,1.07062,1.07078,13407.4502
14.06.2024 08:00:00.000,1.07077,1.07119,1.06898,1.06919,12315.5
14.06.2024 09:00:00.000,1.06918,1.06923,1.06719,1.06874,17651.8496
14.06.2024 10:00:00.000,1.06874,1.06990,1.06794,1.06980,15148.8799
14.06.2024 11:00:00.000,1.06979,1.07060,1.06927,1.06940,12790.5996
14.06.2024 12:00:00.000,1.06941,1.06954,1.06793,1.06894,19871.6191
14.06.2024 13:00:00.000,1.06895,1.06925,1.06677,1.06697,14878.2598
14.06.2024 14:00:00.000,1.06692,1.06878,1.06683,1.06871,22585.0391
14.06.2024 15:00:00.000,1.06872,1.07000,1.06836,1.06988,13059.9697
14.06.2024 16:00:00.000,1.06988,1.07020,1.06932,1.07006,6681.1299
14.06.2024 17:00:00.000,1.07006,1.07047,1.06970,1.06982,10315.6699
14.06.2024 18:00:00.000,1.06982,1.07007,1.06948,1.06996,3713.6201
14.06.2024 19:00:00.000,1.06997,1.07062,1.06990,1.07062,7087.3999
14.06.2024 20:00:00.000,1.07062,1.07080,1.07027,1.07080,3936.26
14.06.2024 21:00:00.000,1.07080,1.07080,1.07080,1.07080,0
14.06.2024 22:00:00.000,1.07080,1.07080,1.07080,1.07080,0
14.06.2024 23:00:00.000,1.07080,1.07080,1.07080,1.07080,0
15.06.2024 00:00:00.000,1.07080,1.07080,1.07080,1.07080,0
15.06.2024 01:00:00.000,1.07080,1.07080,1.07080,1.07080,0
15.06.2024 02:00:00.000,1.07080,1.07080,1.07080,1.07080,0
15.06.2024 03:00:00.000,1.07080,1.07080,1.07080,1.07080,0
15.06.2024 04:00:00.000,1.07080,1.07080,1.07080,1.07080,0
15.06.2024 05:00:00.000,1.07080,1.07080,1.07080,1.07080,0
15.06.2024 06:00:00.000,1.07080,1.07080,1.07080,1.07080,0
15.06.2024 07:00:00.000,1.07080,1.07080,1.07080,1.07080,0
15.06.2024 08:00:00.000,1.07080,1.07080,1.07080,1.07080,0
15.06.2024 09:00:00.000,1.07080,1.07080,1.07080,1.07080,0
15.06.2024 10:00:00.000,1.07080,1.07080,1.07080,1.07080,0
15.06.2024 11:00:00.000,1.07080,1.07080,1.07080,1.07080,0
15.06.2024 12:00:00.000,1.07080,1.07080,1.07080,1.07080,0
15.06.2024 13:00:00.000,1.07080,1.07080,1.07080,1.07080,0
15.06.2024 14:00:00.000,1.07080,1.07080,1.07080,1.07080,0
15.06.2024 15:00:00.000,1.07080,1.07080,1.07080,1.07080,0
15.06.2024 16:00:00.000,1.07080,1.07080,1.07080,1.07080,0
15.06.2024 17:00:00.000,1.07080,1.07080,1.07080,1.07080,0
15.06.2024 18:00:00.000,1.07080,1.07080,1.07080,1.07080,0
15.06.2024 19:00:00.000,1.07080,1.07080,1.07080,1.07080,0
15.06.2024 20:00:00.000,1.07080,1.07080,1.07080,1.07080,0
15.06.2024 21:00:00.000,1.07080,1.07080,1.07080,1.07080,0
15.06.2024 22:00:00.000,1.07080,1.07080,1.07080,1.07080,0
15.06.2024 23:00:00.000,1.07080,1.07080,1.07080,1.07080,0
16.06.2024 00:00:00.000,1.07080,1.07080,1.07080,1.07080,0
16.06.2024 01:00:00.000,1.07080,1.07080,1.07080,1.07080,0
16.06.2024 02:00:00.000,1.07080,1.07080,1.07080,1.07080,0
16.06.2024 03:00:00.000,1.07080,1.07080,1.07080,1.07080,0
16.06.2024 04:00:00.000,1.07080,1.07080,1.07080,1.07080,0
16.06.2024 05:00:00.000,1.07080,1.07080,1.07080,1.07080,0
16.06.2024 06:00:00.000,1.07080,1.07080,1.07080,1.07080,0
16.06.2024 07:00:00.000,1.07080,1.07080,1.07080,1.07080,0
16.06.2024 08:00:00.000,1.07080,1.07080,1.07080,1.07080,0
16.06.2024 09:00:00.000,1.07080,1.07080,1.07080,1.07080,0
16.06.2024 10:00:00.000,1.07080,1.07080,1.07080,1.07080,0
16.06.2024 11:00:00.000,1.07080,1.07080,1.07080,1.07080,0
16.06.2024 12:00:00.000,1.07080,1.07080,1.07080,1.07080,0
16.06.2024 13:00:00.000,1.07080,1.07080,1.07080,1.07080,0
16.06.2024 14:00:00.000,1.07080,1.07080,1.07080,1.07080,0
16.06.2024 15:00:00.000,1.07080,1.07080,1.07080,1.07080,0
16.06.2024 16:00:00.000,1.07080,1.07080,1.07080,1.07080,0
16.06.2024 17:00:00.000,1.07080,1.07080,1.07080,1.07080,0
16.06.2024 18:00:00.000,1.07080,1.07080,1.07080,1.07080,0
16.06.2024 19:00:00.000,1.07080,1.07080,1.07080,1.07080,0
16.06.2024 20:00:00.000,1.07080,1.07080,1.07080,1.07080,0
16.06.2024 21:00:00.000,1.07078,1.07087,1.07044,1.07061,494.88
16.06.2024 22:00:00.000,1.07061,1.07097,1.07038,1.07069,4031.1499
16.06.2024 23:00:00.000,1.07070,1.07077,1.07019,1.07029,4402.54
17.06.2024 00:00:00.000,1.07029,1.07074,1.07007,1.07041,7536.6899
17.06.2024 01:00:00.000,1.07040,1.07044,1.06995,1.07017,4584.6499
17.06.2024 02:00:00.000,1.07016,1.07050,1.06991,1.07043,4305.5698
17.06.2024 03:00:00.000,1.07043,1.07047,1.07020,1.07039,4381.5601
17.06.2024 04:00:00.000,1.07039,1.07056,1.07022,1.07042,4533.8398
17.06.2024 05:00:00.000,1.07043,1.07053,1.06992,1.06998,4533.04
17.06.2024 06:00:00.000,1.06997,1.07040,1.06865,1.06978,17184.5195
17.06.2024 07:00:00.000,1.06978,1.07090,1.06924,1.07009,30003.9902
17.06.2024 08:00:00.000,1.07009,1.07124,1.06998,1.07072,13937.5801
17.06.2024 09:00:00.000,1.07073,1.07148,1.07070,1.07113,20519.6895
17.06.2024 10:00:00.000,1.07113,1.07137,1.07022,1.07103,11008.1699
17.06.2024 11:00:00.000,1.07101,1.07179,1.07092,1.07095,9787.3203
17.06.2024 12:00:00.000,1.07096,1.07155,1.07073,1.07138,17944
17.06.2024 13:00:00.000,1.07139,1.07210,1.07124,1.07162,14141.0098
17.06.2024 14:00:00.000,1.07162,1.07186,1.07118,1.07163,16217.5898
17.06.2024 15:00:00.000,1.07161,1.07249,1.07153,1.07224,12162.3398
17.06.2024 16:00:00.000,1.07225,1.07279,1.07208,1.07253,7908.23
17.06.2024 17:00:00.000,1.07253,1.07274,1.07235,1.07260,4524.5
17.06.2024 18:00:00.000,1.07262,1.07379,1.07259,1.07364,6391.8398
17.06.2024 19:00:00.000,1.07364,1.07365,1.07305,1.07324,3818.47
17.06.2024 20:00:00.000,1.07324,1.07361,1.07323,1.07348,1645.0699
17.06.2024 21:00:00.000,1.07348,1.07355,1.07318,1.07329,1033.0601
17.06.2024 22:00:00.000,1.07329,1.07403,1.07329,1.07380,1463.6899
17.06.2024 23:00:00.000,1.07381,1.07411,1.07350,1.07401,2852.75
18.06.2024 00:00:00.000,1.07401,1.07410,1.07358,1.07361,6614.4302
18.06.2024 01:00:00.000,1.07362,1.07370,1.07271,1.07279,9573.1699
18.06.2024 02:00:00.000,1.07279,1.07286,1.07243,1.07244,3026.9399
18.06.2024 03:00:00.000,1.07244,1.07253,1.07211,1.07249,4686.8501
18.06.2024 04:00:00.000,1.07248,1.07265,1.07204,1.07216,3649.5601
18.06.2024 05:00:00.000,1.07216,1.07237,1.07185,1.07233,4402.0898
18.06.2024 06:00:00.000,1.07234,1.07338,1.07229,1.07332,8765.7305
18.06.2024 07:00:00.000,1.07332,1.07352,1.07229,1.07235,13349.7803
18.06.2024 08:00:00.000,1.07235,1.07249,1.07150,1.07198,8076.6099
18.06.2024 09:00:00.000,1.07199,1.07258,1.07155,1.07198,9912.1201
18.06.2024 10:00:00.000,1.07197,1.07209,1.07155,1.07180,7023.4502
18.06.2024 11:00:00.000,1.07181,1.07185,1.07101,1.07164,7358.7598
18.06.2024 12:00:00.000,1.07165,1.07342,1.07108,1.07313,25184.1895
18.06.2024 13:00:00.000,1.07314,1.07499,1.07302,1.07485,19147.75
18.06.2024 14:00:00.000,1.07486,1.07617,1.07365,1.07384,17824.3398
18.06.2024 15:00:00.000,1.07385,1.07424,1.07343,1.07386,16192.71
18.06.2024 16:00:00.000,1.07388,1.07427,1.07365,1.07394,5433.9502
18.06.2024 17:00:00.000,1.07395,1.07436,1.07337,1.07353,9042.6602
18.06.2024 18:00:00.000,1.07351,1.07406,1.07323,1.07399,4140.3301
18.06.2024 19:00:00.000,1.07396,1.07396,1.07363,1.07392,5437.79
18.06.2024 20:00:00.000,1.07391,1.07412,1.07380,1.07402,2271.8201
18.06.2024 21:00:00.000,1.07406,1.07420,1.07376,1.07416,920.2
18.06.2024 22:00:00.000,1.07413,1.07419,1.07398,1.07411,412.25
18.06.2024 23:00:00.000,1.07411,1.07412,1.07387,1.07387,999.56
19.06.2024 00:00:00.000,1.07387,1.07397,1.07368,1.07376,2341.9099
19.06.2024 01:00:00.000,1.07375,1.07419,1.07355,1.07409,3540.1001
19.06.2024 02:00:00.000,1.07409,1.07425,1.07378,1.07390,1779.73
19.06.2024 03:00:00.000,1.07389,1.07406,1.07371,1.07380,3052.46
19.06.2024 04:00:00.000,1.07379,1.07379,1.07354,1.07360,5110.1001
19.06.2024 05:00:00.000,1.07360,1.07390,1.07354,1.07380,2550.77
19.06.2024 06:00:00.000,1.07380,1.07416,1.07279,1.07314,6462.48
19.06.2024 07:00:00.000,1.07312,1.07410,1.07250,1.07369,10437.1904
19.06.2024 08:00:00.000,1.07370,1.07420,1.07343,1.07406,9788.3398
19.06.2024 09:00:00.000,1.07405,1.07442,1.07326,1.07373,12836.46
19.06.2024 10:00:00.000,1.07374,1.07524,1.07355,1.07502,10350.8301
19.06.2024 11:00:00.000,1.07503,1.07535,1.07469,1.07510,7970.1602
19.06.2024 12:00:00.000,1.07510,1.07532,1.07427,1.07460,7510.52
19.06.2024 13:00:00.000,1.07462,1.07484,1.07410,1.07438,5814.1299
19.06.2024 14:00:00.000,1.07437,1.07510,1.07430,1.07483,6361.3301
19.06.2024 15:00:00.000,1.07483,1.07495,1.07414,1.07494,4818.7598
19.06.2024 16:00:00.000,1.07493,1.07493,1.07465,1.07473,1323.85
19.06.2024 17:00:00.000,1.07472,1.07474,1.07443,1.07446,451.38
19.06.2024 18:00:00.000,1.07445,1.07446,1.07426,1.07433,296.67
19.06.2024 19:00:00.000,1.07432,1.07457,1.07428,1.07450,968.29
19.06.2024 20:00:00.000,1.07446,1.07457,1.07437,1.07451,762.02
19.06.2024 21:00:00.000,1.07465,1.07474,1.07441,1.07454,671.73
19.06.2024 22:00:00.000,1.07452,1.07472,1.07445,1.07460,1517.78
19.06.2024 23:00:00.000,1.07461,1.07489,1.07457,1.07473,1226.59
20.06.2024 00:00:00.000,1.07471,1.07484,1.07452,1.07463,5693.27
20.06.2024 01:00:00.000,1.07463,1.07482,1.07423,1.07457,4507.5
20.06.2024 02:00:00.000,1.07456,1.07456,1.07389,1.07395,3224.99
20.06.2024 03:00:00.000,1.07396,1.07422,1.07391,1.07420,3124.45
20.06.2024 04:00:00.000,1.07420,1.07450,1.07410,1.07428,4021.3899
20.06.2024 05:00:00.000,1.07427,1.07436,1.07373,1.07375,2860.1399
20.06.2024 06:00:00.000,1.07374,1.07385,1.07308,1.07329,7470.1401
20.06.2024 07:00:00.000,1.07329,1.07364,1.07245,1.07248,14234.6299
20.06.2024 08:00:00.000,1.07247,1.07247,1.07127,1.07170,14186.4297
20.06.2024 09:00:00.000,1.07171,1.07280,1.07143,1.07254,11270.9297
20.06.2024 10:00:00.000,1.07253,1.07317,1.07245,1.07287,10954.5898
20.06.2024 11:00:00.000,1.07288,1.07323,1.07130,1.07150,8358.8496
20.06.2024 12:00:00.000,1.07148,1.07310,1.07133,1.07192,16393.5605
20.06.2024 13:00:00.000,1.07193,1.07290,1.07168,1.07246,16474.8301
20.06.2024 14:00:00.000,1.07247,1.07308,1.07209,1.07219,13811.0801
20.06.2024 15:00:00.000,1.07218,1.07226,1.07071,1.07074,8707.2598
20.06.2024 16:00:00.000,1.07074,1.07106,1.07035,1.07072,6736.8398
20.06.2024 17:00:00.000,1.07073,1.07097,1.07041,1.07071,6913.8999
20.06.2024 18:00:00.000,1.07071,1.07180,1.07071,1.07104,5587.5601
20.06.2024 19:00:00.000,1.07104,1.07112,1.07037,1.07052,4491.5098
20.06.2024 20:00:00.000,1.07053,1.07062,1.07021,1.07027,2248.9199
20.06.2024 21:00:00.000,1.07029,1.07053,1.07027,1.07048,628.68
20.06.2024 22:00:00.000,1.07049,1.07051,1.07014,1.07025,688.72
20.06.2024 23:00:00.000,1.07027,1.07078,1.07023,1.07062,1688.97
21.06.2024 00:00:00.000,1.07061,1.07078,1.07035,1.07069,4467.2998
21.06.2024 01:00:00.000,1.07068,1.07108,1.07053,1.07104,5039.02
21.06.2024 02:00:00.000,1.07104,1.07178,1.07103,1.07171,4369.8301
21.06.2024 03:00:00.000,1.07171,1.07171,1.07138,1.07165,3013.48
21.06.2024 04:00:00.000,1.07164,1.07187,1.07155,1.07186,2407.5701
21.06.2024 05:00:00.000,1.07187,1.07200,1.07151,1.07180,3660.72
21.06.2024 06:00:00.000,1.07179,1.07207,1.07084,1.07101,7044.3501
21.06.2024 07:00:00.000,1.07101,1.07103,1.06711,1.06783,17367.6699
21.06.2024 08:00:00.000,1.06783,1.06957,1.06763,1.06911,13139.5098
21.06.2024 09:00:00.000,1.06912,1.06983,1.06836,1.06980,10303.3096
21.06.2024 10:00:00.000,1.06979,1.06983,1.06767,1.06811,8576.3799
21.06.2024 11:00:00.000,1.06811,1.06901,1.06798,1.06891,10480.0801
21.06.2024 12:00:00.000,1.06891,1.06953,1.06849,1.06949,13624.6602
21.06.2024 13:00:00.000,1.06950,1.06978,1.06781,1.06827,13975.0596
21.06.2024 14:00:00.000,1.06826,1.06978,1.06796,1.06816,21346.0391
21.06.2024 15:00:00.000,1.06816,1.06947,1.06807,1.06938,12972.7402
21.06.2024 16:00:00.000,1.06938,1.06962,1.06898,1.06924,5096.1201
21.06.2024 17:00:00.000,1.06922,1.06943,1.06908,1.06934,4742.5298
21.06.2024 18:00:00.000,1.06934,1.06969,1.06919,1.06949,4471.6899
21.06.2024 19:00:00.000,1.06949,1.06969,1.06911,1.06919,5695.6699
21.06.2024 20:00:00.000,1.06918,1.06952,1.06912,1.06939,4303.0498
21.06.2024 21:00:00.000,1.06939,1.06939,1.06939,1.06939,0
21.06.2024 22:00:00.000,1.06939,1.06939,1.06939,1.06939,0
21.06.2024 23:00:00.000,1.06939,1.06939,1.06939,1.06939,0
22.06.2024 00:00:00.000,1.06939,1.06939,1.06939,1.06939,0
22.06.2024 01:00:00.000,1.06939,1.06939,1.06939,1.06939,0
22.06.2024 02:00:00.000,1.06939,1.06939,1.06939,1.06939,0
22.06.2024 03:00:00.000,1.06939,1.06939,1.06939,1.06939,0
22.06.2024 04:00:00.000,1.06939,1.06939,1.06939,1.06939,0
22.06.2024 05:00:00.000,1.06939,1.06939,1.06939,1.06939,0
22.06.2024 06:00:00.000,1.06939,1.06939,1.06939,1.06939,0
22.06.2024 07:00:00.000,1.06939,1.06939,1.06939,1.06939,0
22.06.2024 08:00:00.000,1.06939,1.06939,1.06939,1.06939,0
22.06.2024 09:00:00.000,1.06939,1.06939,1.06939,1.06939,0
22.06.2024 10:00:00.000,1.06939,1.06939,1.06939,1.06939,0
22.06.2024 11:00:00.000,1.06939,1.06939,1.06939,1.06939,0
22.06.2024 12:00:00.000,1.06939,1.06939,1.06939,1.06939,0
22.06.2024 13:00:00.000,1.06939,1.06939,1.06939,1.06939,0
22.06.2024 14:00:00.000,1.06939,1.06939,1.06939,1.06939,0
22.06.2024 15:00:00.000,1.06939,1.06939,1.06939,1.06939,0
22.06.2024 16:00:00.000,1.06939,1.06939,1.06939,1.06939,0
22.06.2024 17:00:00.000,1.06939,1.06939,1.06939,1.06939,0
22.06.2024 18:00:00.000,1.06939,1.06939,1.06939,1.06939,0
22.06.2024 19:00:00.000,1.06939,1.06939,1.06939,1.06939,0
22.06.2024 20:00:00.000,1.06939,1.06939,1.06939,1.06939,0
22.06.2024 21:00:00.000,1.06939,1.06939,1.06939,1.06939,0
22.06.2024 22:00:00.000,1.06939,1.06939,1.06939,1.06939,0
22.06.2024 23:00:00.000,1.06939,1.06939,1.06939,1.06939,0
23.06.2024 00:00:00.000,1.06939,1.06939,1.06939,1.06939,0
23.06.2024 01:00:00.000,1.06939,1.06939,1.06939,1.06939,0
23.06.2024 02:00:00.000,1.06939,1.06939,1.06939,1.06939,0
23.06.2024 03:00:00.000,1.06939,1.06939,1.06939,1.06939,0
23.06.2024 04:00:00.000,1.06939,1.06939,1.06939,1.06939,0
23.06.2024 05:00:00.000,1.06939,1.06939,1.06939,1.06939,0
23.06.2024 06:00:00.000,1.06939,1.06939,1.06939,1.06939,0
23.06.2024 07:00:00.000,1.06939,1.06939,1.06939,1.06939,0
23.06.2024 08:00:00.000,1.06939,1.06939,1.06939,1.06939,0
23.06.2024 09:00:00.000,1.06939,1.06939,1.06939,1.06939,0
23.06.2024 10:00:00.000,1.06939,1.06939,1.06939,1.06939,0
23.06.2024 11:00:00.000,1.06939,1.06939,1.06939,1.06939,0
23.06.2024 12:00:00.000,1.06939,1.06939,1.06939,1.06939,0
23.06.2024 13:00:00.000,1.06939,1.06939,1.06939,1.06939,0
23.06.2024 14:00:00.000,1.06939,1.06939,1.06939,1.06939,0
23.06.2024 15:00:00.000,1.06939,1.06939,1.06939,1.06939,0
23.06.2024 16:00:00.000,1.06939,1.06939,1.06939,1.06939,0
23.06.2024 17:00:00.000,1.06939,1.06939,1.06939,1.06939,0
23.06.2024 18:00:00.000,1.06939,1.06939,1.06939,1.06939,0
23.06.2024 19:00:00.000,1.06939,1.06939,1.06939,1.06939,0
23.06.2024 20:00:00.000,1.06939,1.06939,1.06939,1.06939,0
23.06.2024 21:00:00.000,1.06920,1.06940,1.06879,1.06927,935.09
23.06.2024 22:00:00.000,1.06928,1.06939,1.06910,1.06939,1796.24
23.06.2024 23:00:00.000,1.06939,1.06958,1.06875,1.06879,1849.85
24.06.2024 00:00:00.000,1.06879,1.06937,1.06850,1.06919,4156.2998
24.06.2024 01:00:00.000,1.06919,1.06928,1.06839,1.06909,6148.2798
24.06.2024 02:00:00.000,1.06909,1.06936,1.06881,1.06893,2701.97
24.06.2024 03:00:00.000,1.06894,1.06937,1.06892,1.06918,3678.02
24.06.2024 04:00:00.000,1.06919,1.06948,1.06915,1.06947,3027.8
24.06.2024 05:00:00.000,1.06947,1.06997,1.06947,1.06988,3465.3701
24.06.2024 06:00:00.000,1.06989,1.07073,1.06975,1.07034,10587.8096
24.06.2024 07:00:00.000,1.07034,1.07150,1.07024,1.07130,9725.0303
24.06.2024 08:00:00.000,1.07130,1.07180,1.07089,1.07136,7459.3501
24.06.2024 09:00:00.000,1.07135,1.07292,1.07132,1.07228,10818.3496
24.06.2024 10:00:00.000,1.07228,1.07309,1.07197,1.07303,8633.2998
24.06.2024 11:00:00.000,1.07302,1.07360,1.07267,1.07359,9047.4102
24.06.2024 12:00:00.000,1.07358,1.07358,1.07264,1.07347,10935.7695
24.06.2024 13:00:00.000,1.07348,1.07436,1.07348,1.07428,11629.4805
24.06.2024 14:00:00.000,1.07427,1.07464,1.07273,1.07301,19728.8105
24.06.2024 15:00:00.000,1.07301,1.07333,1.07236,1.07273,9886.1699
24.06.2024 16:00:00.000,1.07273,1.07316,1.07263,1.07278,6250.6001
24.06.2024 17:00:00.000,1.07278,1.07278,1.07221,1.07250,4282.6699
24.06.2024 18:00:00.000,1.07252,1.07376,1.07245,1.07357,6569.2998
24.06.2024 19:00:00.000,1.07356,1.07385,1.07344,1.07362,6245.6099
24.06.2024 20:00:00.000,1.07359,1.07374,1.07338,1.07349,2802.52
24.06.2024 21:00:00.000,1.07349,1.07376,1.07335,1.07341,617.98
24.06.2024 22:00:00.000,1.07341,1.07351,1.07330,1.07331,1133.87
24.06.2024 23:00:00.000,1.07332,1.07332,1.07310,1.07323,2517.1799
25.06.2024 00:00:00.000,1.07323,1.07359,1.07321,1.07342,6725.77
25.06.2024 01:00:00.000,1.07342,1.07361,1.07324,1.07347,6237.9902
25.06.2024 02:00:00.000,1.07347,1.07371,1.07341,1.07370,4980.1001
25.06.2024 03:00:00.000,1.07371,1.07396,1.07360,1.07386,3591.3201
25.06.2024 04:00:00.000,1.07387,1.07401,1.07366,1.07397,5115.2202
25.06.2024 05:00:00.000,1.07397,1.07443,1.07397,1.07418,5006.6499
25.06.2024 06:00:00.000,1.07418,1.07418,1.07315,1.07320,6027.71
25.06.2024 07:00:00.000,1.07319,1.07330,1.07210,1.07271,10816.5303
25.06.2024 08:00:00.000,1.07271,1.07360,1.07256,1.07343,12745.75
25.06.2024 09:00:00.000,1.07341,1.07354,1.07233,1.07247,7468
25.06.2024 10:00:00.000,1.07246,1.07303,1.07213,1.07235,9917.5898
25.06.2024 11:00:00.000,1.07235,1.07245,1.07093,1.07095,7740.6299
25.06.2024 12:00:00.000,1.07096,1.07151,1.07023,1.07052,9898.6904
25.06.2024 13:00:00.000,1.07051,1.07132,1.07004,1.07027,13677.0996
25.06.2024 14:00:00.000,1.07028,1.07035,1.06907,1.07007,22189.8301
25.06.2024 15:00:00.000,1.07007,1.07095,1.07007,1.07041,10500.5703
25.06.2024 16:00:00.000,1.07042,1.07088,1.07023,1.07048,5112.54
25.06.2024 17:00:00.000,1.07047,1.07147,1.07046,1.07136,5910.0498
25.06.2024 18:00:00.000,1.07135,1.07175,1.07123,1.07162,5258.1401
25.06.2024 19:00:00.000,1.07162,1.07177,1.07141,1.07161,5892.6099
25.06.2024 20:00:00.000,1.07160,1.07160,1.07112,1.07143,1643.65
25.06.2024 21:00:00.000,1.07143,1.07159,1.07120,1.07134,1335.72
25.06.2024 22:00:00.000,1.07135,1.07155,1.07127,1.07127,563.42
25.06.2024 23:00:00.000,1.07127,1.07127,1.07090,1.07092,2088.8201
26.06.2024 00:00:00.000,1.07091,1.07126,1.07064,1.07115,6000.7998
26.06.2024 01:00:00.000,1.07115,1.07167,1.07109,1.07160,9808.8496
26.06.2024 02:00:00.000,1.07160,1.07181,1.07088,1.07101,5233.6802
26.06.2024 03:00:00.000,1.07100,1.07128,1.07096,1.07112,4027.1599
26.06.2024 04:00:00.000,1.07111,1.07118,1.07076,1.07105,5314.0498
26.06.2024 05:00:00.000,1.07105,1.07114,1.07023,1.07040,4104.7998
26.06.2024 06:00:00.000,1.07040,1.07057,1.06939,1.06949,7187.1001
26.06.2024 07:00:00.000,1.06950,1.06961,1.06854,1.06940,11943.7002
26.06.2024 08:00:00.000,1.06940,1.07000,1.06903,1.06949,12388.8896
26.06.2024 09:00:00.000,1.06950,1.06998,1.06883,1.06889,10916.2002
26.06.2024 10:00:00.000,1.06891,1.06891,1.06822,1.06851,9670.8096
26.06.2024 11:00:00.000,1.06850,1.06948,1.06797,1.06943,8334.1504
26.06.2024 12:00:00.000,1.06943,1.06945,1.06772,1.06772,9526.7695
26.06.2024 13:00:00.000,1.06772,1.06824,1.06662,1.06752,17455.8203
26.06.2024 14:00:00.000,1.06750,1.06960,1.06747,1.06802,20800.9609
26.06.2024 15:00:00.000,1.06802,1.06875,1.06746,1.06819,15297.1699
26.06.2024 16:00:00.000,1.06821,1.06878,1.06794,1.06822,5703.5298
26.06.2024 17:00:00.000,1.06821,1.06911,1.06815,1.06858,6790.4502
26.06.2024 18:00:00.000,1.06855,1.06857,1.06784,1.06801,4816.6299
26.06.2024 19:00:00.000,1.06801,1.06816,1.06751,1.06811,2868.8601
26.06.2024 20:00:00.000,1.06810,1.06816,1.06778,1.06814,2020.89
26.06.2024 21:00:00.000,1.06815,1.06847,1.06789,1.06807,788.37
26.06.2024 22:00:00.000,1.06806,1.06822,1.06798,1.06807,2447.8601
26.06.2024 23:00:00.000,1.06807,1.06816,1.06779,1.06799,3053.5801
27.06.2024 00:00:00.000,1.06799,1.06818,1.06771,1.06784,6057.6699
27.06.2024 01:00:00.000,1.06784,1.06896,1.06779,1.06888,5873.75
27.06.2024 02:00:00.000,1.06888,1.06917,1.06883,1.06894,4959.8901
27.06.2024 03:00:00.000,1.06893,1.06925,1.06883,1.06909,2379.72
27.06.2024 04:00:00.000,1.06909,1.06949,1.06907,1.06944,2839.97
27.06.2024 05:00:00.000,1.06945,1.06974,1.06922,1.06959,4293.96
27.06.2024 06:00:00.000,1.06958,1.06991,1.06912,1.06931,10403.4805
27.06.2024 07:00:00.000,1.06930,1.06981,1.06884,1.06904,12909.0498
27.06.2024 08:00:00.000,1.06902,1.06915,1.06807,1.06882,13340.7197
27.06.2024 09:00:00.000,1.06881,1.07011,1.06875,1.06973,10022.0596
27.06.2024 10:00:00.000,1.06973,1.07045,1.06906,1.07038,10630.9805
27.06.2024 11:00:00.000,1.07038,1.07043,1.06928,1.06929,6015.9902
27.06.2024 12:00:00.000,1.06929,1.07223,1.06929,1.07197,21308.8301
27.06.2024 13:00:00.000,1.07196,1.07266,1.07172,1.07208,14822.3096
27.06.2024 14:00:00.000,1.07208,1.07256,1.07079,1.07126,16086.6699
27.06.2024 15:00:00.000,1.07126,1.07132,1.07004,1.07072,9951.9297
27.06.2024 16:00:00.000,1.07072,1.07104,1.07034,1.07069,6091.8599
27.06.2024 17:00:00.000,1.07068,1.07085,1.07045,1.07055,6824.7202
27.06.2024 18:00:00.000,1.07055,1.07079,1.07022,1.07057,3891.1899
27.06.2024 19:00:00.000,1.07058,1.07074,1.07014,1.07030,4639.6802
27.06.2024 20:00:00.000,1.07029,1.07054,1.07028,1.07045,3831.5601
27.06.2024 21:00:00.000,1.07048,1.07070,1.07039,1.07054,1511.8199
27.06.2024 22:00:00.000,1.07055,1.07058,1.07034,1.07042,2117
27.06.2024 23:00:00.000,1.07043,1.07095,1.07039,1.07079,2764.3401
28.06.2024 00:00:00.000,1.07079,1.07110,1.06978,1.06978,5545.0698
28.06.2024 01:00:00.000,1.06978,1.06992,1.06855,1.06913,10755.71
28.06.2024 02:00:00.000,1.06914,1.06973,1.06880,1.06941,9138.8301
28.06.2024 03:00:00.000,1.06940,1.06950,1.06901,1.06923,2571.1699
28.06.2024 04:00:00.000,1.06924,1.06924,1.06859,1.06869,3415.96
28.06.2024 05:00:00.000,1.06868,1.06926,1.06863,1.06905,2502.71
28.06.2024 06:00:00.000,1.06906,1.06984,1.06901,1.06970,7120.9102
28.06.2024 07:00:00.000,1.06971,1.07041,1.06918,1.06971,10902.0996
28.06.2024 08:00:00.000,1.06971,1.07002,1.06924,1.06981,9067.46
28.06.2024 09:00:00.000,1.06981,1.07096,1.06935,1.07094,7676.9102
28.06.2024 10:00:00.000,1.07094,1.07105,1.07044,1.07096,6271.6201
28.06.2024 11:00:00.000,1.07096,1.07119,1.06922,1.06974,6149.1699
28.06.2024 12:00:00.000,1.06973,1.07199,1.06971,1.07048,17317.7695
28.06.2024 13:00:00.000,1.07050,1.07080,1.06929,1.06986,21746
28.06.2024 14:00:00.000,1.06986,1.07223,1.06926,1.07185,27644.8906
28.06.2024 15:00:00.000,1.07185,1.07185,1.07097,1.07114,19685.6992
28.06.2024 16:00:00.000,1.07113,1.07218,1.07098,1.07161,11611.8301
28.06.2024 17:00:00.000,1.07160,1.07249,1.07140,1.07145,5446.6201
28.06.2024 18:00:00.000,1.07145,1.07186,1.07111,1.07119,4864.9399
28.06.2024 19:00:00.000,1.07120,1.07127,1.07062,1.07112,6617.4902
28.06.2024 20:00:00.000,1.07113,1.07166,1.07080,1.07166,8101.52
28.06.2024 21:00:00.000,1.07166,1.07166,1.07166,1.07166,0
28.06.2024 22:00:00.000,1.07166,1.07166,1.07166,1.07166,0
28.06.2024 23:00:00.000,1.07166,1.07166,1.07166,1.07166,0
29.06.2024 00:00:00.000,1.07166,1.07166,1.07166,1.07166,0
29.06.2024 01:00:00.000,1.07166,1.07166,1.07166,1.07166,0
29.06.2024 02:00:00.000,1.07166,1.07166,1.07166,1.07166,0
29.06.2024 03:00:00.000,1.07166,1.07166,1.07166,1.07166,0
29.06.2024 04:00:00.000,1.07166,1.07166,1.07166,1.07166,0
29.06.2024 05:00:00.000,1.07166,1.07166,1.07166,1.07166,0
29.06.2024 06:00:00.000,1.07166,1.07166,1.07166,1.07166,0
29.06.2024 07:00:00.000,1.07166,1.07166,1.07166,1.07166,0
29.06.2024 08:00:00.000,1.07166,1.07166,1.07166,1.07166,0
29.06.2024 09:00:00.000,1.07166,1.07166,1.07166,1.07166,0
29.06.2024 10:00:00.000,1.07166,1.07166,1.07166,1.07166,0
29.06.2024 11:00:00.000,1.07166,1.07166,1.07166,1.07166,0
29.06.2024 12:00:00.000,1.07166,1.07166,1.07166,1.07166,0
29.06.2024 13:00:00.000,1.07166,1.07166,1.07166,1.07166,0
29.06.2024 14:00:00.000,1.07166,1.07166,1.07166,1.07166,0
29.06.2024 15:00:00.000,1.07166,1.07166,1.07166,1.07166,0
29.06.2024 16:00:00.000,1.07166,1.07166,1.07166,1.07166,0
29.06.2024 17:00:00.000,1.07166,1.07166,1.07166,1.07166,0
29.06.2024 18:00:00.000,1.07166,1.07166,1.07166,1.07166,0
29.06.2024 19:00:00.000,1.07166,1.07166,1.07166,1.07166,0
29.06.2024 20:00:00.000,1.07166,1.07166,1.07166,1.07166,0
29.06.2024 21:00:00.000,1.07166,1.07166,1.07166,1.07166,0
29.06.2024 22:00:00.000,1.07166,1.07166,1.07166,1.07166,0
29.06.2024 23:00:00.000,1.07166,1.07166,1.07166,1.07166,0
30.06.2024 00:00:00.000,1.07166,1.07166,1.07166,1.07166,0
30.06.2024 01:00:00.000,1.07166,1.07166,1.07166,1.07166,0
30.06.2024 02:00:00.000,1.07166,1.07166,1.07166,1.07166,0
30.06.2024 03:00:00.000,1.07166,1.07166,1.07166,1.07166,0
30.06.2024 04:00:00.000,1.07166,1.07166,1.07166,1.07166,0
30.06.2024 05:00:00.000,1.07166,1.07166,1.07166,1.07166,0
30.06.2024 06:00:00.000,1.07166,1.07166,1.07166,1.07166,0
30.06.2024 07:00:00.000,1.07166,1.07166,1.07166,1.07166,0
30.06.2024 08:00:00.000,1.07166,1.07166,1.07166,1.07166,0
30.06.2024 09:00:00.000,1.07166,1.07166,1.07166,1.07166,0
30.06.2024 10:00:00.000,1.07166,1.07166,1.07166,1.07166,0
30.06.2024 11:00:00.000,1.07166,1.07166,1.07166,1.07166,0
30.06.2024 12:00:00.000,1.07166,1.07166,1.07166,1.07166,0
30.06.2024 13:00:00.000,1.07166,1.07166,1.07166,1.07166,0
30.06.2024 14:00:00.000,1.07166,1.07166,1.07166,1.07166,0
30.06.2024 15:00:00.000,1.07166,1.07166,1.07166,1.07166,0
30.06.2024 16:00:00.000,1.07166,1.07166,1.07166,1.07166,0
30.06.2024 17:00:00.000,1.07166,1.07166,1.07166,1.07166,0
30.06.2024 18:00:00.000,1.07166,1.07166,1.07166,1.07166,0
30.06.2024 19:00:00.000,1.07166,1.07166,1.07166,1.07166,0
30.06.2024 20:00:00.000,1.07166,1.07166,1.07166,1.07166,0
30.06.2024 21:00:00.000,1.07439,1.07474,1.07376,1.07407,1525.78
30.06.2024 22:00:00.000,1.07403,1.07420,1.07323,1.07371,4449.3999
30.06.2024 23:00:00.000,1.07371,1.07398,1.07342,1.07352,3785.79
01.07.2024 00:00:00.000,1.07352,1.07498,1.07349,1.07458,11234.9199
01.07.2024 01:00:00.000,1.07457,1.07617,1.07431,1.07485,15755.6104
01.07.2024 02:00:00.000,1.07485,1.07553,1.07471,1.07552,7006.5801
01.07.2024 03:00:00.000,1.07551,1.07567,1.07516,1.07529,3353.3101
01.07.2024 04:00:00.000,1.07528,1.07588,1.07525,1.07550,3026.3601
01.07.2024 05:00:00.000,1.07547,1.07623,1.07543,1.07557,4256.54
01.07.2024 06:00:00.000,1.07557,1.07765,1.07555,1.07700,13368.54
01.07.2024 07:00:00.000,1.07700,1.07727,1.07514,1.07547,12079.9902
01.07.2024 08:00:00.000,1.07547,1.07721,1.07498,1.07685,13368.2998
01.07.2024 09:00:00.000,1.07684,1.07688,1.07562,1.07573,6021.6802
01.07.2024 10:00:00.000,1.07573,1.07573,1.07475,1.07487,9284.25
01.07.2024 11:00:00.000,1.07488,1.07525,1.07427,1.07494,8440.5801
01.07.2024 12:00:00.000,1.07489,1.07501,1.07399,1.07482,16916.5195
01.07.2024 13:00:00.000,1.07482,1.07594,1.07482,1.07556,12813.2803
01.07.2024 14:00:00.000,1.07556,1.07701,1.07286,1.07303,21438.0801
01.07.2024 15:00:00.000,1.07303,1.07306,1.07198,1.07270,16881.7793
01.07.2024 16:00:00.000,1.07273,1.07334,1.07244,1.07316,5080.4902
01.07.2024 17:00:00.000,1.07317,1.07335,1.07282,1.07295,3300.6799
01.07.2024 18:00:00.000,1.07295,1.07303,1.07244,1.07297,3755.8101
01.07.2024 19:00:00.000,1.07296,1.07394,1.07295,1.07385,8762.5098
01.07.2024 20:00:00.000,1.07385,1.07428,1.07385,1.07408,2085.1599
01.07.2024 21:00:00.000,1.07412,1.07423,1.07381,1.07392,1545.48
01.07.2024 22:00:00.000,1.07392,1.07418,1.07373,1.07375,1203.83
01.07.2024 23:00:00.000,1.07374,1.07378,1.07360,1.07366,1944.75
02.07.2024 00:00:00.000,1.07366,1.07387,1.07332,1.07349,2935.1399
02.07.2024 01:00:00.000,1.07349,1.07365,1.07322,1.07346,4207.7402
02.07.2024 02:00:00.000,1.07347,1.07361,1.07323,1.07353,2064.27
02.07.2024 03:00:00.000,1.07352,1.07357,1.07310,1.07325,2234.3501
02.07.2024 04:00:00.000,1.07325,1.07334,1.07285,1.07297,3264.55
02.07.2024 05:00:00.000,1.07297,1.07330,1.07270,1.07321,4061.3101
02.07.2024 06:00:00.000,1.07321,1.07360,1.07251,1.07252,5322.6499
02.07.2024 07:00:00.000,1.07251,1.07283,1.07122,1.07184,11738.04
02.07.2024 08:00:00.000,1.07183,1.07242,1.07144,1.07209,7817.02
02.07.2024 09:00:00.000,1.07206,1.07228,1.07107,1.07110,6712.71
02.07.2024 10:00:00.000,1.07110,1.07191,1.07102,1.07174,7104.3901
02.07.2024 11:00:00.000,1.07175,1.07248,1.07151,1.07241,4713.0098
02.07.2024 12:00:00.000,1.07242,1.07337,1.07242,1.07319,9630.4102
02.07.2024 13:00:00.000,1.07318,1.07470,1.07301,1.07425,16220.9004
02.07.2024 14:00:00.000,1.07425,1.07461,1.07243,1.07433,31501.2305
02.07.2024 15:00:00.000,1.07434,1.07447,1.07333,1.07365,11068.6504
02.07.2024 16:00:00.000,1.07364,1.07367,1.07308,1.07322,5304.3901
02.07.2024 17:00:00.000,1.07323,1.07408,1.07318,1.07385,4362.54
02.07.2024 18:00:00.000,1.07385,1.07430,1.07383,1.07423,2962.99
02.07.2024 19:00:00.000,1.07422,1.07466,1.07418,1.07463,3991.8701
02.07.2024 20:00:00.000,1.07461,1.07472,1.07453,1.07454,2710.9199
02.07.2024 21:00:00.000,1.07454,1.07480,1.07446,1.07458,898.49
02.07.2024 22:00:00.000,1.07456,1.07494,1.07456,1.07492,1406.62
02.07.2024 23:00:00.000,1.07491,1.07493,1.07470,1.07482,3480.7
03.07.2024 00:00:00.000,1.07483,1.07546,1.07475,1.07481,2802.73
03.07.2024 01:00:00.000,1.07479,1.07479,1.07407,1.07421,1994.78
03.07.2024 02:00:00.000,1.07420,1.07470,1.07420,1.07441,1967.0699
03.07.2024 03:00:00.000,1.07437,1.07453,1.07432,1.07437,3314.5701
03.07.2024 04:00:00.000,1.07437,1.07448,1.07422,1.07425,2248.1399
03.07.2024 05:00:00.000,1.07424,1.07424,1.07364,1.07387,2122.0701
03.07.2024 06:00:00.000,1.07387,1.07484,1.07369,1.07472,7132.6299
03.07.2024 07:00:00.000,1.07473,1.07620,1.07470,1.07598,13101.4199
03.07.2024 08:00:00.000,1.07597,1.07637,1.07556,1.07584,9437.2598
03.07.2024 09:00:00.000,1.07583,1.07625,1.07545,1.07554,8421.3398
03.07.2024 10:00:00.000,1.07555,1.07630,1.07527,1.07585,6163.7202
03.07.2024 11:00:00.000,1.07586,1.07625,1.07564,1.07577,4971.6201
03.07.2024 12:00:00.000,1.07578,1.07786,1.07551,1.07747,10894.8203
03.07.2024 13:00:00.000,1.07747,1.07925,1.07722,1.07900,14945.3203
03.07.2024 14:00:00.000,1.07900,1.08169,1.07900,1.08060,45766.6914
03.07.2024 15:00:00.000,1.08060,1.08093,1.07973,1.07989,11723.5098
03.07.2024 16:00:00.000,1.07990,1.08005,1.07921,1.07959,5719.6401
03.07.2024 17:00:00.000,1.07959,1.07959,1.07822,1.07840,3274.21
03.07.2024 18:00:00.000,1.07839,1.07849,1.07782,1.07803,5128.1099
03.07.2024 19:00:00.000,1.07806,1.07879,1.07799,1.07850,5284.4502
03.07.2024 20:00:00.000,1.07850,1.07894,1.07842,1.07879,1092.8
03.07.2024 21:00:00.000,1.07894,1.07894,1.07851,1.07877,1698.25
03.07.2024 22:00:00.000,1.07877,1.07903,1.07872,1.07897,772.22
03.07.2024 23:00:00.000,1.07898,1.07918,1.07884,1.07914,2906
04.07.2024 00:00:00.000,1.07913,1.07939,1.07889,1.07926,4102.3501
04.07.2024 01:00:00.000,1.07927,1.07952,1.07885,1.07910,4637.1001
04.07.2024 02:00:00.000,1.07908,1.07917,1.07865,1.07866,4077.74
04.07.2024 03:00:00.000,1.07866,1.07876,1.07838,1.07854,2635.76
04.07.2024 04:00:00.000,1.07853,1.07873,1.07850,1.07867,2135.1201
04.07.2024 05:00:00.000,1.07868,1.07908,1.07851,1.07903,2074.2
04.07.2024 06:00:00.000,1.07903,1.07937,1.07851,1.07927,4877.2598
04.07.2024 07:00:00.000,1.07927,1.07967,1.07891,1.07946,11778.1797
04.07.2024 08:00:00.000,1.07946,1.08032,1.07941,1.08020,10723.8096
04.07.2024 09:00:00.000,1.08019,1.08031,1.07954,1.07979,5113.3501
04.07.2024 10:00:00.000,1.07980,1.08016,1.07941,1.08011,5911.48
04.07.2024 11:00:00.000,1.08011,1.08022,1.07964,1.07972,4722.6001
04.07.2024 12:00:00.000,1.07971,1.08024,1.07962,1.07972,8770.8799
04.07.2024 13:00:00.000,1.07971,1.08018,1.07950,1.08011,9644.6797
04.07.2024 14:00:00.000,1.08011,1.08094,1.07995,1.08085,8145.4502
04.07.2024 15:00:00.000,1.08084,1.08140,1.08072,1.08109,4525.1001
04.07.2024 16:00:00.000,1.08109,1.08139,1.08099,1.08124,1267
04.07.2024 17:00:00.000,1.08123,1.08130,1.08109,1.08117,513.13
04.07.2024 18:00:00.000,1.08120,1.08127,1.08116,1.08122,328.88
04.07.2024 19:00:00.000,1.08122,1.08133,1.08121,1.08131,864.02
04.07.2024 20:00:00.000,1.08130,1.08148,1.08116,1.08131,509.25
04.07.2024 21:00:00.000,1.08148,1.08152,1.08114,1.08124,861.42
04.07.2024 22:00:00.000,1.08125,1.08144,1.08106,1.08121,875.85
04.07.2024 23:00:00.000,1.08121,1.08121,1.08096,1.08105,2201.1699
05.07.2024 00:00:00.000,1.08107,1.08181,1.08104,1.08150,4489.6802
05.07.2024 01:00:00.000,1.08149,1.08181,1.08139,1.08160,4960.7002
05.07.2024 02:00:00.000,1.08160,1.08182,1.08144,1.08181,2897.28
05.07.2024 03:00:00.000,1.08181,1.08246,1.08181,1.08220,4043.01
05.07.2024 04:00:00.000,1.08218,1.08229,1.08200,1.08222,2169.6799
05.07.2024 05:00:00.000,1.08221,1.08226,1.08194,1.08217,2924.45
05.07.2024 06:00:00.000,1.08217,1.08260,1.08190,1.08194,5630.9302
05.07.2024 07:00:00.000,1.08194,1.08304,1.08166,1.08293,12137.5703
05.07.2024 08:00:00.000,1.08292,1.08307,1.08229,1.08282,9174.79
05.07.2024 09:00:00.000,1.08281,1.08309,1.08259,1.08267,5293.2002
05.07.2024 10:00:00.000,1.08266,1.08321,1.08222,1.08248,4417.02
05.07.2024 11:00:00.000,1.08249,1.08253,1.08186,1.08192,4501.8599
05.07.2024 12:00:00.000,1.08191,1.08426,1.08013,1.08298,36475.4609
05.07.2024 13:00:00.000,1.08297,1.08343,1.08144,1.08193,35985.6211
05.07.2024 14:00:00.000,1.08194,1.08263,1.08108,1.08243,27738.6992
05.07.2024 15:00:00.000,1.08242,1.08309,1.08194,1.08279,11021.9502
05.07.2024 16:00:00.000,1.08279,1.08305,1.08234,1.08258,7172.7002
05.07.2024 17:00:00.000,1.08257,1.08305,1.08250,1.08279,4446.5601
05.07.2024 18:00:00.000,1.08280,1.08376,1.08278,1.08373,5829.25
05.07.2024 19:00:00.000,1.08372,1.08428,1.08367,1.08415,5880.3398
05.07.2024 20:00:00.000,1.08414,1.08414,1.08379,1.08399,3588.21
05.07.2024 21:00:00.000,1.08399,1.08399,1.08399,1.08399,0
05.07.2024 22:00:00.000,1.08399,1.08399,1.08399,1.08399,0
05.07.2024 23:00:00.000,1.08399,1.08399,1.08399,1.08399,0
06.07.2024 00:00:00.000,1.08399,1.08399,1.08399,1.08399,0
06.07.2024 01:00:00.000,1.08399,1.08399,1.08399,1.08399,0
06.07.2024 02:00:00.000,1.08399,1.08399,1.08399,1.08399,0
06.07.2024 03:00:00.000,1.08399,1.08399,1.08399,1.08399,0
06.07.2024 04:00:00.000,1.08399,1.08399,1.08399,1.08399,0
06.07.2024 05:00:00.000,1.08399,1.08399,1.08399,1.08399,0
06.07.2024 06:00:00.000,1.08399,1.08399,1.08399,1.08399,0
06.07.2024 07:00:00.000,1.08399,1.08399,1.08399,1.08399,0
06.07.2024 08:00:00.000,1.08399,1.08399,1.08399,1.08399,0
06.07.2024 09:00:00.000,1.08399,1.08399,1.08399,1.08399,0
06.07.2024 10:00:00.000,1.08399,1.08399,1.08399,1.08399,0
06.07.2024 11:00:00.000,1.08399,1.08399,1.08399,1.08399,0
06.07.2024 12:00:00.000,1.08399,1.08399,1.08399,1.08399,0
06.07.2024 13:00:00.000,1.08399,1.08399,1.08399,1.08399,0
06.07.2024 14:00:00.000,1.08399,1.08399,1.08399,1.08399,0
06.07.2024 15:00:00.000,1.08399,1.08399,1.08399,1.08399,0
06.07.2024 16:00:00.000,1.08399,1.08399,1.08399,1.08399,0
06.07.2024 17:00:00.000,1.08399,1.08399,1.08399,1.08399,0
06.07.2024 18:00:00.000,1.08399,1.08399,1.08399,1.08399,0
06.07.2024 19:00:00.000,1.08399,1.08399,1.08399,1.08399,0
06.07.2024 20:00:00.000,1.08399,1.08399,1.08399,1.08399,0
06.07.2024 21:00:00.000,1.08399,1.08399,1.08399,1.08399,0
06.07.2024 22:00:00.000,1.08399,1.08399,1.08399,1.08399,0
06.07.2024 23:00:00.000,1.08399,1.08399,1.08399,1.08399,0
07.07.2024 00:00:00.000,1.08399,1.08399,1.08399,1.08399,0
07.07.2024 01:00:00.000,1.08399,1.08399,1.08399,1.08399,0
07.07.2024 02:00:00.000,1.08399,1.08399,1.08399,1.08399,0
07.07.2024 03:00:00.000,1.08399,1.08399,1.08399,1.08399,0
07.07.2024 04:00:00.000,1.08399,1.08399,1.08399,1.08399,0
07.07.2024 05:00:00.000,1.08399,1.08399,1.08399,1.08399,0
07.07.2024 06:00:00.000,1.08399,1.08399,1.08399,1.08399,0
07.07.2024 07:00:00.000,1.08399,1.08399,1.08399,1.08399,0
07.07.2024 08:00:00.000,1.08399,1.08399,1.08399,1.08399,0
07.07.2024 09:00:00.000,1.08399,1.08399,1.08399,1.08399,0
07.07.2024 10:00:00.000,1.08399,1.08399,1.08399,1.08399,0
07.07.2024 11:00:00.000,1.08399,1.08399,1.08399,1.08399,0
07.07.2024 12:00:00.000,1.08399,1.08399,1.08399,1.08399,0
07.07.2024 13:00:00.000,1.08399,1.08399,1.08399,1.08399,0
07.07.2024 14:00:00.000,1.08399,1.08399,1.08399,1.08399,0
07.07.2024 15:00:00.000,1.08399,1.08399,1.08399,1.08399,0
07.07.2024 16:00:00.000,1.08399,1.08399,1.08399,1.08399,0
07.07.2024 17:00:00.000,1.08399,1.08399,1.08399,1.08399,0
07.07.2024 18:00:00.000,1.08399,1.08399,1.08399,1.08399,0
07.07.2024 19:00:00.000,1.08399,1.08399,1.08399,1.08399,0
07.07.2024 20:00:00.000,1.08399,1.08399,1.08399,1.08399,0
07.07.2024 21:00:00.000,1.08047,1.08278,1.08035,1.08206,1344.16
07.07.2024 22:00:00.000,1.08206,1.08333,1.08192,1.08248,4881.4102
07.07.2024 23:00:00.000,1.08248,1.08281,1.08222,1.08259,3752.5601
08.07.2024 00:00:00.000,1.08257,1.08295,1.08192,1.08218,4680.6201
08.07.2024 01:00:00.000,1.08218,1.08297,1.08203,1.08293,6044.3599
08.07.2024 02:00:00.000,1.08293,1.08303,1.08252,1.08262,4380.7202
08.07.2024 03:00:00.000,1.08262,1.08364,1.08261,1.08315,3523.8201
08.07.2024 04:00:00.000,1.08316,1.08318,1.08274,1.08288,2788.71
08.07.2024 05:00:00.000,1.08288,1.08302,1.08211,1.08226,3108.54
08.07.2024 06:00:00.000,1.08226,1.08295,1.08148,1.08219,12451.1396
08.07.2024 07:00:00.000,1.08219,1.08384,1.08211,1.08370,13081.2197
08.07.2024 08:00:00.000,1.08371,1.08432,1.08348,1.08386,10807.1201
08.07.2024 09:00:00.000,1.08384,1.08421,1.08354,1.08383,13607.1699
08.07.2024 10:00:00.000,1.08384,1.08397,1.08238,1.08299,9579.1396
08.07.2024 11:00:00.000,1.08298,1.08336,1.08269,1.08336,8482.6201
08.07.2024 12:00:00.000,1.08336,1.08447,1.08323,1.08439,12312.7998
08.07.2024 13:00:00.000,1.08439,1.08452,1.08385,1.08413,13833.9199
08.07.2024 14:00:00.000,1.08414,1.08449,1.08324,1.08348,13297.9902
08.07.2024 15:00:00.000,1.08349,1.08363,1.08314,1.08348,8293.1201
08.07.2024 16:00:00.000,1.08346,1.08363,1.08287,1.08325,4939.7402
08.07.2024 17:00:00.000,1.08324,1.08338,1.08296,1.08321,3088.29
08.07.2024 18:00:00.000,1.08320,1.08320,1.08236,1.08261,2933.8701
08.07.2024 19:00:00.000,1.08261,1.08267,1.08225,1.08252,3724.95
08.07.2024 20:00:00.000,1.08251,1.08252,1.08230,1.08243,1902.63
08.07.2024 21:00:00.000,1.08250,1.08275,1.08248,1.08267,301.96
08.07.2024 22:00:00.000,1.08267,1.08268,1.08245,1.08260,1923.4301
08.07.2024 23:00:00.000,1.08259,1.08315,1.08259,1.08308,3515.3899
09.07.2024 00:00:00.000,1.08309,1.08335,1.08264,1.08272,4108.7998
09.07.2024 01:00:00.000,1.08272,1.08299,1.08229,1.08237,3262.3301
09.07.2024 02:00:00.000,1.08236,1.08276,1.08194,1.08265,4240.1299
09.07.2024 03:00:00.000,1.08266,1.08300,1.08260,1.08284,2080.53
09.07.2024 04:00:00.000,1.08284,1.08314,1.08280,1.08298,1786.13
09.07.2024 05:00:00.000,1.08297,1.08308,1.08266,1.08288,2880
09.07.2024 06:00:00.000,1.08288,1.08304,1.08241,1.08250,5192.4302
09.07.2024 07:00:00.000,1.08248,1.08300,1.08172,1.08176,6403.8101
09.07.2024 08:00:00.000,1.08176,1.08243,1.08154,1.08226,7892.8501
09.07.2024 09:00:00.000,1.08226,1.08261,1.08189,1.08228,5741.0898
09.07.2024 10:00:00.000,1.08228,1.08285,1.08204,1.08224,8138.21
09.07.2024 11:00:00.000,1.08222,1.08242,1.08122,1.08140,6447.3999
09.07.2024 12:00:00.000,1.08140,1.08178,1.08128,1.08159,11081.3604
09.07.2024 13:00:00.000,1.08160,1.08263,1.08160,1.08222,10040.3398
09.07.2024 14:00:00.000,1.08221,1.08284,1.08096,1.08157,27512.5508
09.07.2024 15:00:00.000,1.08157,1.08195,1.08056,1.08128,12532.3301
09.07.2024 16:00:00.000,1.08128,1.08164,1.08060,1.08101,5164.7202
09.07.2024 17:00:00.000,1.08100,1.08140,1.08066,1.08094,8481.8398
09.07.2024 18:00:00.000,1.08094,1.08142,1.08083,1.08135,7771.5698
09.07.2024 19:00:00.000,1.08135,1.08161,1.08111,1.08144,4468.6401
09.07.2024 20:00:00.000,1.08144,1.08166,1.08136,1.08138,1172.8101
09.07.2024 21:00:00.000,1.08138,1.08172,1.08138,1.08149,813.28
09.07.2024 22:00:00.000,1.08147,1.08157,1.08139,1.08147,578.16
09.07.2024 23:00:00.000,1.08148,1.08162,1.08143,1.08144,991.04
10.07.2024 00:00:00.000,1.08144,1.08169,1.08113,1.08123,3872.8
10.07.2024 01:00:00.000,1.08121,1.08154,1.08110,1.08148,3993.8501
10.07.2024 02:00:00.000,1.08149,1.08170,1.08121,1.08170,3154.99
10.07.2024 03:00:00.000,1.08170,1.08212,1.08166,1.08202,2714.7
10.07.2024 04:00:00.000,1.08202,1.08207,1.08177,1.08187,3268.22
10.07.2024 05:00:00.000,1.08186,1.08214,1.08161,1.08178,4601.3599
10.07.2024 06:00:00.000,1.08178,1.08235,1.08149,1.08222,5372.0801
10.07.2024 07:00:00.000,1.08222,1.08251,1.08152,1.08164,7822.04
10.07.2024 08:00:00.000,1.08163,1.08201,1.08120,1.08156,6099.5498
10.07.2024 09:00:00.000,1.08155,1.08254,1.08146,1.08189,7653.3101
10.07.2024 10:00:00.000,1.08190,1.08241,1.08136,1.08218,6679.1899
10.07.2024 11:00:00.000,1.08219,1.08271,1.08200,1.08258,6479.7402
10.07.2024 12:00:00.000,1.08257,1.08283,1.08235,1.08271,8029.4102
10.07.2024 13:00:00.000,1.08270,1.08290,1.08203,1.08227,11529.1104
10.07.2024 14:00:00.000,1.08228,1.08288,1.08200,1.08233,12679.2695
10.07.2024 15:00:00.000,1.08234,1.08277,1.08211,1.08225,7433.9102
10.07.2024 16:00:00.000,1.08225,1.08279,1.08218,1.08271,4042.5801
10.07.2024 17:00:00.000,1.08271,1.08287,1.08210,1.08222,4056.47
10.07.2024 18:00:00.000,1.08221,1.08253,1.08175,1.08252,2374.48
10.07.2024 19:00:00.000,1.08252,1.08297,1.08239,1.08289,5499.0298
10.07.2024 20:00:00.000,1.08288,1.08308,1.08275,1.08303,3731.4099
10.07.2024 21:00:00.000,1.08304,1.08315,1.08284,1.08307,915.35
10.07.2024 22:00:00.000,1.08306,1.08334,1.08305,1.08331,1127.33
10.07.2024 23:00:00.000,1.08331,1.08367,1.08312,1.08334,2003.6801
11.07.2024 00:00:00.000,1.08334,1.08369,1.08327,1.08353,3830.49
11.07.2024 01:00:00.000,1.08352,1.08401,1.08327,1.08395,2703.4099
11.07.2024 02:00:00.000,1.08395,1.08402,1.08370,1.08372,2542.0701
11.07.2024 03:00:00.000,1.08373,1.08390,1.08357,1.08382,4071.79
11.07.2024 04:00:00.000,1.08381,1.08389,1.08357,1.08366,2909.8601
11.07.2024 05:00:00.000,1.08366,1.08379,1.08347,1.08347,3683.1101
11.07.2024 06:00:00.000,1.08348,1.08398,1.08324,1.08342,11534.3896
11.07.2024 07:00:00.000,1.08341,1.08401,1.08325,1.08396,7774.3101
11.07.2024 08:00:00.000,1.08398,1.08479,1.08384,1.08475,5676.2998
11.07.2024 09:00:00.000,1.08474,1.08529,1.08434,1.08470,6039.1401
11.07.2024 10:00:00.000,1.08468,1.08525,1.08457,1.08489,5789.9302
11.07.2024 11:00:00.000,1.08488,1.08578,1.08487,1.08550,5269.9902
11.07.2024 12:00:00.000,1.08548,1.09001,1.08446,1.08871,44155.6016
11.07.2024 13:00:00.000,1.08870,1.08993,1.08688,1.08868,75044.5625
11.07.2024 14:00:00.000,1.08869,1.08900,1.08708,1.08785,30197.4609
11.07.2024 15:00:00.000,1.08786,1.08810,1.08667,1.08698,26697.3809
11.07.2024 16:00:00.000,1.08698,1.08707,1.08641,1.08670,10740.5098
11.07.2024 17:00:00.000,1.08671,1.08675,1.08600,1.08610,9052.21
11.07.2024 18:00:00.000,1.08609,1.08693,1.08605,1.08681,8167.79
11.07.2024 19:00:00.000,1.08681,1.08700,1.08643,1.08648,4463.8198
11.07.2024 20:00:00.000,1.08648,1.08685,1.08643,1.08685,1221.96
11.07.2024 21:00:00.000,1.08690,1.08694,1.08670,1.08677,909.53
11.07.2024 22:00:00.000,1.08678,1.08685,1.08643,1.08665,1941.0601
11.07.2024 23:00:00.000,1.08666,1.08746,1.08651,1.08743,10068.9004
12.07.2024 00:00:00.000,1.08742,1.08748,1.08679,1.08700,7604.5898
12.07.2024 01:00:00.000,1.08700,1.08722,1.08640,1.08648,4534.9502
12.07.2024 02:00:00.000,1.08648,1.08676,1.08636,1.08659,4416.7202
12.07.2024 03:00:00.000,1.08659,1.08710,1.08648,1.08689,6495.5898
12.07.2024 04:00:00.000,1.08689,1.08711,1.08684,1.08699,5702.8301
12.07.2024 05:00:00.000,1.08700,1.08726,1.08678,1.08696,6208.6001
12.07.2024 06:00:00.000,1.08697,1.08725,1.08634,1.08652,8376.96
12.07.2024 07:00:00.000,1.08652,1.08764,1.08620,1.08757,14523.3604
12.07.2024 08:00:00.000,1.08756,1.08873,1.08755,1.08869,10241.8203
12.07.2024 09:00:00.000,1.08868,1.08895,1.08816,1.08854,6852.71
12.07.2024 10:00:00.000,1.08852,1.08920,1.08848,1.08900,5548
12.07.2024 11:00:00.000,1.08900,1.08924,1.08866,1.08877,5338.9702
12.07.2024 12:00:00.000,1.08878,1.08931,1.08740,1.08906,28523.0293
12.07.2024 13:00:00.000,1.08906,1.08981,1.08870,1.08972,22415.5098
12.07.2024 14:00:00.000,1.08973,1.09096,1.08934,1.09093,22708.0195
12.07.2024 15:00:00.000,1.09094,1.09111,1.09012,1.09014,8831.3496
12.07.2024 16:00:00.000,1.09013,1.09055,1.09007,1.09046,6561.5098
12.07.2024 17:00:00.000,1.09047,1.09075,1.09012,1.09066,6313.23
12.07.2024 18:00:00.000,1.09065,1.09068,1.09011,1.09063,4689.0498
12.07.2024 19:00:00.000,1.09063,1.09115,1.09049,1.09065,6177.8301
12.07.2024 20:00:00.000,1.09067,1.09101,1.09043,1.09094,4933.4902
12.07.2024 21:00:00.000,1.09094,1.09094,1.09094,1.09094,0
12.07.2024 22:00:00.000,1.09094,1.09094,1.09094,1.09094,0
12.07.2024 23:00:00.000,1.09094,1.09094,1.09094,1.09094,0
13.07.2024 00:00:00.000,1.09094,1.09094,1.09094,1.09094,0
13.07.2024 01:00:00.000,1.09094,1.09094,1.09094,1.09094,0
13.07.2024 02:00:00.000,1.09094,1.09094,1.09094,1.09094,0
13.07.2024 03:00:00.000,1.09094,1.09094,1.09094,1.09094,0
13.07.2024 04:00:00.000,1.09094,1.09094,1.09094,1.09094,0
13.07.2024 05:00:00.000,1.09094,1.09094,1.09094,1.09094,0
13.07.2024 06:00:00.000,1.09094,1.09094,1.09094,1.09094,0
13.07.2024 07:00:00.000,1.09094,1.09094,1.09094,1.09094,0
13.07.2024 08:00:00.000,1.09094,1.09094,1.09094,1.09094,0
13.07.2024 09:00:00.000,1.09094,1.09094,1.09094,1.09094,0
13.07.2024 10:00:00.000,1.09094,1.09094,1.09094,1.09094,0
13.07.2024 11:00:00.000,1.09094,1.09094,1.09094,1.09094,0
13.07.2024 12:00:00.000,1.09094,1.09094,1.09094,1.09094,0
13.07.2024 13:00:00.000,1.09094,1.09094,1.09094,1.09094,0
13.07.2024 14:00:00.000,1.09094,1.09094,1.09094,1.09094,0
13.07.2024 15:00:00.000,1.09094,1.09094,1.09094,1.09094,0
13.07.2024 16:00:00.000,1.09094,1.09094,1.09094,1.09094,0
13.07.2024 17:00:00.000,1.09094,1.09094,1.09094,1.09094,0
13.07.2024 18:00:00.000,1.09094,1.09094,1.09094,1.09094,0
13.07.2024 19:00:00.000,1.09094,1.09094,1.09094,1.09094,0
13.07.2024 20:00:00.000,1.09094,1.09094,1.09094,1.09094,0
13.07.2024 21:00:00.000,1.09094,1.09094,1.09094,1.09094,0
13.07.2024 22:00:00.000,1.09094,1.09094,1.09094,1.09094,0
13.07.2024 23:00:00.000,1.09094,1.09094,1.09094,1.09094,0
14.07.2024 00:00:00.000,1.09094,1.09094,1.09094,1.09094,0
14.07.2024 01:00:00.000,1.09094,1.09094,1.09094,1.09094,0
14.07.2024 02:00:00.000,1.09094,1.09094,1.09094,1.09094,0
14.07.2024 03:00:00.000,1.09094,1.09094,1.09094,1.09094,0
14.07.2024 04:00:00.000,1.09094,1.09094,1.09094,1.09094,0
14.07.2024 05:00:00.000,1.09094,1.09094,1.09094,1.09094,0
14.07.2024 06:00:00.000,1.09094,1.09094,1.09094,1.09094,0
14.07.2024 07:00:00.000,1.09094,1.09094,1.09094,1.09094,0
14.07.2024 08:00:00.000,1.09094,1.09094,1.09094,1.09094,0
14.07.2024 09:00:00.000,1.09094,1.09094,1.09094,1.09094,0
14.07.2024 10:00:00.000,1.09094,1.09094,1.09094,1.09094,0
14.07.2024 11:00:00.000,1.09094,1.09094,1.09094,1.09094,0
14.07.2024 12:00:00.000,1.09094,1.09094,1.09094,1.09094,0
14.07.2024 13:00:00.000,1.09094,1.09094,1.09094,1.09094,0
14.07.2024 14:00:00.000,1.09094,1.09094,1.09094,1.09094,0
14.07.2024 15:00:00.000,1.09094,1.09094,1.09094,1.09094,0
14.07.2024 16:00:00.000,1.09094,1.09094,1.09094,1.09094,0
14.07.2024 17:00:00.000,1.09094,1.09094,1.09094,1.09094,0
14.07.2024 18:00:00.000,1.09094,1.09094,1.09094,1.09094,0
14.07.2024 19:00:00.000,1.09094,1.09094,1.09094,1.09094,0
14.07.2024 20:00:00.000,1.09094,1.09094,1.09094,1.09094,0
14.07.2024 21:00:00.000,1.08889,1.08972,1.08876,1.08914,1643.3101
14.07.2024 22:00:00.000,1.08912,1.08939,1.08849,1.08873,3455.1201
14.07.2024 23:00:00.000,1.08873,1.08886,1.08835,1.08858,3587.1299
15.07.2024 00:00:00.000,1.08859,1.08890,1.08836,1.08885,3204.26
15.07.2024 01:00:00.000,1.08885,1.08902,1.08863,1.08899,3416.6499
15.07.2024 02:00:00.000,1.08898,1.08920,1.08866,1.08919,3171.27
15.07.2024 03:00:00.000,1.08920,1.08959,1.08909,1.08943,1869.55
15.07.2024 04:00:00.000,1.08942,1.08948,1.08926,1.08938,733.79
15.07.2024 05:00:00.000,1.08938,1.08962,1.08929,1.08946,1134.6
15.07.2024 06:00:00.000,1.08946,1.08963,1.08864,1.08897,4143.6899
15.07.2024 07:00:00.000,1.08896,1.08965,1.08839,1.08958,6544.8198
15.07.2024 08:00:00.000,1.08959,1.09094,1.08959,1.09086,7007.7798
15.07.2024 09:00:00.000,1.09085,1.09153,1.09070,1.09130,6610.52
15.07.2024 10:00:00.000,1.09129,1.09205,1.09050,1.09101,8056.5298
15.07.2024 11:00:00.000,1.09100,1.09150,1.09053,1.09057,6338.8599
15.07.2024 12:00:00.000,1.09058,1.09089,1.09023,1.09075,10939.8203
15.07.2024 13:00:00.000,1.09076,1.09166,1.09070,1.09153,10236.4297
15.07.2024 14:00:00.000,1.09154,1.09179,1.09078,1.09172,11392.9102
15.07.2024 15:00:00.000,1.09172,1.09225,1.09101,1.09120,8550.6201
15.07.2024 16:00:00.000,1.09119,1.09173,1.09002,1.09064,11700.1201
15.07.2024 17:00:00.000,1.09064,1.09065,1.08935,1.08950,12325.5
15.07.2024 18:00:00.000,1.08950,1.09020,1.08936,1.09016,5469.8501
15.07.2024 19:00:00.000,1.09014,1.09014,1.08965,1.08990,5487.3398
15.07.2024 20:00:00.000,1.08990,1.08994,1.08947,1.08948,2844.3899
15.07.2024 21:00:00.000,1.08953,1.08994,1.08949,1.08969,754.32
15.07.2024 22:00:00.000,1.08971,1.08978,1.08943,1.08948,1317.66
15.07.2024 23:00:00.000,1.08948,1.08987,1.08947,1.08983,2520.3201
16.07.2024 00:00:00.000,1.08983,1.08983,1.08911,1.08915,3874.97
16.07.2024 01:00:00.000,1.08916,1.08935,1.08903,1.08930,4619.6499
16.07.2024 02:00:00.000,1.08931,1.08937,1.08888,1.08911,3831.3
16.07.2024 03:00:00.000,1.08911,1.08942,1.08909,1.08933,2684.04
16.07.2024 04:00:00.000,1.08932,1.08946,1.08920,1.08927,1831.35
16.07.2024 05:00:00.000,1.08925,1.08926,1.08872,1.08888,2184.8401
16.07.2024 06:00:00.000,1.08887,1.08910,1.08837,1.08887,6691.2798
16.07.2024 07:00:00.000,1.08887,1.09004,1.08887,1.08995,9848.3701
16.07.2024 08:00:00.000,1.08993,1.09030,1.08941,1.09005,8041.5498
16.07.2024 09:00:00.000,1.09006,1.09044,1.08940,1.08982,10361.3799
16.07.2024 10:00:00.000,1.08981,1.09031,1.08961,1.08992,6062.96
16.07.2024 11:00:00.000,1.08992,1.09039,1.08946,1.09022,6340.8101
16.07.2024 12:00:00.000,1.09021,1.09056,1.08757,1.08808,15026.3301
16.07.2024 13:00:00.000,1.08808,1.08834,1.08717,1.08833,15947.0898
16.07.2024 14:00:00.000,1.08833,1.08850,1.08733,1.08787,13405.4102
16.07.2024 15:00:00.000,1.08787,1.08862,1.08786,1.08847,12420.9297
16.07.2024 16:00:00.000,1.08848,1.08892,1.08814,1.08891,8226.3096
16.07.2024 17:00:00.000,1.08890,1.08925,1.08879,1.08922,4152.6699
16.07.2024 18:00:00.000,1.08922,1.08975,1.08906,1.08961,5601.4902
16.07.2024 19:00:00.000,1.08960,1.09030,1.08955,1.09019,5496.0601
16.07.2024 20:00:00.000,1.09018,1.09029,1.08985,1.08997,3220.8401
16.07.2024 21:00:00.000,1.08999,1.09026,1.08993,1.08997,838.34
16.07.2024 22:00:00.000,1.08996,1.09022,1.08978,1.09022,2895.8701
16.07.2024 23:00:00.000,1.09023,1.09031,1.09004,1.09022,3420.23
17.07.2024 00:00:00.000,1.09022,1.09031,1.08960,1.08978,4133.9102
17.07.2024 01:00:00.000,1.08978,1.09031,1.08958,1.09026,4410.8398
17.07.2024 02:00:00.000,1.09026,1.09071,1.09011,1.09045,4713.4399
17.07.2024 03:00:00.000,1.09045,1.09065,1.09007,1.09064,4486.25
17.07.2024 04:00:00.000,1.09064,1.09068,1.09022,1.09032,2339.49
17.07.2024 05:00:00.000,1.09032,1.09070,1.09011,1.09047,3914.5801
17.07.2024 06:00:00.000,1.09047,1.09058,1.08976,1.08976,9357.1904
17.07.2024 07:00:00.000,1.08977,1.09136,1.08953,1.09086,15423.5195
17.07.2024 08:00:00.000,1.09086,1.09440,1.09078,1.09420,25383.9395
17.07.2024 09:00:00.000,1.09421,1.09451,1.09361,1.09440,21456.8398
17.07.2024 10:00:00.000,1.09440,1.09450,1.09303,1.09308,12533.0498
17.07.2024 11:00:00.000,1.09307,1.09421,1.09291,1.09349,9869.2002
17.07.2024 12:00:00.000,1.09346,1.09442,1.09322,1.09426,21517.9297
17.07.2024 13:00:00.000,1.09426,1.09482,1.09357,1.09388,19267.3906
17.07.2024 14:00:00.000,1.09388,1.09388,1.09316,1.09327,14711.0098
17.07.2024 15:00:00.000,1.09325,1.09362,1.09278,1.09326,10459.4199
17.07.2024 16:00:00.000,1.09325,1.09338,1.09238,1.09298,8484.71
17.07.2024 17:00:00.000,1.09298,1.09366,1.09284,1.09314,7799.23
17.07.2024 18:00:00.000,1.09314,1.09395,1.09306,1.09370,3833.96
17.07.2024 19:00:00.000,1.09369,1.09399,1.09349,1.09364,4313.8599
17.07.2024 20:00:00.000,1.09363,1.09401,1.09354,1.09396,2488.8501
17.07.2024 21:00:00.000,1.09396,1.09406,1.09387,1.09389,384.92
17.07.2024 22:00:00.000,1.09389,1.09400,1.09384,1.09398,3104.1399
17.07.2024 23:00:00.000,1.09398,1.09411,1.09388,1.09404,5340.4399
18.07.2024 00:00:00.000,1.09405,1.09409,1.09368,1.09372,5478.1602
18.07.2024 01:00:00.000,1.09371,1.09392,1.09342,1.09344,5001.3101
18.07.2024 02:00:00.000,1.09343,1.09360,1.09324,1.09353,4473.5298
18.07.2024 03:00:00.000,1.09354,1.09368,1.09324,1.09330,6941.1499
18.07.2024 04:00:00.000,1.09330,1.09365,1.09318,1.09337,8821.0801
18.07.2024 05:00:00.000,1.09338,1.09384,1.09329,1.09372,10375.9004
18.07.2024 06:00:00.000,1.09372,1.09375,1.09278,1.09313,8270.4502
18.07.2024 07:00:00.000,1.09314,1.09353,1.09263,1.09315,20751.8301
18.07.2024 08:00:00.000,1.09316,1.09389,1.09291,1.09308,7185.4702
18.07.2024 09:00:00.000,1.09307,1.09319,1.09274,1.09311,6322.8398
18.07.2024 10:00:00.000,1.09308,1.09363,1.09287,1.09332,12650.75
18.07.2024 11:00:00.000,1.09331,1.09333,1.09264,1.09277,4549.1499
18.07.2024 12:00:00.000,1.09276,1.09372,1.09240,1.09287,16329.4199
18.07.2024 13:00:00.000,1.09287,1.09292,1.09075,1.09114,18886.7695
18.07.2024 14:00:00.000,1.09113,1.09168,1.09051,1.09150,20356.4492
18.07.2024 15:00:00.000,1.09148,1.09185,1.09052,1.09124,19101.3906
18.07.2024 16:00:00.000,1.09123,1.09164,1.09112,1.09163,8654.3301
18.07.2024 17:00:00.000,1.09161,1.09166,1.09069,1.09071,3981.8701
18.07.2024 18:00:00.000,1.09071,1.09075,1.08959,1.08991,5102.2402
18.07.2024 19:00:00.000,1.08991,1.09000,1.08938,1.08974,7851.3301
18.07.2024 20:00:00.000,1.08973,1.08989,1.08955,1.08969,2890.21
18.07.2024 21:00:00.000,1.08969,1.09006,1.08965,1.08981,1154.2354
18.07.2024 22:00:00.000,1.08985,1.09003,1.08965,1.08978,2831.6201
18.07.2024 23:00:00.000,1.08978,1.09020,1.08969,1.09005,5384.8398
19.07.2024 00:00:00.000,1.09005,1.09005,1.08910,1.08922,6068.4102
19.07.2024 01:00:00.000,1.08923,1.08950,1.08864,1.08878,6166.27
19.07.2024 02:00:00.000,1.08878,1.08925,1.08873,1.08922,6768.5698
19.07.2024 03:00:00.000,1.08921,1.08924,1.08880,1.08886,2185.72
19.07.2024 04:00:00.000,1.08887,1.08899,1.08863,1.08873,2451.8301
19.07.2024 05:00:00.000,1.08873,1.08906,1.08847,1.08893,3343.8301
19.07.2024 06:00:00.000,1.08890,1.08899,1.08836,1.08852,6747.9399
19.07.2024 07:00:00.000,1.08851,1.08907,1.08820,1.08881,13201.29
19.07.2024 08:00:00.000,1.08881,1.08881,1.08764,1.08792,9969.0801
19.07.2024 09:00:00.000,1.08792,1.08848,1.08777,1.08805,4966.0098
19.07.2024 10:00:00.000,1.08804,1.08865,1.08776,1.08842,4314.7402
19.07.2024 11:00:00.000,1.08843,1.08934,1.08831,1.08933,5222.7002
19.07.2024 12:00:00.000,1.08933,1.08942,1.08846,1.08891,8802.3496
19.07.2024 13:00:00.000,1.08892,1.08898,1.08816,1.08816,13651.4404
19.07.2024 14:00:00.000,1.08816,1.08902,1.08794,1.08898,12505.2803
19.07.2024 15:00:00.000,1.08898,1.08902,1.08837,1.08881,7233.5698
19.07.2024 16:00:00.000,1.08883,1.08913,1.08842,1.08851,6461.7798
19.07.2024 17:00:00.000,1.08851,1.08855,1.08809,1.08840,5777.75
19.07.2024 18:00:00.000,1.08840,1.08848,1.08758,1.08789,7912.1499
19.07.2024 19:00:00.000,1.08790,1.08824,1.08770,1.08794,6179.5298
19.07.2024 20:00:00.000,1.08795,1.08862,1.08792,1.08860,4832.2402
19.07.2024 21:00:00.000,1.08860,1.08860,1.08860,1.08860,0
19.07.2024 22:00:00.000,1.08860,1.08860,1.08860,1.08860,0
19.07.2024 23:00:00.000,1.08860,1.08860,1.08860,1.08860,0
20.07.2024 00:00:00.000,1.08860,1.08860,1.08860,1.08860,0
20.07.2024 01:00:00.000,1.08860,1.08860,1.08860,1.08860,0
20.07.2024 02:00:00.000,1.08860,1.08860,1.08860,1.08860,0
20.07.2024 03:00:00.000,1.08860,1.08860,1.08860,1.08860,0
20.07.2024 04:00:00.000,1.08860,1.08860,1.08860,1.08860,0
20.07.2024 05:00:00.000,1.08860,1.08860,1.08860,1.08860,0
20.07.2024 06:00:00.000,1.08860,1.08860,1.08860,1.08860,0
20.07.2024 07:00:00.000,1.08860,1.08860,1.08860,1.08860,0
20.07.2024 08:00:00.000,1.08860,1.08860,1.08860,1.08860,0
20.07.2024 09:00:00.000,1.08860,1.08860,1.08860,1.08860,0
20.07.2024 10:00:00.000,1.08860,1.08860,1.08860,1.08860,0
20.07.2024 11:00:00.000,1.08860,1.08860,1.08860,1.08860,0
20.07.2024 12:00:00.000,1.08860,1.08860,1.08860,1.08860,0
20.07.2024 13:00:00.000,1.08860,1.08860,1.08860,1.08860,0
20.07.2024 14:00:00.000,1.08860,1.08860,1.08860,1.08860,0
20.07.2024 15:00:00.000,1.08860,1.08860,1.08860,1.08860,0
20.07.2024 16:00:00.000,1.08860,1.08860,1.08860,1.08860,0
20.07.2024 17:00:00.000,1.08860,1.08860,1.08860,1.08860,0
20.07.2024 18:00:00.000,1.08860,1.08860,1.08860,1.08860,0
20.07.2024 19:00:00.000,1.08860,1.08860,1.08860,1.08860,0
20.07.2024 20:00:00.000,1.08860,1.08860,1.08860,1.08860,0
20.07.2024 21:00:00.000,1.08860,1.08860,1.08860,1.08860,0
20.07.2024 22:00:00.000,1.08860,1.08860,1.08860,1.08860,0
20.07.2024 23:00:00.000,1.08860,1.08860,1.08860,1.08860,0
21.07.2024 00:00:00.000,1.08860,1.08860,1.08860,1.08860,0
21.07.2024 01:00:00.000,1.08860,1.08860,1.08860,1.08860,0
21.07.2024 02:00:00.000,1.08860,1.08860,1.08860,1.08860,0
21.07.2024 03:00:00.000,1.08860,1.08860,1.08860,1.08860,0
21.07.2024 04:00:00.000,1.08860,1.08860,1.08860,1.08860,0
21.07.2024 05:00:00.000,1.08860,1.08860,1.08860,1.08860,0
21.07.2024 06:00:00.000,1.08860,1.08860,1.08860,1.08860,0
21.07.2024 07:00:00.000,1.08860,1.08860,1.08860,1.08860,0
21.07.2024 08:00:00.000,1.08860,1.08860,1.08860,1.08860,0
21.07.2024 09:00:00.000,1.08860,1.08860,1.08860,1.08860,0
21.07.2024 10:00:00.000,1.08860,1.08860,1.08860,1.08860,0
21.07.2024 11:00:00.000,1.08860,1.08860,1.08860,1.08860,0
21.07.2024 12:00:00.000,1.08860,1.08860,1.08860,1.08860,0
21.07.2024 13:00:00.000,1.08860,1.08860,1.08860,1.08860,0
21.07.2024 14:00:00.000,1.08860,1.08860,1.08860,1.08860,0
21.07.2024 15:00:00.000,1.08860,1.08860,1.08860,1.08860,0
21.07.2024 16:00:00.000,1.08860,1.08860,1.08860,1.08860,0
21.07.2024 17:00:00.000,1.08860,1.08860,1.08860,1.08860,0
21.07.2024 18:00:00.000,1.08860,1.08860,1.08860,1.08860,0
21.07.2024 19:00:00.000,1.08860,1.08860,1.08860,1.08860,0
21.07.2024 20:00:00.000,1.08860,1.08860,1.08860,1.08860,0
21.07.2024 21:00:00.000,1.08906,1.08910,1.08835,1.08867,947.63
21.07.2024 22:00:00.000,1.08867,1.09002,1.08864,1.09000,2858.45
21.07.2024 23:00:00.000,1.09001,1.09028,1.08986,1.08991,4419.3501
22.07.2024 00:00:00.000,1.08990,1.09000,1.08926,1.08941,3180.4299
22.07.2024 01:00:00.000,1.08940,1.08950,1.08849,1.08868,4067.9099
22.07.2024 02:00:00.000,1.08867,1.08955,1.08849,1.08929,9692.9697
22.07.2024 03:00:00.000,1.08927,1.08939,1.08909,1.08917,1859.35
22.07.2024 04:00:00.000,1.08918,1.08928,1.08872,1.08876,1504.29
22.07.2024 05:00:00.000,1.08875,1.08878,1.08827,1.08848,2423.0701
22.07.2024 06:00:00.000,1.08846,1.08904,1.08790,1.08811,8158.29
22.07.2024 07:00:00.000,1.08811,1.08882,1.08806,1.08874,14041.2197
22.07.2024 08:00:00.000,1.08873,1.08927,1.08850,1.08883,11068.96
22.07.2024 09:00:00.000,1.08883,1.08955,1.08872,1.08921,5696.1899
22.07.2024 10:00:00.000,1.08920,1.08930,1.08855,1.08896,11778.8896
22.07.2024 11:00:00.000,1.08897,1.08913,1.08840,1.08859,8288.1504
22.07.2024 12:00:00.000,1.08859,1.08887,1.08753,1.08783,12822.0596
22.07.2024 13:00:00.000,1.08782,1.08865,1.08756,1.08806,13336.9697
22.07.2024 14:00:00.000,1.08806,1.08858,1.08732,1.08847,17495.3809
22.07.2024 15:00:00.000,1.08848,1.08864,1.08768,1.08800,11833.3896
22.07.2024 16:00:00.000,1.08800,1.08870,1.08789,1.08864,7912.6099
22.07.2024 17:00:00.000,1.08865,1.08920,1.08865,1.08903,6302.6602
22.07.2024 18:00:00.000,1.08904,1.08906,1.08879,1.08896,5826.6699
22.07.2024 19:00:00.000,1.08897,1.08897,1.08859,1.08874,5116.46
22.07.2024 20:00:00.000,1.08873,1.08921,1.08864,1.08917,3804.96
22.07.2024 21:00:00.000,1.08921,1.08955,1.08882,1.08914,2920.1399
22.07.2024 22:00:00.000,1.08909,1.08926,1.08909,1.08912,731.88
22.07.2024 23:00:00.000,1.08913,1.08917,1.08891,1.08891,1434.3199
23.07.2024 00:00:00.000,1.08890,1.08927,1.08873,1.08899,5109.0098
23.07.2024 01:00:00.000,1.08900,1.08942,1.08876,1.08889,7346.4502
23.07.2024 02:00:00.000,1.08888,1.08939,1.08885,1.08920,6476.7002
23.07.2024 03:00:00.000,1.08921,1.08969,1.08921,1.08944,4567.54
23.07.2024 04:00:00.000,1.08943,1.08950,1.08909,1.08910,2452.4199
23.07.2024 05:00:00.000,1.08909,1.08915,1.08883,1.08903,2523.4099
23.07.2024 06:00:00.000,1.08902,1.08905,1.08795,1.08850,7027.7002
23.07.2024 07:00:00.000,1.08851,1.08888,1.08741,1.08764,13289.0703
23.07.2024 08:00:00.000,1.08761,1.08825,1.08682,1.08779,17771.7793
23.07.2024 09:00:00.000,1.08780,1.08785,1.08661,1.08674,11062.8398
23.07.2024 10:00:00.000,1.08675,1.08691,1.08566,1.08617,15271.6396
23.07.2024 11:00:00.000,1.08616,1.08686,1.08561,1.08571,7343.7202
23.07.2024 12:00:00.000,1.08571,1.08637,1.08549,1.08561,14882.54
23.07.2024 13:00:00.000,1.08561,1.08564,1.08460,1.08495,13806.4102
23.07.2024 14:00:00.000,1.08495,1.08555,1.08441,1.08449,11635.2402
23.07.2024 15:00:00.000,1.08448,1.08579,1.08448,1.08544,12067.96
23.07.2024 16:00:00.000,1.08544,1.08580,1.08520,1.08535,5276.0298
23.07.2024 17:00:00.000,1.08536,1.08566,1.08507,1.08533,6698.8901
23.07.2024 18:00:00.000,1.08533,1.08556,1.08514,1.08524,3601.9099
23.07.2024 19:00:00.000,1.08523,1.08526,1.08494,1.08510,3753.6699
23.07.2024 20:00:00.000,1.08510,1.08565,1.08496,1.08542,2242.45
23.07.2024 21:00:00.000,1.08542,1.08555,1.08541,1.08553,521.16
23.07.2024 22:00:00.000,1.08546,1.08547,1.08497,1.08512,3007.99
23.07.2024 23:00:00.000,1.08512,1.08522,1.08488,1.08498,2352.4099
24.07.2024 00:00:00.000,1.08498,1.08504,1.08459,1.08469,3080.5601
24.07.2024 01:00:00.000,1.08469,1.08504,1.08461,1.08485,7586.1299
24.07.2024 02:00:00.000,1.08485,1.08485,1.08419,1.08431,3621.48
24.07.2024 03:00:00.000,1.08431,1.08460,1.08428,1.08453,10567.8604
24.07.2024 04:00:00.000,1.08454,1.08478,1.08435,1.08471,8065.2002
24.07.2024 05:00:00.000,1.08471,1.08534,1.08467,1.08528,6065.3301
24.07.2024 06:00:00.000,1.08527,1.08527,1.08427,1.08433,7966.2002
24.07.2024 07:00:00.000,1.08431,1.08540,1.08258,1.08297,16525.4902
24.07.2024 08:00:00.000,1.08296,1.08377,1.08259,1.08352,9904.0996
24.07.2024 09:00:00.000,1.08353,1.08415,1.08325,1.08409,5262.6401
24.07.2024 10:00:00.000,1.08408,1.08465,1.08402,1.08428,6272.4102
24.07.2024 11:00:00.000,1.08428,1.08491,1.08387,1.08463,6011.6201
24.07.2024 12:00:00.000,1.08465,1.08594,1.08458,1.08583,10088.9102
24.07.2024 13:00:00.000,1.08584,1.08631,1.08517,1.08546,15548.2695
24.07.2024 14:00:00.000,1.08544,1.08667,1.08507,1.08538,23426.0703
24.07.2024 15:00:00.000,1.08540,1.08577,1.08517,1.08530,9612.6396
24.07.2024 16:00:00.000,1.08530,1.08531,1.08476,1.08511,7055.8101
24.07.2024 17:00:00.000,1.08512,1.08551,1.08460,1.08464,7344.1499
24.07.2024 18:00:00.000,1.08464,1.08464,1.08369,1.08377,8533.7695
24.07.2024 19:00:00.000,1.08376,1.08427,1.08361,1.08390,5549.96
24.07.2024 20:00:00.000,1.08389,1.08403,1.08381,1.08400,2577.76
24.07.2024 21:00:00.000,1.08409,1.08422,1.08399,1.08415,611.85
24.07.2024 22:00:00.000,1.08413,1.08423,1.08381,1.08396,4532.1802
24.07.2024 23:00:00.000,1.08397,1.08401,1.08377,1.08382,3773.71
25.07.2024 00:00:00.000,1.08382,1.08414,1.08350,1.08396,12893.3398
25.07.2024 01:00:00.000,1.08397,1.08429,1.08374,1.08382,22826.3906
25.07.2024 02:00:00.000,1.08381,1.08417,1.08365,1.08396,16706.5098
25.07.2024 03:00:00.000,1.08396,1.08441,1.08391,1.08428,10672.0703
25.07.2024 04:00:00.000,1.08429,1.08436,1.08379,1.08402,4925.3501
25.07.2024 05:00:00.000,1.08403,1.08457,1.08383,1.08453,13225.3896
25.07.2024 06:00:00.000,1.08453,1.08453,1.08335,1.08349,8636.7998
25.07.2024 07:00:00.000,1.08349,1.08533,1.08285,1.08496,20610.4492
25.07.2024 08:00:00.000,1.08495,1.08579,1.08435,1.08462,16458.1699
25.07.2024 09:00:00.000,1.08462,1.08561,1.08441,1.08517,20801.6309
25.07.2024 10:00:00.000,1.08516,1.08590,1.08482,1.08515,17106.7695
25.07.2024 11:00:00.000,1.08515,1.08538,1.08438,1.08458,8960.0898
25.07.2024 12:00:00.000,1.08457,1.08554,1.08364,1.08500,33384.3008
25.07.2024 13:00:00.000,1.08498,1.08509,1.08304,1.08393,20694.1191
25.07.2024 14:00:00.000,1.08392,1.08571,1.08364,1.08549,20431.2891
25.07.2024 15:00:00.000,1.08549,1.08649,1.08547,1.08601,12691.1602
25.07.2024 16:00:00.000,1.08601,1.08636,1.08567,1.08622,11595.4697
25.07.2024 17:00:00.000,1.08623,1.08701,1.08541,1.08545,7697.8398
25.07.2024 18:00:00.000,1.08544,1.08550,1.08480,1.08480,7670.3101
25.07.2024 19:00:00.000,1.08479,1.08539,1.08456,1.08460,8479.7305
25.07.2024 20:00:00.000,1.08461,1.08465,1.08436,1.08455,3816.6699
25.07.2024 21:00:00.000,1.08465,1.08475,1.08456,1.08467,811.59
25.07.2024 22:00:00.000,1.08469,1.08487,1.08442,1.08473,2476.04
25.07.2024 23:00:00.000,1.08473,1.08516,1.08472,1.08515,4558.0098
26.07.2024 00:00:00.000,1.08516,1.08556,1.08516,1.08541,9831.0498
26.07.2024 01:00:00.000,1.08540,1.08598,1.08521,1.08582,8489.1504
26.07.2024 02:00:00.000,1.08582,1.08607,1.08548,1.08554,8645.8496
26.07.2024 03:00:00.000,1.08554,1.08587,1.08543,1.08585,4590.3198
26.07.2024 04:00:00.000,1.08585,1.08600,1.08570,1.08585,2295.2
26.07.2024 05:00:00.000,1.08585,1.08608,1.08568,1.08574,4105.4102
26.07.2024 06:00:00.000,1.08573,1.08573,1.08507,1.08526,5436.3799
26.07.2024 07:00:00.000,1.08525,1.08557,1.08450,1.08495,10189.6299
26.07.2024 08:00:00.000,1.08494,1.08531,1.08423,1.08517,7240.6802
26.07.2024 09:00:00.000,1.08516,1.08568,1.08501,1.08541,5508.3901
26.07.2024 10:00:00.000,1.08541,1.08588,1.08510,1.08563,7288.8799
26.07.2024 11:00:00.000,1.08563,1.08615,1.08524,1.08612,6939.5698
26.07.2024 12:00:00.000,1.08613,1.08656,1.08496,1.08607,17847.3594
26.07.2024 13:00:00.000,1.08608,1.08674,1.08592,1.08656,16127.3604
26.07.2024 14:00:00.000,1.08658,1.08684,1.08515,1.08560,28823.6797
26.07.2024 15:00:00.000,1.08560,1.08603,1.08527,1.08580,8912.1602
26.07.2024 16:00:00.000,1.08581,1.08670,1.08566,1.08655,5391.48
26.07.2024 17:00:00.000,1.08654,1.08656,1.08581,1.08608,4177.4702
26.07.2024 18:00:00.000,1.08608,1.08636,1.08563,1.08569,4839.9902
26.07.2024 19:00:00.000,1.08569,1.08593,1.08555,1.08579,7054.1099
26.07.2024 20:00:00.000,1.08577,1.08581,1.08552,1.08572,5272.4399
26.07.2024 21:00:00.000,1.08572,1.08572,1.08572,1.08572,0
26.07.2024 22:00:00.000,1.08572,1.08572,1.08572,1.08572,0
26.07.2024 23:00:00.000,1.08572,1.08572,1.08572,1.08572,0
27.07.2024 00:00:00.000,1.08572,1.08572,1.08572,1.08572,0
27.07.2024 01:00:00.000,1.08572,1.08572,1.08572,1.08572,0
27.07.2024 02:00:00.000,1.08572,1.08572,1.08572,1.08572,0
27.07.2024 03:00:00.000,1.08572,1.08572,1.08572,1.08572,0
27.07.2024 04:00:00.000,1.08572,1.08572,1.08572,1.08572,0
27.07.2024 05:00:00.000,1.08572,1.08572,1.08572,1.08572,0
27.07.2024 06:00:00.000,1.08572,1.08572,1.08572,1.08572,0
27.07.2024 07:00:00.000,1.08572,1.08572,1.08572,1.08572,0
27.07.2024 08:00:00.000,1.08572,1.08572,1.08572,1.08572,0
27.07.2024 09:00:00.000,1.08572,1.08572,1.08572,1.08572,0
27.07.2024 10:00:00.000,1.08572,1.08572,1.08572,1.08572,0
27.07.2024 11:00:00.000,1.08572,1.08572,1.08572,1.08572,0
27.07.2024 12:00:00.000,1.08572,1.08572,1.08572,1.08572,0
27.07.2024 13:00:00.000,1.08572,1.08572,1.08572,1.08572,0
27.07.2024 14:00:00.000,1.08572,1.08572,1.08572,1.08572,0
27.07.2024 15:00:00.000,1.08572,1.08572,1.08572,1.08572,0
27.07.2024 16:00:00.000,1.08572,1.08572,1.08572,1.08572,0
27.07.2024 17:00:00.000,1.08572,1.08572,1.08572,1.08572,0
27.07.2024 18:00:00.000,1.08572,1.08572,1.08572,1.08572,0
27.07.2024 19:00:00.000,1.08572,1.08572,1.08572,1.08572,0
27.07.2024 20:00:00.000,1.08572,1.08572,1.08572,1.08572,0
27.07.2024 21:00:00.000,1.08572,1.08572,1.08572,1.08572,0
27.07.2024 22:00:00.000,1.08572,1.08572,1.08572,1.08572,0
27.07.2024 23:00:00.000,1.08572,1.08572,1.08572,1.08572,0
28.07.2024 00:00:00.000,1.08572,1.08572,1.08572,1.08572,0
28.07.2024 01:00:00.000,1.08572,1.08572,1.08572,1.08572,0
28.07.2024 02:00:00.000,1.08572,1.08572,1.08572,1.08572,0
28.07.2024 03:00:00.000,1.08572,1.08572,1.08572,1.08572,0
28.07.2024 04:00:00.000,1.08572,1.08572,1.08572,1.08572,0
28.07.2024 05:00:00.000,1.08572,1.08572,1.08572,1.08572,0
28.07.2024 06:00:00.000,1.08572,1.08572,1.08572,1.08572,0
28.07.2024 07:00:00.000,1.08572,1.08572,1.08572,1.08572,0
28.07.2024 08:00:00.000,1.08572,1.08572,1.08572,1.08572,0
28.07.2024 09:00:00.000,1.08572,1.08572,1.08572,1.08572,0
28.07.2024 10:00:00.000,1.08572,1.08572,1.08572,1.08572,0
28.07.2024 11:00:00.000,1.08572,1.08572,1.08572,1.08572,0
28.07.2024 12:00:00.000,1.08572,1.08572,1.08572,1.08572,0
28.07.2024 13:00:00.000,1.08572,1.08572,1.08572,1.08572,0
28.07.2024 14:00:00.000,1.08572,1.08572,1.08572,1.08572,0
28.07.2024 15:00:00.000,1.08572,1.08572,1.08572,1.08572,0
28.07.2024 16:00:00.000,1.08572,1.08572,1.08572,1.08572,0
28.07.2024 17:00:00.000,1.08572,1.08572,1.08572,1.08572,0
28.07.2024 18:00:00.000,1.08572,1.08572,1.08572,1.08572,0
28.07.2024 19:00:00.000,1.08572,1.08572,1.08572,1.08572,0
28.07.2024 20:00:00.000,1.08572,1.08572,1.08572,1.08572,0
28.07.2024 21:00:00.000,1.08583,1.08626,1.08572,1.08596,959.03
28.07.2024 22:00:00.000,1.08572,1.08602,1.08559,1.08563,2492.3101
28.07.2024 23:00:00.000,1.08564,1.08570,1.08530,1.08530,2765.6699
29.07.2024 00:00:00.000,1.08527,1.08667,1.08510,1.08635,5203.5898
29.07.2024 01:00:00.000,1.08637,1.08682,1.08609,1.08659,5445.1802
29.07.2024 02:00:00.000,1.08659,1.08701,1.08645,1.08645,3669.6299
29.07.2024 03:00:00.000,1.08645,1.08660,1.08618,1.08624,2459.46
29.07.2024 04:00:00.000,1.08624,1.08641,1.08584,1.08592,3875.04
29.07.2024 05:00:00.000,1.08592,1.08632,1.08576,1.08592,3376.3201
29.07.2024 06:00:00.000,1.08592,1.08623,1.08551,1.08582,7227.8301
29.07.2024 07:00:00.000,1.08581,1.08598,1.08434,1.08447,14768.2305
29.07.2024 08:00:00.000,1.08445,1.08445,1.08319,1.08323,12698.5098
29.07.2024 09:00:00.000,1.08324,1.08415,1.08268,1.08373,10015.1797
29.07.2024 10:00:00.000,1.08373,1.08422,1.08331,1.08360,11118.7305
29.07.2024 11:00:00.000,1.08359,1.08360,1.08168,1.08180,5013.5
29.07.2024 12:00:00.000,1.08181,1.08217,1.08152,1.08162,12803.8203
29.07.2024 13:00:00.000,1.08162,1.08176,1.08111,1.08119,10440.9697
29.07.2024 14:00:00.000,1.08120,1.08163,1.08030,1.08156,16376.29
29.07.2024 15:00:00.000,1.08156,1.08240,1.08156,1.08191,6543.54
29.07.2024 16:00:00.000,1.08191,1.08238,1.08151,1.08216,4134.04
29.07.2024 17:00:00.000,1.08217,1.08260,1.08196,1.08252,6574.3101
29.07.2024 18:00:00.000,1.08252,1.08252,1.08196,1.08218,2939.1599
29.07.2024 19:00:00.000,1.08218,1.08258,1.08218,1.08239,5242.77
29.07.2024 20:00:00.000,1.08240,1.08240,1.08199,1.08217,3585.8401
29.07.2024 21:00:00.000,1.08217,1.08249,1.08217,1.08234,614.63
29.07.2024 22:00:00.000,1.08236,1.08243,1.08220,1.08226,1618.6801
29.07.2024 23:00:00.000,1.08225,1.08226,1.08184,1.08192,2009
30.07.2024 00:00:00.000,1.08192,1.08203,1.08156,1.08172,3593.28
30.07.2024 01:00:00.000,1.08172,1.08202,1.08145,1.08175,6503.5801
30.07.2024 02:00:00.000,1.08176,1.08187,1.08148,1.08181,2786.46
30.07.2024 03:00:00.000,1.08181,1.08226,1.08177,1.08223,3119.79
30.07.2024 04:00:00.000,1.08222,1.08254,1.08221,1.08242,3285.3301
30.07.2024 05:00:00.000,1.08239,1.08251,1.08192,1.08207,3082.47
30.07.2024 06:00:00.000,1.08205,1.08248,1.08178,1.08229,8607.1602
30.07.2024 07:00:00.000,1.08225,1.08269,1.08167,1.08193,8025.04
30.07.2024 08:00:00.000,1.08192,1.08348,1.08163,1.08291,9553.2998
30.07.2024 09:00:00.000,1.08290,1.08353,1.08280,1.08319,8070.9702
30.07.2024 10:00:00.000,1.08320,1.08359,1.08319,1.08335,6785.1001
30.07.2024 11:00:00.000,1.08335,1.08335,1.08241,1.08247,4304.3799
30.07.2024 12:00:00.000,1.08245,1.08261,1.08019,1.08021,15874.7002
30.07.2024 13:00:00.000,1.08020,1.08152,1.08019,1.08112,16105.9004
30.07.2024 14:00:00.000,1.08107,1.08107,1.07983,1.08053,20173.7695
30.07.2024 15:00:00.000,1.08053,1.08111,1.07991,1.08089,12293.6699
30.07.2024 16:00:00.000,1.08090,1.08168,1.08070,1.08139,8740.8301
30.07.2024 17:00:00.000,1.08140,1.08177,1.08100,1.08144,7063.5801
30.07.2024 18:00:00.000,1.08144,1.08162,1.08104,1.08114,4470.54
30.07.2024 19:00:00.000,1.08113,1.08136,1.08095,1.08108,3706.75
30.07.2024 20:00:00.000,1.08108,1.08158,1.08087,1.08157,3116.76
30.07.2024 21:00:00.000,1.08162,1.08179,1.08138,1.08150,717.75
30.07.2024 22:00:00.000,1.08149,1.08170,1.08126,1.08150,3084.6299
30.07.2024 23:00:00.000,1.08149,1.08181,1.08144,1.08159,3043.4299
31.07.2024 00:00:00.000,1.08158,1.08202,1.08129,1.08201,5293.7002
31.07.2024 01:00:00.000,1.08202,1.08245,1.08168,1.08222,10824.0996
31.07.2024 02:00:00.000,1.08221,1.08284,1.08202,1.08268,10263.1396
31.07.2024 03:00:00.000,1.08266,1.08304,1.08221,1.08222,7618.5098
31.07.2024 04:00:00.000,1.08223,1.08261,1.08217,1.08256,12738.5498
31.07.2024 05:00:00.000,1.08257,1.08270,1.08203,1.08251,8229.1602
31.07.2024 06:00:00.000,1.08252,1.08257,1.08157,1.08253,18319.9004
31.07.2024 07:00:00.000,1.08254,1.08255,1.08119,1.08183,25029.7793
31.07.2024 08:00:00.000,1.08182,1.08277,1.08067,1.08233,13737.1699
31.07.2024 09:00:00.000,1.08230,1.08279,1.08222,1.08261,9377.9502
31.07.2024 10:00:00.000,1.08260,1.08355,1.08252,1.08334,9322.4404
31.07.2024 11:00:00.000,1.08333,1.08403,1.08270,1.08283,6151.6802
31.07.2024 12:00:00.000,1.08282,1.08482,1.08253,1.08410,19268.2695
31.07.2024 13:00:00.000,1.08411,1.08496,1.08387,1.08432,12737.2695
31.07.2024 14:00:00.000,1.08432,1.08469,1.08174,1.08216,28120.6406
31.07.2024 15:00:00.000,1.08217,1.08280,1.08191,1.08233,19294.5898
31.07.2024 16:00:00.000,1.08229,1.08233,1.08044,1.08095,11467.4004
31.07.2024 17:00:00.000,1.08094,1.08170,1.08059,1.08169,12377.6104
31.07.2024 18:00:00.000,1.08169,1.08294,1.08022,1.08269,32077.6602
31.07.2024 19:00:00.000,1.08267,1.08331,1.08195,1.08229,15021.75
31.07.2024 20:00:00.000,1.08229,1.08282,1.08172,1.08262,4836.8501
31.07.2024 21:00:00.000,1.08264,1.08283,1.08247,1.08278,679.55
31.07.2024 22:00:00.000,1.08279,1.08311,1.08244,1.08246,1310.3
31.07.2024 23:00:00.000,1.08249,1.08257,1.08220,1.08240,2700.5601
01.08.2024 00:00:00.000,1.08239,1.08303,1.08234,1.08279,8463.7402
01.08.2024 01:00:00.000,1.08279,1.08339,1.08270,1.08278,16194.3398
01.08.2024 02:00:00.000,1.08277,1.08309,1.08244,1.08264,12899.2998
01.08.2024 03:00:00.000,1.08263,1.08347,1.08257,1.08330,6524.5498
01.08.2024 04:00:00.000,1.08329,1.08355,1.08265,1.08269,5608.1802
01.08.2024 05:00:00.000,1.08270,1.08298,1.08255,1.08275,4074.1299
01.08.2024 06:00:00.000,1.08271,1.08279,1.08112,1.08163,15005.4102
01.08.2024 07:00:00.000,1.08164,1.08200,1.07994,1.08013,15174.4805
01.08.2024 08:00:00.000,1.08012,1.08024,1.07814,1.07845,25409.8398
01.08.2024 09:00:00.000,1.07845,1.07863,1.07775,1.07779,9958.8799
01.08.2024 10:00:00.000,1.07782,1.07898,1.07781,1.07844,5818.9902
01.08.2024 11:00:00.000,1.07846,1.07960,1.07808,1.07920,14588.75
01.08.2024 12:00:00.000,1.07920,1.08085,1.07872,1.07966,25666.4004
01.08.2024 13:00:00.000,1.07965,1.08063,1.07874,1.08039,22988.3105
01.08.2024 14:00:00.000,1.08039,1.08184,1.07874,1.07923,33531.6094
01.08.2024 15:00:00.000,1.07924,1.07948,1.07837,1.07888,20457.4707
01.08.2024 16:00:00.000,1.07888,1.07969,1.07805,1.07864,12727.0303
01.08.2024 17:00:00.000,1.07864,1.07921,1.07850,1.07917,11262.2998
01.08.2024 18:00:00.000,1.07918,1.07920,1.07830,1.07839,10205.2998
01.08.2024 19:00:00.000,1.07840,1.07956,1.07827,1.07899,15036.0098
01.08.2024 20:00:00.000,1.07898,1.07919,1.07867,1.07917,5018.5801
01.08.2024 21:00:00.000,1.07925,1.07945,1.07910,1.07920,1305.05
01.08.2024 22:00:00.000,1.07920,1.07936,1.07878,1.07888,4147.0298
01.08.2024 23:00:00.000,1.07889,1.07921,1.07864,1.07867,3814.01
02.08.2024 00:00:00.000,1.07866,1.07927,1.07821,1.07911,9772.6904
02.08.2024 01:00:00.000,1.07911,1.07940,1.07881,1.07910,6129.3701
02.08.2024 02:00:00.000,1.07911,1.07918,1.07848,1.07904,8446
02.08.2024 03:00:00.000,1.07903,1.07954,1.07903,1.07933,4482.0801
02.08.2024 04:00:00.000,1.07933,1.07988,1.07926,1.07977,3584.47
02.08.2024 05:00:00.000,1.07978,1.08043,1.07957,1.08043,4556.9502
02.08.2024 06:00:00.000,1.08043,1.08088,1.07931,1.07964,14517.3203
02.08.2024 07:00:00.000,1.07962,1.08044,1.07863,1.08043,24822.5195
02.08.2024 08:00:00.000,1.08042,1.08154,1.08033,1.08148,17269.3301
02.08.2024 09:00:00.000,1.08148,1.08250,1.08148,1.08205,8996.2803
02.08.2024 10:00:00.000,1.08205,1.08246,1.08157,1.08231,8642.8896
02.08.2024 11:00:00.000,1.08231,1.08374,1.08231,1.08315,7732.8799
02.08.2024 12:00:00.000,1.08315,1.08971,1.08294,1.08914,28402.1895
02.08.2024 13:00:00.000,1.08913,1.09066,1.08847,1.09057,30124.5703
02.08.2024 14:00:00.000,1.09057,1.09267,1.09003,1.09224,35587.0898
02.08.2024 15:00:00.000,1.09225,1.09250,1.09124,1.09134,24573.4199
02.08.2024 16:00:00.000,1.09133,1.09150,1.09034,1.09121,14101.2002
02.08.2024 17:00:00.000,1.09122,1.09155,1.09073,1.09113,10799.9805
02.08.2024 18:00:00.000,1.09113,1.09168,1.09102,1.09131,7408.96
02.08.2024 19:00:00.000,1.09131,1.09167,1.09099,1.09129,8039.4902
02.08.2024 20:00:00.000,1.09129,1.09151,1.09082,1.09112,5160.6802
02.08.2024 21:00:00.000,1.09112,1.09112,1.09112,1.09112,0
02.08.2024 22:00:00.000,1.09112,1.09112,1.09112,1.09112,0
02.08.2024 23:00:00.000,1.09112,1.09112,1.09112,1.09112,0
03.08.2024 00:00:00.000,1.09112,1.09112,1.09112,1.09112,0
03.08.2024 01:00:00.000,1.09112,1.09112,1.09112,1.09112,0
03.08.2024 02:00:00.000,1.09112,1.09112,1.09112,1.09112,0
03.08.2024 03:00:00.000,1.09112,1.09112,1.09112,1.09112,0
03.08.2024 04:00:00.000,1.09112,1.09112,1.09112,1.09112,0
03.08.2024 05:00:00.000,1.09112,1.09112,1.09112,1.09112,0
03.08.2024 06:00:00.000,1.09112,1.09112,1.09112,1.09112,0
03.08.2024 07:00:00.000,1.09112,1.09112,1.09112,1.09112,0
03.08.2024 08:00:00.000,1.09112,1.09112,1.09112,1.09112,0
03.08.2024 09:00:00.000,1.09112,1.09112,1.09112,1.09112,0
03.08.2024 10:00:00.000,1.09112,1.09112,1.09112,1.09112,0
03.08.2024 11:00:00.000,1.09112,1.09112,1.09112,1.09112,0
03.08.2024 12:00:00.000,1.09112,1.09112,1.09112,1.09112,0
03.08.2024 13:00:00.000,1.09112,1.09112,1.09112,1.09112,0
03.08.2024 14:00:00.000,1.09112,1.09112,1.09112,1.09112,0
03.08.2024 15:00:00.000,1.09112,1.09112,1.09112,1.09112,0
03.08.2024 16:00:00.000,1.09112,1.09112,1.09112,1.09112,0
03.08.2024 17:00:00.000,1.09112,1.09112,1.09112,1.09112,0
03.08.2024 18:00:00.000,1.09112,1.09112,1.09112,1.09112,0
03.08.2024 19:00:00.000,1.09112,1.09112,1.09112,1.09112,0
03.08.2024 20:00:00.000,1.09112,1.09112,1.09112,1.09112,0
03.08.2024 21:00:00.000,1.09112,1.09112,1.09112,1.09112,0
03.08.2024 22:00:00.000,1.09112,1.09112,1.09112,1.09112,0
03.08.2024 23:00:00.000,1.09112,1.09112,1.09112,1.09112,0
04.08.2024 00:00:00.000,1.09112,1.09112,1.09112,1.09112,0
04.08.2024 01:00:00.000,1.09112,1.09112,1.09112,1.09112,0
04.08.2024 02:00:00.000,1.09112,1.09112,1.09112,1.09112,0
04.08.2024 03:00:00.000,1.09112,1.09112,1.09112,1.09112,0
04.08.2024 04:00:00.000,1.09112,1.09112,1.09112,1.09112,0
04.08.2024 05:00:00.000,1.09112,1.09112,1.09112,1.09112,0
04.08.2024 06:00:00.000,1.09112,1.09112,1.09112,1.09112,0
04.08.2024 07:00:00.000,1.09112,1.09112,1.09112,1.09112,0
04.08.2024 08:00:00.000,1.09112,1.09112,1.09112,1.09112,0
04.08.2024 09:00:00.000,1.09112,1.09112,1.09112,1.09112,0
04.08.2024 10:00:00.000,1.09112,1.09112,1.09112,1.09112,0
04.08.2024 11:00:00.000,1.09112,1.09112,1.09112,1.09112,0
04.08.2024 12:00:00.000,1.09112,1.09112,1.09112,1.09112,0
04.08.2024 13:00:00.000,1.09112,1.09112,1.09112,1.09112,0
04.08.2024 14:00:00.000,1.09112,1.09112,1.09112,1.09112,0
04.08.2024 15:00:00.000,1.09112,1.09112,1.09112,1.09112,0
04.08.2024 16:00:00.000,1.09112,1.09112,1.09112,1.09112,0
04.08.2024 17:00:00.000,1.09112,1.09112,1.09112,1.09112,0
04.08.2024 18:00:00.000,1.09112,1.09112,1.09112,1.09112,0
04.08.2024 19:00:00.000,1.09112,1.09112,1.09112,1.09112,0
04.08.2024 20:00:00.000,1.09112,1.09112,1.09112,1.09112,0
04.08.2024 21:00:00.000,1.09250,1.09250,1.09207,1.09231,631.77
04.08.2024 22:00:00.000,1.09231,1.09231,1.09030,1.09065,4363.6699
04.08.2024 23:00:00.000,1.09065,1.09116,1.09045,1.09107,8886.1797
05.08.2024 00:00:00.000,1.09107,1.09226,1.09071,1.09169,19251.3906
05.08.2024 01:00:00.000,1.09167,1.09218,1.09121,1.09191,20162.7695
05.08.2024 02:00:00.000,1.09190,1.09241,1.09132,1.09219,12119.6699
05.08.2024 03:00:00.000,1.09220,1.09315,1.09211,1.09309,15264.2402
05.08.2024 04:00:00.000,1.09308,1.09400,1.09279,1.09328,22059.4297
05.08.2024 05:00:00.000,1.09328,1.09390,1.09123,1.09126,26660.5
05.08.2024 06:00:00.000,1.09125,1.09180,1.08928,1.09055,52846.5117
05.08.2024 07:00:00.000,1.09054,1.09672,1.09037,1.09493,56015.0195
05.08.2024 08:00:00.000,1.09493,1.09751,1.09466,1.09510,35190.4609
05.08.2024 09:00:00.000,1.09512,1.09611,1.09451,1.09515,23512.9102
05.08.2024 10:00:00.000,1.09512,1.09516,1.09332,1.09487,19858.0508
05.08.2024 11:00:00.000,1.09486,1.09649,1.09435,1.09632,20170.6504
05.08.2024 12:00:00.000,1.09632,1.10089,1.09619,1.09914,33066.8516
05.08.2024 13:00:00.000,1.09913,1.10035,1.09757,1.09801,44596.6406
05.08.2024 14:00:00.000,1.09796,1.09802,1.09566,1.09795,39887.2188
05.08.2024 15:00:00.000,1.09794,1.09866,1.09562,1.09564,33368.2383
05.08.2024 16:00:00.000,1.09563,1.09612,1.09477,1.09601,37550.8281
05.08.2024 17:00:00.000,1.09600,1.09646,1.09474,1.09533,18397.5293
05.08.2024 18:00:00.000,1.09534,1.09576,1.09492,1.09512,16775.6094
05.08.2024 19:00:00.000,1.09511,1.09590,1.09496,1.09590,12713.4297
05.08.2024 20:00:00.000,1.09591,1.09605,1.09494,1.09537,3445.2
05.08.2024 21:00:00.000,1.09534,1.09555,1.09493,1.09551,1016.13
05.08.2024 22:00:00.000,1.09551,1.09623,1.09530,1.09551,4769.2202
05.08.2024 23:00:00.000,1.09551,1.09580,1.09500,1.09507,10589.1504
06.08.2024 00:00:00.000,1.09509,1.09632,1.09440,1.09629,19923.0801
06.08.2024 01:00:00.000,1.09628,1.09632,1.09502,1.09551,17740.0098
06.08.2024 02:00:00.000,1.09552,1.09577,1.09519,1.09521,12874.8799
06.08.2024 03:00:00.000,1.09521,1.09562,1.09516,1.09543,9093.2695
06.08.2024 04:00:00.000,1.09543,1.09560,1.09498,1.09521,7295.0898
06.08.2024 05:00:00.000,1.09522,1.09550,1.09450,1.09468,12999.4199
06.08.2024 06:00:00.000,1.09469,1.09488,1.09346,1.09392,16321.4199
06.08.2024 07:00:00.000,1.09391,1.09410,1.09221,1.09270,30263.4199
06.08.2024 08:00:00.000,1.09270,1.09352,1.09186,1.09280,20035.9609
06.08.2024 09:00:00.000,1.09279,1.09279,1.09077,1.09118,19719.0098
06.08.2024 10:00:00.000,1.09116,1.09145,1.09043,1.09085,14316.0996
06.08.2024 11:00:00.000,1.09086,1.09176,1.09039,1.09169,17377.0703
06.08.2024 12:00:00.000,1.09168,1.09181,1.09048,1.09053,21966.3691
06.08.2024 13:00:00.000,1.09053,1.09248,1.09053,1.09186,23666.0508
06.08.2024 14:00:00.000,1.09186,1.09350,1.09153,1.09338,25390.25
06.08.2024 15:00:00.000,1.09339,1.09342,1.09224,1.09253,18218.0605
06.08.2024 16:00:00.000,1.09254,1.09324,1.09209,1.09279,17160.25
06.08.2024 17:00:00.000,1.09278,1.09311,1.09228,1.09261,8570.4697
06.08.2024 18:00:00.000,1.09262,1.09338,1.09252,1.09287,10158.7598
06.08.2024 19:00:00.000,1.09288,1.09306,1.09228,1.09300,11507.1201
06.08.2024 20:00:00.000,1.09299,1.09329,1.09279,1.09327,3982.8101
06.08.2024 21:00:00.000,1.09346,1.09351,1.09282,1.09297,2207
06.08.2024 22:00:00.000,1.09298,1.09338,1.09277,1.09299,4911.1401
06.08.2024 23:00:00.000,1.09300,1.09306,1.09240,1.09261,5518.8901
07.08.2024 00:00:00.000,1.09260,1.09306,1.09234,1.09299,7034.0698
07.08.2024 01:00:00.000,1.09298,1.09305,1.09112,1.09184,14499.3496
07.08.2024 02:00:00.000,1.09184,1.09195,1.09124,1.09164,10061.2402
07.08.2024 03:00:00.000,1.09165,1.09176,1.09119,1.09159,3839.5801
07.08.2024 04:00:00.000,1.09160,1.09170,1.09117,1.09117,3153.54
07.08.2024 05:00:00.000,1.09116,1.09132,1.09070,1.09106,5811.77
07.08.2024 06:00:00.000,1.09106,1.09155,1.09056,1.09152,8933.3398
07.08.2024 07:00:00.000,1.09152,1.09280,1.09130,1.09225,16519.6309
07.08.2024 08:00:00.000,1.09224,1.09281,1.09186,1.09189,9753.5498
07.08.2024 09:00:00.000,1.09189,1.09197,1.09087,1.09138,11214.0098
07.08.2024 10:00:00.000,1.09139,1.09235,1.09098,1.09181,11825.7695
07.08.2024 11:00:00.000,1.09181,1.09268,1.09179,1.09234,9560.8896
07.08.2024 12:00:00.000,1.09234,1.09258,1.09135,1.09221,10903.8203
07.08.2024 13:00:00.000,1.09220,1.09266,1.09126,1.09189,12988.5596
07.08.2024 14:00:00.000,1.09191,1.09341,1.09189,1.09320,15356.8096
07.08.2024 15:00:00.000,1.09319,1.09367,1.09241,1.09247,13361.4502
07.08.2024 16:00:00.000,1.09248,1.09271,1.09212,1.09223,8748.1602
07.08.2024 17:00:00.000,1.09223,1.09272,1.09177,1.09223,9189.04
07.08.2024 18:00:00.000,1.09222,1.09240,1.09177,1.09222,9477.25
07.08.2024 19:00:00.000,1.09223,1.09269,1.09214,1.09235,8074.0298
07.08.2024 20:00:00.000,1.09234,1.09243,1.09202,1.09237,3569.98
07.08.2024 21:00:00.000,1.09237,1.09258,1.09212,1.09245,2185.27
07.08.2024 22:00:00.000,1.09246,1.09272,1.09228,1.09271,1754.1899
07.08.2024 23:00:00.000,1.09271,1.09341,1.09268,1.09277,9770.1602
08.08.2024 00:00:00.000,1.09278,1.09327,1.09261,1.09282,11259
08.08.2024 01:00:00.000,1.09282,1.09309,1.09236,1.09279,6785.96
08.08.2024 02:00:00.000,1.09279,1.09352,1.09269,1.09338,3763.3999
08.08.2024 03:00:00.000,1.09340,1.09355,1.09301,1.09353,2910.5701
08.08.2024 04:00:00.000,1.09352,1.09379,1.09309,1.09317,10351.1797
08.08.2024 05:00:00.000,1.09319,1.09360,1.09301,1.09359,5193.5898
08.08.2024 06:00:00.000,1.09358,1.09449,1.09338,1.09429,10830.2305
08.08.2024 07:00:00.000,1.09432,1.09453,1.09340,1.09401,16523.1797
08.08.2024 08:00:00.000,1.09400,1.09445,1.09356,1.09371,11209.5303
08.08.2024 09:00:00.000,1.09371,1.09398,1.09262,1.09271,7163.9102
08.08.2024 10:00:00.000,1.09270,1.09288,1.09210,1.09254,5822.9502
08.08.2024 11:00:00.000,1.09255,1.09334,1.09233,1.09306,7352.9902
08.08.2024 12:00:00.000,1.09307,1.09326,1.08917,1.08978,23972.9395
08.08.2024 13:00:00.000,1.08978,1.09064,1.08815,1.08930,33111
08.08.2024 14:00:00.000,1.08932,1.09079,1.08914,1.09065,23811.4609
08.08.2024 15:00:00.000,1.09063,1.09147,1.09056,1.09132,14501.4805
08.08.2024 16:00:00.000,1.09133,1.09147,1.09053,1.09088,9849.25
08.08.2024 17:00:00.000,1.09089,1.09165,1.09077,1.09128,7784.4199
08.08.2024 18:00:00.000,1.09129,1.09189,1.09112,1.09184,4917.96
08.08.2024 19:00:00.000,1.09184,1.09184,1.09135,1.09161,9789.7695
08.08.2024 20:00:00.000,1.09160,1.09192,1.09160,1.09188,5109.9502
08.08.2024 21:00:00.000,1.09189,1.09216,1.09153,1.09185,1575
08.08.2024 22:00:00.000,1.09185,1.09193,1.09163,1.09188,5109.0698
08.08.2024 23:00:00.000,1.09188,1.09198,1.09146,1.09151,2973.3799
09.08.2024 00:00:00.000,1.09148,1.09162,1.09118,1.09132,2649.79
09.08.2024 01:00:00.000,1.09134,1.09191,1.09121,1.09180,3434.4399
09.08.2024 02:00:00.000,1.09180,1.09246,1.09159,1.09214,4032.78
09.08.2024 03:00:00.000,1.09214,1.09243,1.09205,1.09231,5595.3198
09.08.2024 04:00:00.000,1.09230,1.09242,1.09201,1.09203,4385.0801
09.08.2024 05:00:00.000,1.09202,1.09216,1.09183,1.09197,2499.6299
09.08.2024 06:00:00.000,1.09198,1.09283,1.09178,1.09275,5960.7798
09.08.2024 07:00:00.000,1.09275,1.09292,1.09204,1.09221,5376.1499
09.08.2024 08:00:00.000,1.09222,1.09227,1.09131,1.09178,7732.6802
09.08.2024 09:00:00.000,1.09178,1.09260,1.09174,1.09198,6264.52
09.08.2024 10:00:00.000,1.09199,1.09233,1.09169,1.09176,7477.5698
09.08.2024 11:00:00.000,1.09176,1.09207,1.09115,1.09162,6596.75
09.08.2024 12:00:00.000,1.09162,1.09198,1.09092,1.09119,9064.6201
09.08.2024 13:00:00.000,1.09118,1.09242,1.09099,1.09225,8702.4697
09.08.2024 14:00:00.000,1.09224,1.09315,1.09214,1.09232,9540.0596
09.08.2024 15:00:00.000,1.09232,1.09278,1.09218,1.09243,8969.1104
09.08.2024 16:00:00.000,1.09243,1.09248,1.09180,1.09188,6025.77
09.08.2024 17:00:00.000,1.09189,1.09237,1.09152,1.09208,10886.3604
09.08.2024 18:00:00.000,1.09208,1.09219,1.09173,1.09196,8575.1201
09.08.2024 19:00:00.000,1.09197,1.09213,1.09174,1.09189,3098.6101
09.08.2024 20:00:00.000,1.09189,1.09197,1.09149,1.09184,3822.03
09.08.2024 21:00:00.000,1.09184,1.09184,1.09184,1.09184,0
09.08.2024 22:00:00.000,1.09184,1.09184,1.09184,1.09184,0
09.08.2024 23:00:00.000,1.09184,1.09184,1.09184,1.09184,0
10.08.2024 00:00:00.000,1.09184,1.09184,1.09184,1.09184,0
10.08.2024 01:00:00.000,1.09184,1.09184,1.09184,1.09184,0
10.08.2024 02:00:00.000,1.09184,1.09184,1.09184,1.09184,0
10.08.2024 03:00:00.000,1.09184,1.09184,1.09184,1.09184,0
10.08.2024 04:00:00.000,1.09184,1.09184,1.09184,1.09184,0
10.08.2024 05:00:00.000,1.09184,1.09184,1.09184,1.09184,0
10.08.2024 06:00:00.000,1.09184,1.09184,1.09184,1.09184,0
10.08.2024 07:00:00.000,1.09184,1.09184,1.09184,1.09184,0
10.08.2024 08:00:00.000,1.09184,1.09184,1.09184,1.09184,0
10.08.2024 09:00:00.000,1.09184,1.09184,1.09184,1.09184,0
10.08.2024 10:00:00.000,1.09184,1.09184,1.09184,1.09184,0
10.08.2024 11:00:00.000,1.09184,1.09184,1.09184,1.09184,0
10.08.2024 12:00:00.000,1.09184,1.09184,1.09184,1.09184,0
10.08.2024 13:00:00.000,1.09184,1.09184,1.09184,1.09184,0
10.08.2024 14:00:00.000,1.09184,1.09184,1.09184,1.09184,0
10.08.2024 15:00:00.000,1.09184,1.09184,1.09184,1.09184,0
10.08.2024 16:00:00.000,1.09184,1.09184,1.09184,1.09184,0
10.08.2024 17:00:00.000,1.09184,1.09184,1.09184,1.09184,0
10.08.2024 18:00:00.000,1.09184,1.09184,1.09184,1.09184,0
10.08.2024 19:00:00.000,1.09184,1.09184,1.09184,1.09184,0
10.08.2024 20:00:00.000,1.09184,1.09184,1.09184,1.09184,0
10.08.2024 21:00:00.000,1.09184,1.09184,1.09184,1.09184,0
10.08.2024 22:00:00.000,1.09184,1.09184,1.09184,1.09184,0
10.08.2024 23:00:00.000,1.09184,1.09184,1.09184,1.09184,0
11.08.2024 00:00:00.000,1.09184,1.09184,1.09184,1.09184,0
11.08.2024 01:00:00.000,1.09184,1.09184,1.09184,1.09184,0
11.08.2024 02:00:00.000,1.09184,1.09184,1.09184,1.09184,0
11.08.2024 03:00:00.000,1.09184,1.09184,1.09184,1.09184,0
11.08.2024 04:00:00.000,1.09184,1.09184,1.09184,1.09184,0
11.08.2024 05:00:00.000,1.09184,1.09184,1.09184,1.09184,0
11.08.2024 06:00:00.000,1.09184,1.09184,1.09184,1.09184,0
11.08.2024 07:00:00.000,1.09184,1.09184,1.09184,1.09184,0
11.08.2024 08:00:00.000,1.09184,1.09184,1.09184,1.09184,0
11.08.2024 09:00:00.000,1.09184,1.09184,1.09184,1.09184,0
11.08.2024 10:00:00.000,1.09184,1.09184,1.09184,1.09184,0
11.08.2024 11:00:00.000,1.09184,1.09184,1.09184,1.09184,0
11.08.2024 12:00:00.000,1.09184,1.09184,1.09184,1.09184,0
11.08.2024 13:00:00.000,1.09184,1.09184,1.09184,1.09184,0
11.08.2024 14:00:00.000,1.09184,1.09184,1.09184,1.09184,0
11.08.2024 15:00:00.000,1.09184,1.09184,1.09184,1.09184,0
11.08.2024 16:00:00.000,1.09184,1.09184,1.09184,1.09184,0
11.08.2024 17:00:00.000,1.09184,1.09184,1.09184,1.09184,0
11.08.2024 18:00:00.000,1.09184,1.09184,1.09184,1.09184,0
11.08.2024 19:00:00.000,1.09184,1.09184,1.09184,1.09184,0
11.08.2024 20:00:00.000,1.09184,1.09184,1.09184,1.09184,0
11.08.2024 21:00:00.000,1.09209,1.09210,1.09189,1.09200,513.88
11.08.2024 22:00:00.000,1.09199,1.09201,1.09103,1.09132,2806.79
11.08.2024 23:00:00.000,1.09131,1.09152,1.09128,1.09130,3128.4199
12.08.2024 00:00:00.000,1.09126,1.09198,1.09119,1.09184,6466.02
12.08.2024 01:00:00.000,1.09185,1.09231,1.09182,1.09207,3737.23
12.08.2024 02:00:00.000,1.09207,1.09221,1.09179,1.09179,4051.1399
12.08.2024 03:00:00.000,1.09178,1.09190,1.09129,1.09141,1798.01
12.08.2024 04:00:00.000,1.09139,1.09217,1.09137,1.09193,2631.3701
12.08.2024 05:00:00.000,1.09193,1.09213,1.09178,1.09188,2510.6899
12.08.2024 06:00:00.000,1.09187,1.09238,1.09160,1.09214,10045.1797
12.08.2024 07:00:00.000,1.09213,1.09287,1.09197,1.09223,11218.7402
12.08.2024 08:00:00.000,1.09224,1.09256,1.09161,1.09210,10708.2695
12.08.2024 09:00:00.000,1.09209,1.09281,1.09179,1.09270,8043.7202
12.08.2024 10:00:00.000,1.09271,1.09300,1.09217,1.09266,9061.7402
12.08.2024 11:00:00.000,1.09266,1.09293,1.09199,1.09260,5757.1099
12.08.2024 12:00:00.000,1.09260,1.09289,1.09178,1.09202,7542.3501
12.08.2024 13:00:00.000,1.09201,1.09336,1.09201,1.09254,14249.4502
12.08.2024 14:00:00.000,1.09254,1.09334,1.09153,1.09313,17658.6797
12.08.2024 15:00:00.000,1.09314,1.09395,1.09274,1.09281,14421.2305
12.08.2024 16:00:00.000,1.09279,1.09295,1.09220,1.09230,6697.4502
12.08.2024 17:00:00.000,1.09228,1.09337,1.09222,1.09332,6506.23
12.08.2024 18:00:00.000,1.09333,1.09351,1.09285,1.09306,3938.55
12.08.2024 19:00:00.000,1.09305,1.09334,1.09299,1.09316,5813.9399
12.08.2024 20:00:00.000,1.09317,1.09326,1.09274,1.09318,2222.28
12.08.2024 21:00:00.000,1.09320,1.09340,1.09305,1.09327,1178.5
12.08.2024 22:00:00.000,1.09328,1.09338,1.09312,1.09327,1612.64
12.08.2024 23:00:00.000,1.09328,1.09365,1.09315,1.09363,1741.0699
13.08.2024 00:00:00.000,1.09363,1.09363,1.09296,1.09302,6779.4502
13.08.2024 01:00:00.000,1.09301,1.09355,1.09295,1.09352,6353.21
13.08.2024 02:00:00.000,1.09351,1.09377,1.09342,1.09356,3561.3
13.08.2024 03:00:00.000,1.09357,1.09386,1.09353,1.09371,3766.51
13.08.2024 04:00:00.000,1.09370,1.09394,1.09359,1.09394,5514.5298
13.08.2024 05:00:00.000,1.09394,1.09412,1.09375,1.09400,4859.4502
13.08.2024 06:00:00.000,1.09400,1.09411,1.09327,1.09335,7301.0098
13.08.2024 07:00:00.000,1.09336,1.09349,1.09265,1.09302,7435.7998
13.08.2024 08:00:00.000,1.09302,1.09302,1.09207,1.09235,8878.8301
13.08.2024 09:00:00.000,1.09235,1.09272,1.09139,1.09198,10970.7402
13.08.2024 10:00:00.000,1.09197,1.09252,1.09181,1.09233,10744.7305
13.08.2024 11:00:00.000,1.09232,1.09323,1.09227,1.09303,7611.7002
13.08.2024 12:00:00.000,1.09304,1.09467,1.09257,1.09411,18492.9102
13.08.2024 13:00:00.000,1.09412,1.09625,1.09382,1.09589,21403
13.08.2024 14:00:00.000,1.09589,1.09620,1.09504,1.09560,18411.5801
13.08.2024 15:00:00.000,1.09561,1.09587,1.09482,1.09536,13059.1602
13.08.2024 16:00:00.000,1.09537,1.09741,1.09530,1.09725,13464.6299
13.08.2024 17:00:00.000,1.09726,1.09787,1.09700,1.09769,13410.2197
13.08.2024 18:00:00.000,1.09770,1.09996,1.09769,1.09993,13155.2305
13.08.2024 19:00:00.000,1.09994,1.09998,1.09941,1.09961,11481.7002
13.08.2024 20:00:00.000,1.09962,1.09990,1.09927,1.09936,5659.4399
13.08.2024 21:00:00.000,1.09937,1.09973,1.09851,1.09941,3310.79
13.08.2024 22:00:00.000,1.09939,1.09975,1.09927,1.09969,1565.96
13.08.2024 23:00:00.000,1.09970,1.09987,1.09945,1.09961,2559.23
14.08.2024 00:00:00.000,1.09961,1.09973,1.09919,1.09921,5570.6401
14.08.2024 01:00:00.000,1.09920,1.09968,1.09907,1.09920,8089.0498
14.08.2024 02:00:00.000,1.09919,1.09941,1.09903,1.09917,6693.29
14.08.2024 03:00:00.000,1.09917,1.09917,1.09889,1.09903,4980.8799
14.08.2024 04:00:00.000,1.09902,1.09933,1.09897,1.09930,2785.8401
14.08.2024 05:00:00.000,1.09931,1.09949,1.09897,1.09910,3562.5801
14.08.2024 06:00:00.000,1.09910,1.10019,1.09865,1.10001,13284.0596
14.08.2024 07:00:00.000,1.10000,1.10080,1.09963,1.10060,7953.52
14.08.2024 08:00:00.000,1.10060,1.10200,1.10027,1.10194,7671.75
14.08.2024 09:00:00.000,1.10195,1.10287,1.10156,1.10258,5932.3799
14.08.2024 10:00:00.000,1.10257,1.10258,1.10182,1.10222,7604.6201
14.08.2024 11:00:00.000,1.10222,1.10253,1.10201,1.10226,4039.74
14.08.2024 12:00:00.000,1.10228,1.10362,1.10042,1.10172,24461.6406
14.08.2024 13:00:00.000,1.10170,1.10425,1.10165,1.10377,24084.3105
14.08.2024 14:00:00.000,1.10378,1.10475,1.10273,1.10357,15537.6602
14.08.2024 15:00:00.000,1.10357,1.10362,1.10213,1.10233,6193.8301
14.08.2024 16:00:00.000,1.10233,1.10243,1.10156,1.10185,7203.2002
14.08.2024 17:00:00.000,1.10184,1.10186,1.10132,1.10144,4435.0898
14.08.2024 18:00:00.000,1.10144,1.10171,1.10110,1.10162,3084.1001
14.08.2024 19:00:00.000,1.10161,1.10167,1.10115,1.10131,4346.71
14.08.2024 20:00:00.000,1.10131,1.10146,1.10110,1.10129,3174.74
14.08.2024 21:00:00.000,1.10135,1.10160,1.10124,1.10135,515.73
14.08.2024 22:00:00.000,1.10135,1.10159,1.10120,1.10134,982.71
14.08.2024 23:00:00.000,1.10135,1.10142,1.10099,1.10118,3644.1799
15.08.2024 00:00:00.000,1.10119,1.10144,1.10094,1.10098,6170.2998
15.08.2024 01:00:00.000,1.10097,1.10100,1.10033,1.10071,6664.5801
15.08.2024 02:00:00.000,1.10070,1.10115,1.10058,1.10088,5893.1001
15.08.2024 03:00:00.000,1.10089,1.10110,1.10077,1.10082,2982.75
15.08.2024 04:00:00.000,1.10083,1.10123,1.10082,1.10119,1598.46
15.08.2024 05:00:00.000,1.10118,1.10131,1.10088,1.10098,2025.84
15.08.2024 06:00:00.000,1.10099,1.10156,1.10081,1.10146,6886.25
15.08.2024 07:00:00.000,1.10148,1.10157,1.10077,1.10135,6087.0098
15.08.2024 08:00:00.000,1.10135,1.10136,1.10054,1.10063,5376.3101
15.08.2024 09:00:00.000,1.10062,1.10131,1.10035,1.10121,5684.73
15.08.2024 10:00:00.000,1.10120,1.10143,1.10082,1.10102,2669.1499
15.08.2024 11:00:00.000,1.10103,1.10138,1.10100,1.10134,3396.75
15.08.2024 12:00:00.000,1.10134,1.10144,1.09520,1.09567,22630.3496
15.08.2024 13:00:00.000,1.09566,1.09699,1.09498,1.09687,21775.1699
15.08.2024 14:00:00.000,1.09688,1.09863,1.09652,1.09832,12323.9902
15.08.2024 15:00:00.000,1.09832,1.09897,1.09818,1.09855,6597.9502
15.08.2024 16:00:00.000,1.09857,1.09894,1.09775,1.09781,4494.96
15.08.2024 17:00:00.000,1.09781,1.09799,1.09718,1.09745,4843.8999
15.08.2024 18:00:00.000,1.09745,1.09795,1.09739,1.09784,4511.7598
15.08.2024 19:00:00.000,1.09783,1.09800,1.09726,1.09742,3829.5
15.08.2024 20:00:00.000,1.09742,1.09742,1.09707,1.09732,1771.78
15.08.2024 21:00:00.000,1.09733,1.09757,1.09724,1.09733,1223.4301
15.08.2024 22:00:00.000,1.09732,1.09746,1.09709,1.09716,1349.98
15.08.2024 23:00:00.000,1.09716,1.09751,1.09715,1.09725,2859.6101
16.08.2024 00:00:00.000,1.09726,1.09772,1.09720,1.09759,5593.0898
16.08.2024 01:00:00.000,1.09760,1.09815,1.09746,1.09811,4695.8301
16.08.2024 02:00:00.000,1.09812,1.09826,1.09784,1.09815,2917.3601
16.08.2024 03:00:00.000,1.09814,1.09819,1.09769,1.09772,3956.5801
16.08.2024 04:00:00.000,1.09772,1.09826,1.09763,1.09822,5033.1299
16.08.2024 05:00:00.000,1.09822,1.09862,1.09815,1.09858,3969.55
16.08.2024 06:00:00.000,1.09857,1.09869,1.09808,1.09817,5582.5
16.08.2024 07:00:00.000,1.09816,1.09862,1.09770,1.09852,7684.1099
16.08.2024 08:00:00.000,1.09854,1.09899,1.09800,1.09810,6525.4702
16.08.2024 09:00:00.000,1.09810,1.09901,1.09790,1.09900,10185.1797
16.08.2024 10:00:00.000,1.09900,1.09951,1.09854,1.09941,9007.5098
16.08.2024 11:00:00.000,1.09941,1.09949,1.09892,1.09923,5154.0698
16.08.2024 12:00:00.000,1.09924,1.09949,1.09855,1.09940,9592.9697
16.08.2024 13:00:00.000,1.09941,1.10046,1.09920,1.10028,12852.8701
16.08.2024 14:00:00.000,1.10028,1.10028,1.09828,1.09906,11848.7695
16.08.2024 15:00:00.000,1.09905,1.09978,1.09905,1.09962,7557.5801
16.08.2024 16:00:00.000,1.09961,1.10044,1.09958,1.10039,6060.2998
16.08.2024 17:00:00.000,1.10039,1.10129,1.10039,1.10129,5857.8398
16.08.2024 18:00:00.000,1.10126,1.10216,1.10095,1.10207,7678.4399
16.08.2024 19:00:00.000,1.10207,1.10250,1.10182,1.10246,4707.0898
16.08.2024 20:00:00.000,1.10246,1.10299,1.10224,1.10290,4341.3799
16.08.2024 21:00:00.000,1.10290,1.10290,1.10290,1.10290,0
16.08.2024 22:00:00.000,1.10290,1.10290,1.10290,1.10290,0
16.08.2024 23:00:00.000,1.10290,1.10290,1.10290,1.10290,0
17.08.2024 00:00:00.000,1.10290,1.10290,1.10290,1.10290,0
17.08.2024 01:00:00.000,1.10290,1.10290,1.10290,1.10290,0
17.08.2024 02:00:00.000,1.10290,1.10290,1.10290,1.10290,0
17.08.2024 03:00:00.000,1.10290,1.10290,1.10290,1.10290,0
17.08.2024 04:00:00.000,1.10290,1.10290,1.10290,1.10290,0
17.08.2024 05:00:00.000,1.10290,1.10290,1.10290,1.10290,0
17.08.2024 06:00:00.000,1.10290,1.10290,1.10290,1.10290,0
17.08.2024 07:00:00.000,1.10290,1.10290,1.10290,1.10290,0
17.08.2024 08:00:00.000,1.10290,1.10290,1.10290,1.10290,0
17.08.2024 09:00:00.000,1.10290,1.10290,1.10290,1.10290,0
17.08.2024 10:00:00.000,1.10290,1.10290,1.10290,1.10290,0
17.08.2024 11:00:00.000,1.10290,1.10290,1.10290,1.10290,0
17.08.2024 12:00:00.000,1.10290,1.10290,1.10290,1.10290,0
17.08.2024 13:00:00.000,1.10290,1.10290,1.10290,1.10290,0
17.08.2024 14:00:00.000,1.10290,1.10290,1.10290,1.10290,0
17.08.2024 15:00:00.000,1.10290,1.10290,1.10290,1.10290,0
17.08.2024 16:00:00.000,1.10290,1.10290,1.10290,1.10290,0
17.08.2024 17:00:00.000,1.10290,1.10290,1.10290,1.10290,0
17.08.2024 18:00:00.000,1.10290,1.10290,1.10290,1.10290,0
17.08.2024 19:00:00.000,1.10290,1.10290,1.10290,1.10290,0
17.08.2024 20:00:00.000,1.10290,1.10290,1.10290,1.10290,0
17.08.2024 21:00:00.000,1.10290,1.10290,1.10290,1.10290,0
17.08.2024 22:00:00.000,1.10290,1.10290,1.10290,1.10290,0
17.08.2024 23:00:00.000,1.10290,1.10290,1.10290,1.10290,0
18.08.2024 00:00:00.000,1.10290,1.10290,1.10290,1.10290,0
18.08.2024 01:00:00.000,1.10290,1.10290,1.10290,1.10290,0
18.08.2024 02:00:00.000,1.10290,1.10290,1.10290,1.10290,0
18.08.2024 03:00:00.000,1.10290,1.10290,1.10290,1.10290,0
18.08.2024 04:00:00.000,1.10290,1.10290,1.10290,1.10290,0
18.08.2024 05:00:00.000,1.10290,1.10290,1.10290,1.10290,0
18.08.2024 06:00:00.000,1.10290,1.10290,1.10290,1.10290,0
18.08.2024 07:00:00.000,1.10290,1.10290,1.10290,1.10290,0
18.08.2024 08:00:00.000,1.10290,1.10290,1.10290,1.10290,0
18.08.2024 09:00:00.000,1.10290,1.10290,1.10290,1.10290,0
18.08.2024 10:00:00.000,1.10290,1.10290,1.10290,1.10290,0
18.08.2024 11:00:00.000,1.10290,1.10290,1.10290,1.10290,0
18.08.2024 12:00:00.000,1.10290,1.10290,1.10290,1.10290,0
18.08.2024 13:00:00.000,1.10290,1.10290,1.10290,1.10290,0
18.08.2024 14:00:00.000,1.10290,1.10290,1.10290,1.10290,0
18.08.2024 15:00:00.000,1.10290,1.10290,1.10290,1.10290,0
18.08.2024 16:00:00.000,1.10290,1.10290,1.10290,1.10290,0
18.08.2024 17:00:00.000,1.10290,1.10290,1.10290,1.10290,0
18.08.2024 18:00:00.000,1.10290,1.10290,1.10290,1.10290,0
18.08.2024 19:00:00.000,1.10290,1.10290,1.10290,1.10290,0
18.08.2024 20:00:00.000,1.10290,1.10290,1.10290,1.10290,0
18.08.2024 21:00:00.000,1.10299,1.10299,1.10251,1.10275,556.75
18.08.2024 22:00:00.000,1.10275,1.10347,1.10246,1.10254,3302.1899
18.08.2024 23:00:00.000,1.10254,1.10264,1.10230,1.10248,5528.7998
19.08.2024 00:00:00.000,1.10249,1.10362,1.10234,1.10305,6014.2202
19.08.2024 01:00:00.000,1.10304,1.10336,1.10278,1.10312,5625.8301
19.08.2024 02:00:00.000,1.10313,1.10320,1.10290,1.10309,3529.54
19.08.2024 03:00:00.000,1.10309,1.10404,1.10302,1.10392,5431.2402
19.08.2024 04:00:00.000,1.10392,1.10420,1.10367,1.10398,3930.23
19.08.2024 05:00:00.000,1.10401,1.10492,1.10399,1.10477,8242.5498
19.08.2024 06:00:00.000,1.10476,1.10502,1.10410,1.10423,8671.6904
19.08.2024 07:00:00.000,1.10421,1.10473,1.10404,1.10428,7039.8701
19.08.2024 08:00:00.000,1.10429,1.10507,1.10357,1.10373,6674.7202
19.08.2024 09:00:00.000,1.10373,1.10414,1.10346,1.10352,5389.8901
19.08.2024 10:00:00.000,1.10352,1.10383,1.10310,1.10370,8357.8604
19.08.2024 11:00:00.000,1.10368,1.10439,1.10328,1.10424,6541.48
19.08.2024 12:00:00.000,1.10425,1.10445,1.10346,1.10391,6651.1499
19.08.2024 13:00:00.000,1.10390,1.10447,1.10303,1.10447,12574.7803
19.08.2024 14:00:00.000,1.10446,1.10736,1.10431,1.10658,21822.3496
19.08.2024 15:00:00.000,1.10657,1.10722,1.10600,1.10693,11646.4805
19.08.2024 16:00:00.000,1.10694,1.10741,1.10674,1.10737,6146.1099
19.08.2024 17:00:00.000,1.10737,1.10771,1.10706,1.10771,3388.76
19.08.2024 18:00:00.000,1.10771,1.10851,1.10766,1.10817,7662.2598
19.08.2024 19:00:00.000,1.10816,1.10865,1.10791,1.10837,5160.1699
19.08.2024 20:00:00.000,1.10837,1.10864,1.10818,1.10853,2290.52
19.08.2024 21:00:00.000,1.10857,1.10871,1.10815,1.10851,738.48
19.08.2024 22:00:00.000,1.10848,1.10877,1.10839,1.10855,2304.72
19.08.2024 23:00:00.000,1.10854,1.10870,1.10834,1.10857,2823.9399
20.08.2024 00:00:00.000,1.10858,1.10873,1.10802,1.10820,5848.6001
20.08.2024 01:00:00.000,1.10820,1.10874,1.10817,1.10856,9125.3496
20.08.2024 02:00:00.000,1.10855,1.10871,1.10753,1.10764,5987.4902
20.08.2024 03:00:00.000,1.10764,1.10794,1.10753,1.10758,3551.6599
20.08.2024 04:00:00.000,1.10759,1.10794,1.10751,1.10771,2966.8101
20.08.2024 05:00:00.000,1.10771,1.10779,1.10730,1.10768,4168.2998
20.08.2024 06:00:00.000,1.10768,1.10822,1.10745,1.10813,6257.7402
20.08.2024 07:00:00.000,1.10812,1.10871,1.10720,1.10869,12126.7598
20.08.2024 08:00:00.000,1.10869,1.10890,1.10779,1.10800,10303.7695
20.08.2024 09:00:00.000,1.10801,1.10820,1.10751,1.10758,8235.4502
20.08.2024 10:00:00.000,1.10759,1.10829,1.10752,1.10821,7146.9902
20.08.2024 11:00:00.000,1.10822,1.10866,1.10768,1.10810,6689.4302
20.08.2024 12:00:00.000,1.10810,1.10988,1.10806,1.10984,8675.0596
20.08.2024 13:00:00.000,1.10983,1.11054,1.10928,1.11023,16040.2305
20.08.2024 14:00:00.000,1.11023,1.11170,1.10937,1.11118,30833.1191
20.08.2024 15:00:00.000,1.11118,1.11123,1.10997,1.11054,16477.8906
20.08.2024 16:00:00.000,1.11058,1.11192,1.11042,1.11150,9690.5303
20.08.2024 17:00:00.000,1.11151,1.11169,1.11090,1.11162,7794.0801
20.08.2024 18:00:00.000,1.11162,1.11226,1.11157,1.11208,7484.1899
20.08.2024 19:00:00.000,1.11207,1.11276,1.11195,1.11247,15993.1699
20.08.2024 20:00:00.000,1.11249,1.11306,1.11240,1.11300,7447.0601
20.08.2024 21:00:00.000,1.11301,1.11305,1.11268,1.11299,1860.85
20.08.2024 22:00:00.000,1.11298,1.11299,1.11264,1.11288,1947.23
20.08.2024 23:00:00.000,1.11287,1.11320,1.11271,1.11278,3441.8899
21.08.2024 00:00:00.000,1.11276,1.11327,1.11255,1.11279,7939.71
21.08.2024 01:00:00.000,1.11279,1.11282,1.11192,1.11217,10882.9199
21.08.2024 02:00:00.000,1.11217,1.11254,1.11204,1.11218,5610.71
21.08.2024 03:00:00.000,1.11219,1.11226,1.11174,1.11211,3917.8999
21.08.2024 04:00:00.000,1.11212,1.11214,1.11167,1.11192,2822.29
21.08.2024 05:00:00.000,1.11193,1.11212,1.11164,1.11181,3732.25
21.08.2024 06:00:00.000,1.11181,1.11199,1.11133,1.11179,6714.7002
21.08.2024 07:00:00.000,1.11180,1.11289,1.11106,1.11145,12667.2998
21.08.2024 08:00:00.000,1.11145,1.11225,1.11111,1.11186,8209.6396
21.08.2024 09:00:00.000,1.11186,1.11256,1.11135,1.11171,6251.4199
21.08.2024 10:00:00.000,1.11171,1.11261,1.11158,1.11250,6868.5601
21.08.2024 11:00:00.000,1.11250,1.11250,1.11102,1.11149,7159.3701
21.08.2024 12:00:00.000,1.11150,1.11301,1.11135,1.11249,10484.1396
21.08.2024 13:00:00.000,1.11250,1.11279,1.11117,1.11149,13525.8604
21.08.2024 14:00:00.000,1.11147,1.11300,1.10993,1.11248,34991.8711
21.08.2024 15:00:00.000,1.11247,1.11481,1.11246,1.11422,23011.6602
21.08.2024 16:00:00.000,1.11422,1.11483,1.11418,1.11464,7174.4502
21.08.2024 17:00:00.000,1.11466,1.11585,1.11457,1.11560,4904.5498
21.08.2024 18:00:00.000,1.11559,1.11743,1.11556,1.11619,11961.1396
21.08.2024 19:00:00.000,1.11619,1.11619,1.11515,1.11518,4727.0498
21.08.2024 20:00:00.000,1.11518,1.11526,1.11472,1.11503,2342.5801
21.08.2024 21:00:00.000,1.11504,1.11544,1.11483,1.11492,1873.42
21.08.2024 22:00:00.000,1.11490,1.11565,1.11490,1.11565,947.01
21.08.2024 23:00:00.000,1.11566,1.11583,1.11532,1.11552,1796.64
22.08.2024 00:00:00.000,1.11553,1.11570,1.11454,1.11477,2793.8
22.08.2024 01:00:00.000,1.11477,1.11493,1.11428,1.11434,3451.8101
22.08.2024 02:00:00.000,1.11433,1.11447,1.11406,1.11432,4210.1099
22.08.2024 03:00:00.000,1.11433,1.11456,1.11429,1.11448,1198.02
22.08.2024 04:00:00.000,1.11449,1.11459,1.11410,1.11436,1345.91
22.08.2024 05:00:00.000,1.11436,1.11445,1.11405,1.11433,1654.28
22.08.2024 06:00:00.000,1.11432,1.11499,1.11411,1.11496,5663.0801
22.08.2024 07:00:00.000,1.11497,1.11654,1.11275,1.11373,12543.4297
22.08.2024 08:00:00.000,1.11372,1.11511,1.11370,1.11427,11214.5498
22.08.2024 09:00:00.000,1.11427,1.11429,1.11334,1.11398,5907.04
22.08.2024 10:00:00.000,1.11399,1.11462,1.11326,1.11455,5470.6699
22.08.2024 11:00:00.000,1.11454,1.11454,1.11322,1.11369,5528.98
22.08.2024 12:00:00.000,1.11369,1.11433,1.11255,1.11402,11271.8604
22.08.2024 13:00:00.000,1.11405,1.11416,1.11124,1.11195,13559.8398
22.08.2024 14:00:00.000,1.11196,1.11198,1.10983,1.11152,16079.8604
22.08.2024 15:00:00.000,1.11149,1.11151,1.11052,1.11131,8679.29
22.08.2024 16:00:00.000,1.11132,1.11177,1.11079,1.11105,5859.8198
22.08.2024 17:00:00.000,1.11105,1.11108,1.10988,1.11029,5512.6001
22.08.2024 18:00:00.000,1.11030,1.11110,1.11028,1.11105,4482.4102
22.08.2024 19:00:00.000,1.11105,1.11135,1.11049,1.11086,4891.0898
22.08.2024 20:00:00.000,1.11086,1.11135,1.11077,1.11124,2298.8401
22.08.2024 21:00:00.000,1.11132,1.11141,1.11101,1.11125,816.41
22.08.2024 22:00:00.000,1.11124,1.11164,1.11110,1.11139,582.72
22.08.2024 23:00:00.000,1.11141,1.11180,1.11139,1.11163,1001.77
23.08.2024 00:00:00.000,1.11163,1.11225,1.11131,1.11199,3696.79
23.08.2024 01:00:00.000,1.11200,1.11284,1.11183,1.11276,5128.4902
23.08.2024 02:00:00.000,1.11278,1.11289,1.11231,1.11253,5905.8901
23.08.2024 03:00:00.000,1.11253,1.11275,1.11234,1.11250,2840.1899
23.08.2024 04:00:00.000,1.11250,1.11286,1.11248,1.11279,1801.09
23.08.2024 05:00:00.000,1.11279,1.11290,1.11249,1.11260,2541.22
23.08.2024 06:00:00.000,1.11261,1.11306,1.11204,1.11286,4899.0801
23.08.2024 07:00:00.000,1.11286,1.11320,1.11126,1.11195,7353.0498
23.08.2024 08:00:00.000,1.11195,1.11240,1.11175,1.11229,8192.29
23.08.2024 09:00:00.000,1.11230,1.11274,1.11168,1.11174,7836.3501
23.08.2024 10:00:00.000,1.11173,1.11235,1.11154,1.11198,5976.6401
23.08.2024 11:00:00.000,1.11195,1.11211,1.11110,1.11191,5234.6802
23.08.2024 12:00:00.000,1.11190,1.11230,1.11113,1.11143,6270.6299
23.08.2024 13:00:00.000,1.11142,1.11153,1.11056,1.11153,8738.21
23.08.2024 14:00:00.000,1.11152,1.11850,1.11144,1.11750,37371.6992
23.08.2024 15:00:00.000,1.11750,1.11962,1.11737,1.11755,15660.0195
23.08.2024 16:00:00.000,1.11754,1.11790,1.11644,1.11740,9386.3701
23.08.2024 17:00:00.000,1.11740,1.11977,1.11732,1.11927,8058.4102
23.08.2024 18:00:00.000,1.11927,1.12010,1.11857,1.11876,6757.6699
23.08.2024 19:00:00.000,1.11877,1.11957,1.11857,1.11914,5279.8101
23.08.2024 20:00:00.000,1.11910,1.11946,1.11876,1.11940,3476.53
23.08.2024 21:00:00.000,1.11940,1.11940,1.11940,1.11940,0
23.08.2024 22:00:00.000,1.11940,1.11940,1.11940,1.11940,0
23.08.2024 23:00:00.000,1.11940,1.11940,1.11940,1.11940,0
24.08.2024 00:00:00.000,1.11940,1.11940,1.11940,1.11940,0
24.08.2024 01:00:00.000,1.11940,1.11940,1.11940,1.11940,0
24.08.2024 02:00:00.000,1.11940,1.11940,1.11940,1.11940,0
24.08.2024 03:00:00.000,1.11940,1.11940,1.11940,1.11940,0
24.08.2024 04:00:00.000,1.11940,1.11940,1.11940,1.11940,0
24.08.2024 05:00:00.000,1.11940,1.11940,1.11940,1.11940,0
24.08.2024 06:00:00.000,1.11940,1.11940,1.11940,1.11940,0
24.08.2024 07:00:00.000,1.11940,1.11940,1.11940,1.11940,0
24.08.2024 08:00:00.000,1.11940,1.11940,1.11940,1.11940,0
24.08.2024 09:00:00.000,1.11940,1.11940,1.11940,1.11940,0
24.08.2024 10:00:00.000,1.11940,1.11940,1.11940,1.11940,0
24.08.2024 11:00:00.000,1.11940,1.11940,1.11940,1.11940,0
24.08.2024 12:00:00.000,1.11940,1.11940,1.11940,1.11940,0
24.08.2024 13:00:00.000,1.11940,1.11940,1.11940,1.11940,0
24.08.2024 14:00:00.000,1.11940,1.11940,1.11940,1.11940,0
24.08.2024 15:00:00.000,1.11940,1.11940,1.11940,1.11940,0
24.08.2024 16:00:00.000,1.11940,1.11940,1.11940,1.11940,0
24.08.2024 17:00:00.000,1.11940,1.11940,1.11940,1.11940,0
24.08.2024 18:00:00.000,1.11940,1.11940,1.11940,1.11940,0
24.08.2024 19:00:00.000,1.11940,1.11940,1.11940,1.11940,0
24.08.2024 20:00:00.000,1.11940,1.11940,1.11940,1.11940,0
24.08.2024 21:00:00.000,1.11940,1.11940,1.11940,1.11940,0
24.08.2024 22:00:00.000,1.11940,1.11940,1.11940,1.11940,0
24.08.2024 23:00:00.000,1.11940,1.11940,1.11940,1.11940,0
25.08.2024 00:00:00.000,1.11940,1.11940,1.11940,1.11940,0
25.08.2024 01:00:00.000,1.11940,1.11940,1.11940,1.11940,0
25.08.2024 02:00:00.000,1.11940,1.11940,1.11940,1.11940,0
25.08.2024 03:00:00.000,1.11940,1.11940,1.11940,1.11940,0
25.08.2024 04:00:00.000,1.11940,1.11940,1.11940,1.11940,0
25.08.2024 05:00:00.000,1.11940,1.11940,1.11940,1.11940,0
25.08.2024 06:00:00.000,1.11940,1.11940,1.11940,1.11940,0
25.08.2024 07:00:00.000,1.11940,1.11940,1.11940,1.11940,0
25.08.2024 08:00:00.000,1.11940,1.11940,1.11940,1.11940,0
25.08.2024 09:00:00.000,1.11940,1.11940,1.11940,1.11940,0
25.08.2024 10:00:00.000,1.11940,1.11940,1.11940,1.11940,0
25.08.2024 11:00:00.000,1.11940,1.11940,1.11940,1.11940,0
25.08.2024 12:00:00.000,1.11940,1.11940,1.11940,1.11940,0
25.08.2024 13:00:00.000,1.11940,1.11940,1.11940,1.11940,0
25.08.2024 14:00:00.000,1.11940,1.11940,1.11940,1.11940,0
25.08.2024 15:00:00.000,1.11940,1.11940,1.11940,1.11940,0
25.08.2024 16:00:00.000,1.11940,1.11940,1.11940,1.11940,0
25.08.2024 17:00:00.000,1.11940,1.11940,1.11940,1.11940,0
25.08.2024 18:00:00.000,1.11940,1.11940,1.11940,1.11940,0
25.08.2024 19:00:00.000,1.11940,1.11940,1.11940,1.11940,0
25.08.2024 20:00:00.000,1.11940,1.11940,1.11940,1.11940,0
25.08.2024 21:00:00.000,1.11943,1.11956,1.11900,1.11915,742.92
25.08.2024 22:00:00.000,1.11916,1.11953,1.11870,1.11914,2648.74
25.08.2024 23:00:00.000,1.11914,1.11927,1.11867,1.11895,4562.9302
26.08.2024 00:00:00.000,1.11894,1.12018,1.11871,1.11939,7352.3599
26.08.2024 01:00:00.000,1.11939,1.12005,1.11875,1.11897,6021.0801
26.08.2024 02:00:00.000,1.11898,1.11950,1.11859,1.11870,3987.9299
26.08.2024 03:00:00.000,1.11870,1.11889,1.11819,1.11836,2603.8301
26.08.2024 04:00:00.000,1.11837,1.11864,1.11824,1.11835,2594.98
26.08.2024 05:00:00.000,1.11835,1.11854,1.11777,1.11793,2643.4199
26.08.2024 06:00:00.000,1.11793,1.11896,1.11793,1.11815,6553.5
26.08.2024 07:00:00.000,1.11814,1.11848,1.11760,1.11812,10747.0996
26.08.2024 08:00:00.000,1.11812,1.11850,1.11766,1.11807,8851.25
26.08.2024 09:00:00.000,1.11804,1.11829,1.11717,1.11745,9714.96
26.08.2024 10:00:00.000,1.11746,1.11770,1.11693,1.11716,8144.46
26.08.2024 11:00:00.000,1.11718,1.11736,1.11632,1.11654,10099.7305
26.08.2024 12:00:00.000,1.11652,1.11687,1.11587,1.11614,22411
26.08.2024 13:00:00.000,1.11612,1.11627,1.11502,1.11599,24882.8809
26.08.2024 14:00:00.000,1.11598,1.11790,1.11541,1.11768,26730.4707
26.08.2024 15:00:00.000,1.11766,1.11770,1.11635,1.11638,9998.9199
26.08.2024 16:00:00.000,1.11638,1.11722,1.11598,1.11713,9239.0996
26.08.2024 17:00:00.000,1.11712,1.11756,1.11678,1.11699,9266.7002
26.08.2024 18:00:00.000,1.11699,1.11713,1.11597,1.11637,9892.3604
26.08.2024 19:00:00.000,1.11636,1.11657,1.11588,1.11597,6858.0298
26.08.2024 20:00:00.000,1.11597,1.11616,1.11587,1.11612,1946.11
26.08.2024 21:00:00.000,1.11613,1.11642,1.11607,1.11613,1520.55
26.08.2024 22:00:00.000,1.11614,1.11641,1.11612,1.11630,956.07
26.08.2024 23:00:00.000,1.11631,1.11671,1.11631,1.11647,1250.48
27.08.2024 00:00:00.000,1.11648,1.11658,1.11598,1.11611,5723.1802
27.08.2024 01:00:00.000,1.11612,1.11708,1.11600,1.11694,4734.8301
27.08.2024 02:00:00.000,1.11695,1.11705,1.11643,1.11684,4338.3501
27.08.2024 03:00:00.000,1.11683,1.11692,1.11653,1.11669,4024.3999
27.08.2024 04:00:00.000,1.11670,1.11697,1.11669,1.11685,2507.3799
27.08.2024 05:00:00.000,1.11686,1.11725,1.11649,1.11671,3766.9199
27.08.2024 06:00:00.000,1.11671,1.11716,1.11615,1.11619,5343.8701
27.08.2024 07:00:00.000,1.11618,1.11728,1.11618,1.11642,14866.9199
27.08.2024 08:00:00.000,1.11639,1.11741,1.11622,1.11668,10074.3496
27.08.2024 09:00:00.000,1.11667,1.11788,1.11664,1.11684,13770.2002
27.08.2024 10:00:00.000,1.11682,1.11701,1.11620,1.11661,12309.75
27.08.2024 11:00:00.000,1.11663,1.11699,1.11607,1.11607,9613.4902
27.08.2024 12:00:00.000,1.11608,1.11649,1.11502,1.11588,12296.9902
27.08.2024 13:00:00.000,1.11587,1.11700,1.11528,1.11685,14987
27.08.2024 14:00:00.000,1.11685,1.11720,1.11630,1.11663,18274.3809
27.08.2024 15:00:00.000,1.11662,1.11699,1.11589,1.11600,11629.96
27.08.2024 16:00:00.000,1.11599,1.11680,1.11597,1.11659,7939.1299
27.08.2024 17:00:00.000,1.11658,1.11827,1.11645,1.11815,10233.5703
27.08.2024 18:00:00.000,1.11814,1.11907,1.11802,1.11860,13575.8701
27.08.2024 19:00:00.000,1.11859,1.11859,1.11815,1.11843,9120.04
27.08.2024 20:00:00.000,1.11843,1.11860,1.11829,1.11843,3461.8999
27.08.2024 21:00:00.000,1.11848,1.11864,1.11814,1.11839,1348.04
27.08.2024 22:00:00.000,1.11840,1.11853,1.11835,1.11840,1024.0699
27.08.2024 23:00:00.000,1.11840,1.11847,1.11749,1.11771,2709.55
28.08.2024 00:00:00.000,1.11772,1.11801,1.11747,1.11799,2840.75
28.08.2024 01:00:00.000,1.11799,1.11799,1.11721,1.11739,4683.8501
28.08.2024 02:00:00.000,1.11739,1.11778,1.11668,1.11668,3592.03
28.08.2024 03:00:00.000,1.11669,1.11693,1.11625,1.11659,3023.3701
28.08.2024 04:00:00.000,1.11660,1.11680,1.11583,1.11598,2637.3501
28.08.2024 05:00:00.000,1.11597,1.11610,1.11398,1.11440,6479.1602
28.08.2024 06:00:00.000,1.11439,1.11515,1.11352,1.11480,8551.5
28.08.2024 07:00:00.000,1.11480,1.11592,1.11480,1.11565,11276.5195
28.08.2024 08:00:00.000,1.11565,1.11594,1.11392,1.11415,9526.5195
28.08.2024 09:00:00.000,1.11414,1.11458,1.11332,1.11359,12503.4297
28.08.2024 10:00:00.000,1.11360,1.11377,1.11222,1.11255,14577.3896
28.08.2024 11:00:00.000,1.11255,1.11312,1.11175,1.11208,11991.9805
28.08.2024 12:00:00.000,1.11208,1.11231,1.11051,1.11120,23286.1406
28.08.2024 13:00:00.000,1.11121,1.11222,1.11106,1.11113,24608.5605
28.08.2024 14:00:00.000,1.11113,1.11378,1.11109,1.11302,27352.4902
28.08.2024 15:00:00.000,1.11302,1.11312,1.11215,1.11263,17601.5098
28.08.2024 16:00:00.000,1.11263,1.11263,1.11103,1.11150,10605.2998
28.08.2024 17:00:00.000,1.11149,1.11174,1.11054,1.11069,7401.6201
28.08.2024 18:00:00.000,1.11068,1.11164,1.11057,1.11160,6139.98
28.08.2024 19:00:00.000,1.11160,1.11181,1.11132,1.11133,5179.0098
28.08.2024 20:00:00.000,1.11133,1.11204,1.11125,1.11204,7480.2402
28.08.2024 21:00:00.000,1.11207,1.11230,1.11191,1.11205,285.18
28.08.2024 22:00:00.000,1.11204,1.11244,1.11199,1.11243,1369.8101
28.08.2024 23:00:00.000,1.11244,1.11264,1.11230,1.11246,2060.45
29.08.2024 00:00:00.000,1.11247,1.11326,1.11244,1.11316,4483.2998
29.08.2024 01:00:00.000,1.11316,1.11339,1.11286,1.11291,4287.7402
29.08.2024 02:00:00.000,1.11291,1.11324,1.11275,1.11317,5262.0298
29.08.2024 03:00:00.000,1.11316,1.11360,1.11302,1.11359,5964.2202
29.08.2024 04:00:00.000,1.11360,1.11372,1.11335,1.11356,5149.73
29.08.2024 05:00:00.000,1.11355,1.11381,1.11323,1.11358,5764.1299
29.08.2024 06:00:00.000,1.11355,1.11401,1.11257,1.11285,10557.5
29.08.2024 07:00:00.000,1.11282,1.11316,1.11164,1.11302,15730.1396
29.08.2024 08:00:00.000,1.11300,1.11300,1.10722,1.10850,25720.7207
29.08.2024 09:00:00.000,1.10851,1.10991,1.10835,1.10941,14071.2197
29.08.2024 10:00:00.000,1.10942,1.11001,1.10874,1.10976,12711.4805
29.08.2024 11:00:00.000,1.10976,1.10999,1.10916,1.10963,8356.2598
29.08.2024 12:00:00.000,1.10963,1.10981,1.10730,1.10844,33471.9492
29.08.2024 13:00:00.000,1.10844,1.10897,1.10729,1.10824,20226.3008
29.08.2024 14:00:00.000,1.10824,1.10834,1.10557,1.10700,27029.4004
29.08.2024 15:00:00.000,1.10700,1.10856,1.10669,1.10850,12674.2803
29.08.2024 16:00:00.000,1.10851,1.10882,1.10784,1.10818,8480.2197
29.08.2024 17:00:00.000,1.10817,1.10856,1.10786,1.10838,11880.6504
29.08.2024 18:00:00.000,1.10839,1.10847,1.10754,1.10793,13521.0801
29.08.2024 19:00:00.000,1.10794,1.10814,1.10749,1.10760,12114.0996
29.08.2024 20:00:00.000,1.10757,1.10793,1.10751,1.10778,3919.5601
29.08.2024 21:00:00.000,1.10780,1.10823,1.10761,1.10785,688.99
29.08.2024 22:00:00.000,1.10785,1.10805,1.10776,1.10804,2701
29.08.2024 23:00:00.000,1.10803,1.10834,1.10790,1.10802,3368.3501
30.08.2024 00:00:00.000,1.10804,1.10831,1.10791,1.10807,4889.4902
30.08.2024 01:00:00.000,1.10806,1.10822,1.10716,1.10716,5035.2598
30.08.2024 02:00:00.000,1.10717,1.10736,1.10699,1.10722,5557.6699
30.08.2024 03:00:00.000,1.10721,1.10767,1.10713,1.10739,3726.3501
30.08.2024 04:00:00.000,1.10739,1.10776,1.10720,1.10743,3597
30.08.2024 05:00:00.000,1.10742,1.10782,1.10737,1.10773,5430.1602
30.08.2024 06:00:00.000,1.10772,1.10859,1.10745,1.10851,8901.1104
30.08.2024 07:00:00.000,1.10851,1.10891,1.10753,1.10843,17322.5
30.08.2024 08:00:00.000,1.10843,1.10951,1.10738,1.10754,16190.9404
30.08.2024 09:00:00.000,1.10753,1.10857,1.10748,1.10830,17380.4902
30.08.2024 10:00:00.000,1.10831,1.10844,1.10747,1.10794,12070.1699
30.08.2024 11:00:00.000,1.10795,1.10884,1.10784,1.10816,9128.3203
30.08.2024 12:00:00.000,1.10817,1.10884,1.10579,1.10682,24393.4102
30.08.2024 13:00:00.000,1.10682,1.10760,1.10541,1.10723,28710.8203
30.08.2024 14:00:00.000,1.10723,1.10803,1.10621,1.10687,31320.4492
30.08.2024 15:00:00.000,1.10687,1.10722,1.10531,1.10599,21952.0508
30.08.2024 16:00:00.000,1.10599,1.10599,1.10440,1.10496,15876.8701
30.08.2024 17:00:00.000,1.10497,1.10569,1.10484,1.10526,9831.4102
30.08.2024 18:00:00.000,1.10526,1.10564,1.10497,1.10522,8859.7002
30.08.2024 19:00:00.000,1.10521,1.10549,1.10475,1.10528,10064.6504
30.08.2024 20:00:00.000,1.10527,1.10554,1.10471,1.10494,5575.1899
30.08.2024 21:00:00.000,1.10494,1.10494,1.10494,1.10494,0
30.08.2024 22:00:00.000,1.10494,1.10494,1.10494,1.10494,0
30.08.2024 23:00:00.000,1.10494,1.10494,1.10494,1.10494,0
31.08.2024 00:00:00.000,1.10494,1.10494,1.10494,1.10494,0
31.08.2024 01:00:00.000,1.10494,1.10494,1.10494,1.10494,0
31.08.2024 02:00:00.000,1.10494,1.10494,1.10494,1.10494,0
31.08.2024 03:00:00.000,1.10494,1.10494,1.10494,1.10494,0
31.08.2024 04:00:00.000,1.10494,1.10494,1.10494,1.10494,0
31.08.2024 05:00:00.000,1.10494,1.10494,1.10494,1.10494,0
31.08.2024 06:00:00.000,1.10494,1.10494,1.10494,1.10494,0
31.08.2024 07:00:00.000,1.10494,1.10494,1.10494,1.10494,0
31.08.2024 08:00:00.000,1.10494,1.10494,1.10494,1.10494,0
31.08.2024 09:00:00.000,1.10494,1.10494,1.10494,1.10494,0
31.08.2024 10:00:00.000,1.10494,1.10494,1.10494,1.10494,0
31.08.2024 11:00:00.000,1.10494,1.10494,1.10494,1.10494,0
31.08.2024 12:00:00.000,1.10494,1.10494,1.10494,1.10494,0
31.08.2024 13:00:00.000,1.10494,1.10494,1.10494,1.10494,0
31.08.2024 14:00:00.000,1.10494,1.10494,1.10494,1.10494,0
31.08.2024 15:00:00.000,1.10494,1.10494,1.10494,1.10494,0
31.08.2024 16:00:00.000,1.10494,1.10494,1.10494,1.10494,0
31.08.2024 17:00:00.000,1.10494,1.10494,1.10494,1.10494,0
31.08.2024 18:00:00.000,1.10494,1.10494,1.10494,1.10494,0
31.08.2024 19:00:00.000,1.10494,1.10494,1.10494,1.10494,0
31.08.2024 20:00:00.000,1.10494,1.10494,1.10494,1.10494,0
31.08.2024 21:00:00.000,1.10494,1.10494,1.10494,1.10494,0
31.08.2024 22:00:00.000,1.10494,1.10494,1.10494,1.10494,0
31.08.2024 23:00:00.000,1.10494,1.10494,1.10494,1.10494,0
01.09.2024 00:00:00.000,1.10494,1.10494,1.10494,1.10494,0
01.09.2024 01:00:00.000,1.10494,1.10494,1.10494,1.10494,0
01.09.2024 02:00:00.000,1.10494,1.10494,1.10494,1.10494,0
01.09.2024 03:00:00.000,1.10494,1.10494,1.10494,1.10494,0
01.09.2024 04:00:00.000,1.10494,1.10494,1.10494,1.10494,0
01.09.2024 05:00:00.000,1.10494,1.10494,1.10494,1.10494,0
01.09.2024 06:00:00.000,1.10494,1.10494,1.10494,1.10494,0
01.09.2024 07:00:00.000,1.10494,1.10494,1.10494,1.10494,0
01.09.2024 08:00:00.000,1.10494,1.10494,1.10494,1.10494,0
01.09.2024 09:00:00.000,1.10494,1.10494,1.10494,1.10494,0
01.09.2024 10:00:00.000,1.10494,1.10494,1.10494,1.10494,0
01.09.2024 11:00:00.000,1.10494,1.10494,1.10494,1.10494,0
01.09.2024 12:00:00.000,1.10494,1.10494,1.10494,1.10494,0
01.09.2024 13:00:00.000,1.10494,1.10494,1.10494,1.10494,0
01.09.2024 14:00:00.000,1.10494,1.10494,1.10494,1.10494,0
01.09.2024 15:00:00.000,1.10494,1.10494,1.10494,1.10494,0
01.09.2024 16:00:00.000,1.10494,1.10494,1.10494,1.10494,0
01.09.2024 17:00:00.000,1.10494,1.10494,1.10494,1.10494,0
01.09.2024 18:00:00.000,1.10494,1.10494,1.10494,1.10494,0
01.09.2024 19:00:00.000,1.10494,1.10494,1.10494,1.10494,0
01.09.2024 20:00:00.000,1.10494,1.10494,1.10494,1.10494,0
01.09.2024 21:00:00.000,1.10546,1.10546,1.10489,1.10500,452.12
01.09.2024 22:00:00.000,1.10500,1.10502,1.10447,1.10461,2268.7400000000002
01.09.2024 23:00:00.000,1.10462,1.10474,1.10443,1.10447,3536.880000000001
02.09.2024 00:00:00.000,1.10447,1.10560,1.10422,1.10535,5177.430000000001
02.09.2024 01:00:00.000,1.10536,1.10558,1.10504,1.10516,6740.019999999999
02.09.2024 02:00:00.000,1.10516,1.10538,1.10461,1.10517,3793.0300000000007
02.09.2024 03:00:00.000,1.10517,1.10556,1.10486,1.10487,4621.7699999999995
02.09.2024 04:00:00.000,1.10487,1.10487,1.10441,1.10486,4792.799999999999
02.09.2024 05:00:00.000,1.10486,1.10565,1.10456,1.10555,5348.689999999999
02.09.2024 06:00:00.000,1.10554,1.10704,1.10549,1.10659,8043.49
02.09.2024 07:00:00.000,1.10659,1.10688,1.10561,1.10669,11411.319999999996
02.09.2024 08:00:00.000,1.10668,1.10776,1.10643,1.10677,20650.550000000007
02.09.2024 09:00:00.000,1.10676,1.10730,1.10636,1.10692,14607.9
02.09.2024 10:00:00.000,1.10693,1.10706,1.10615,1.10666,9906.039999999999
02.09.2024 11:00:00.000,1.10667,1.10690,1.10598,1.10598,14280.539999999995
02.09.2024 12:00:00.000,1.10596,1.10715,1.10586,1.10681,14219.87
02.09.2024 13:00:00.000,1.10681,1.10720,1.10665,1.10681,9632.760000000004
02.09.2024 14:00:00.000,1.10679,1.10717,1.10602,1.10691,14914.519999999999
02.09.2024 15:00:00.000,1.10691,1.10711,1.10640,1.10681,6046.089999999999
02.09.2024 16:00:00.000,1.10680,1.10683,1.10625,1.10660,1955.0300000000002
02.09.2024 17:00:00.000,1.10661,1.10690,1.10660,1.10690,872.57
02.09.2024 18:00:00.000,1.10689,1.10717,1.10687,1.10711,1420.5599999999997
02.09.2024 19:00:00.000,1.10710,1.10730,1.10709,1.10724,954.6599999999995
02.09.2024 20:00:00.000,1.10724,1.10730,1.10709,1.10726,582.64
02.09.2024 21:00:00.000,1.10739,1.10741,1.10705,1.10724,1319.7899999999997
02.09.2024 22:00:00.000,1.10717,1.10730,1.10668,1.10668,1102.4399999999998
02.09.2024 23:00:00.000,1.10668,1.10683,1.10648,1.10672,2840.93
03.09.2024 00:00:00.000,1.10674,1.10690,1.10592,1.10607,4421.4
03.09.2024 01:00:00.000,1.10608,1.10685,1.10603,1.10671,5695.660000000001
03.09.2024 02:00:00.000,1.10671,1.10705,1.10631,1.10638,2441.3900000000003
03.09.2024 03:00:00.000,1.10637,1.10637,1.10577,1.10582,3496.46
03.09.2024 04:00:00.000,1.10583,1.10589,1.10541,1.10544,2829.709999999999
03.09.2024 05:00:00.000,1.10544,1.10600,1.10541,1.10598,3730.460000000001
03.09.2024 06:00:00.000,1.10598,1.10619,1.10513,1.10618,5966.410000000001
03.09.2024 07:00:00.000,1.10619,1.10679,1.10558,1.10562,13084.7
03.09.2024 08:00:00.000,1.10559,1.10598,1.10482,1.10487,10492.050000000001
03.09.2024 09:00:00.000,1.10488,1.10508,1.10343,1.10401,10738.519999999997
03.09.2024 10:00:00.000,1.10402,1.10419,1.10333,1.10358,10146.11
03.09.2024 11:00:00.000,1.10357,1.10430,1.10339,1.10365,16220.699999999999
03.09.2024 12:00:00.000,1.10365,1.10527,1.10337,1.10480,11546.839999999997
03.09.2024 13:00:00.000,1.10481,1.10635,1.10481,1.10621,24074.920000000006
03.09.2024 14:00:00.000,1.10621,1.10698,1.10373,1.10424,38860.26989999999
03.09.2024 15:00:00.000,1.10425,1.10447,1.10362,1.10424,18964.81
03.09.2024 16:00:00.000,1.10425,1.10473,1.10382,1.10394,8030.489999999998
03.09.2024 17:00:00.000,1.10394,1.10401,1.10265,1.10281,5839.62
03.09.2024 18:00:00.000,1.10279,1.10394,1.10266,1.10383,5907.039999999999
03.09.2024 19:00:00.000,1.10383,1.10423,1.10376,1.10420,6425.72
03.09.2024 20:00:00.000,1.10421,1.10445,1.10398,1.10437,4961.849999999999
03.09.2024 21:00:00.000,1.10443,1.10460,1.10404,1.10456,2967.1500000000005
03.09.2024 22:00:00.000,1.10453,1.10470,1.10400,1.10459,3911.4500000000003
03.09.2024 23:00:00.000,1.10460,1.10506,1.10452,1.10488,7458.459999999998
04.09.2024 00:00:00.000,1.10486,1.10515,1.10467,1.10484,10813.33
04.09.2024 01:00:00.000,1.10483,1.10565,1.10477,1.10532,11156.03
04.09.2024 02:00:00.000,1.10533,1.10564,1.10497,1.10527,7638.0599999999995
04.09.2024 03:00:00.000,1.10526,1.10555,1.10505,1.10542,4448.99
04.09.2024 04:00:00.000,1.10541,1.10573,1.10536,1.10565,5638.26
04.09.2024 05:00:00.000,1.10564,1.10600,1.10548,1.10580,8192.629999999997
04.09.2024 06:00:00.000,1.10580,1.10581,1.10476,1.10535,11234.649999999998
04.09.2024 07:00:00.000,1.10535,1.10631,1.10470,1.10562,15961.260000000004
04.09.2024 08:00:00.000,1.10559,1.10590,1.10497,1.10519,15786.060000000003
04.09.2024 09:00:00.000,1.10519,1.10586,1.10504,1.10535,10734.369999999999
04.09.2024 10:00:00.000,1.10534,1.10559,1.10501,1.10531,11147.260000000006
04.09.2024 11:00:00.000,1.10532,1.10541,1.10430,1.10504,10432.579999999996
04.09.2024 12:00:00.000,1.10504,1.10528,1.10402,1.10527,11283.729999999998
04.09.2024 13:00:00.000,1.10526,1.10595,1.10501,1.10582,12428.280000000004
04.09.2024 14:00:00.000,1.10586,1.10952,1.10585,1.10900,29191.659800000005
04.09.2024 15:00:00.000,1.10899,1.10918,1.10766,1.10811,13059.890000000007
04.09.2024 16:00:00.000,1.10810,1.10869,1.10760,1.10847,8284.260000000002
04.09.2024 17:00:00.000,1.10845,1.10863,1.10660,1.10664,5175.169999999999
04.09.2024 18:00:00.000,1.10663,1.10769,1.10655,1.10762,8864.899999999998
04.09.2024 19:00:00.000,1.10761,1.10828,1.10751,1.10784,5290.450000000001
04.09.2024 20:00:00.000,1.10784,1.10839,1.10757,1.10826,6753.159999999999
04.09.2024 21:00:00.000,1.10832,1.10858,1.10827,1.10839,751.95
04.09.2024 22:00:00.000,1.10839,1.10865,1.10829,1.10852,1342.1800000000003
04.09.2024 23:00:00.000,1.10852,1.10855,1.10792,1.10803,3438.69
05.09.2024 00:00:00.000,1.10802,1.10821,1.10759,1.10793,9696.06
05.09.2024 01:00:00.000,1.10793,1.10858,1.10777,1.10790,8668.029999999999
05.09.2024 02:00:00.000,1.10790,1.10836,1.10785,1.10799,8949.390000000001
05.09.2024 03:00:00.000,1.10798,1.10799,1.10764,1.10771,3418.1799999999994
05.09.2024 04:00:00.000,1.10772,1.10781,1.10748,1.10770,3100.949999999999
05.09.2024 05:00:00.000,1.10769,1.10809,1.10768,1.10805,5211.42
05.09.2024 06:00:00.000,1.10806,1.10885,1.10799,1.10840,11551.759999999993
05.09.2024 07:00:00.000,1.10839,1.10905,1.10799,1.10872,13511.230000000003
05.09.2024 08:00:00.000,1.10872,1.11004,1.10842,1.10993,16150.15
05.09.2024 09:00:00.000,1.10993,1.11006,1.10928,1.10949,11615.77
05.09.2024 10:00:00.000,1.10949,1.10998,1.10924,1.10991,6311.290000000001
05.09.2024 11:00:00.000,1.10990,1.11083,1.10932,1.10953,10550.27
05.09.2024 12:00:00.000,1.10953,1.11199,1.10873,1.10925,27592.870000000003
05.09.2024 13:00:00.000,1.10926,1.11092,1.10906,1.11072,21766.210000000006
05.09.2024 14:00:00.000,1.11060,1.11063,1.10764,1.10798,29201.36000000001
05.09.2024 15:00:00.000,1.10798,1.10960,1.10783,1.10955,13969.199999999993
05.09.2024 16:00:00.000,1.10956,1.11055,1.10955,1.11011,7257.069999999997
05.09.2024 17:00:00.000,1.11011,1.11075,1.10997,1.11069,5357.36
05.09.2024 18:00:00.000,1.11070,1.11133,1.11027,1.11043,4245.87
05.09.2024 19:00:00.000,1.11042,1.11078,1.11030,1.11038,4424.25
05.09.2024 20:00:00.000,1.11040,1.11114,1.11040,1.11108,3199.0199999999995
05.09.2024 21:00:00.000,1.11112,1.11123,1.11097,1.11103,1067.8500000000001
05.09.2024 22:00:00.000,1.11104,1.11115,1.11088,1.11099,1037.7
05.09.2024 23:00:00.000,1.11100,1.11125,1.11086,1.11113,1429.48
06.09.2024 00:00:00.000,1.11113,1.11149,1.11098,1.11135,3652.4799999999996
06.09.2024 01:00:00.000,1.11134,1.11140,1.11101,1.11109,3314.6000000000004
06.09.2024 02:00:00.000,1.11110,1.11128,1.11095,1.11113,4057.8
06.09.2024 03:00:00.000,1.11114,1.11163,1.11112,1.11153,2757.8200000000006
06.09.2024 04:00:00.000,1.11152,1.11178,1.11139,1.11161,2393.7799999999997
06.09.2024 05:00:00.000,1.11160,1.11188,1.11142,1.11172,5805.56
06.09.2024 06:00:00.000,1.11171,1.11211,1.11142,1.11209,7659.39
06.09.2024 07:00:00.000,1.11207,1.11207,1.11111,1.11160,11913.689999999999
06.09.2024 08:00:00.000,1.11160,1.11209,1.11131,1.11176,14576.43
06.09.2024 09:00:00.000,1.11175,1.11175,1.11075,1.11135,8748.42
06.09.2024 10:00:00.000,1.11134,1.11139,1.11070,1.11075,8237.589999999997
06.09.2024 11:00:00.000,1.11075,1.11100,1.11029,1.11071,11100.420000000002
06.09.2024 12:00:00.000,1.11071,1.11558,1.10801,1.11212,39715.51010000001
06.09.2024 13:00:00.000,1.11213,1.11258,1.10658,1.10835,54381.81980000001
06.09.2024 14:00:00.000,1.10836,1.11133,1.10733,1.11021,44815.50999999999
06.09.2024 15:00:00.000,1.11022,1.11352,1.10832,1.10857,47004.10999999999
06.09.2024 16:00:00.000,1.10856,1.10857,1.10698,1.10770,19210.699999999997
06.09.2024 17:00:00.000,1.10770,1.10894,1.10698,1.10848,10470.2
06.09.2024 18:00:00.000,1.10848,1.10870,1.10784,1.10863,9043.389999999998
06.09.2024 19:00:00.000,1.10863,1.10897,1.10824,1.10886,7154.450000000001
06.09.2024 20:00:00.000,1.10888,1.10889,1.10848,1.10852,6443.629999999998
06.09.2024 21:00:00.000,1.10852,1.10852,1.10852,1.10852,0
06.09.2024 22:00:00.000,1.10852,1.10852,1.10852,1.10852,0
06.09.2024 23:00:00.000,1.10852,1.10852,1.10852,1.10852,0
07.09.2024 00:00:00.000,1.10852,1.10852,1.10852,1.10852,0
07.09.2024 01:00:00.000,1.10852,1.10852,1.10852,1.10852,0
07.09.2024 02:00:00.000,1.10852,1.10852,1.10852,1.10852,0
07.09.2024 03:00:00.000,1.10852,1.10852,1.10852,1.10852,0
07.09.2024 04:00:00.000,1.10852,1.10852,1.10852,1.10852,0
07.09.2024 05:00:00.000,1.10852,1.10852,1.10852,1.10852,0
07.09.2024 06:00:00.000,1.10852,1.10852,1.10852,1.10852,0
07.09.2024 07:00:00.000,1.10852,1.10852,1.10852,1.10852,0
07.09.2024 08:00:00.000,1.10852,1.10852,1.10852,1.10852,0
07.09.2024 09:00:00.000,1.10852,1.10852,1.10852,1.10852,0
07.09.2024 10:00:00.000,1.10852,1.10852,1.10852,1.10852,0
07.09.2024 11:00:00.000,1.10852,1.10852,1.10852,1.10852,0
07.09.2024 12:00:00.000,1.10852,1.10852,1.10852,1.10852,0
07.09.2024 13:00:00.000,1.10852,1.10852,1.10852,1.10852,0
07.09.2024 14:00:00.000,1.10852,1.10852,1.10852,1.10852,0
07.09.2024 15:00:00.000,1.10852,1.10852,1.10852,1.10852,0
07.09.2024 16:00:00.000,1.10852,1.10852,1.10852,1.10852,0
07.09.2024 17:00:00.000,1.10852,1.10852,1.10852,1.10852,0
07.09.2024 18:00:00.000,1.10852,1.10852,1.10852,1.10852,0
07.09.2024 19:00:00.000,1.10852,1.10852,1.10852,1.10852,0
07.09.2024 20:00:00.000,1.10852,1.10852,1.10852,1.10852,0
07.09.2024 21:00:00.000,1.10852,1.10852,1.10852,1.10852,0
07.09.2024 22:00:00.000,1.10852,1.10852,1.10852,1.10852,0
07.09.2024 23:00:00.000,1.10852,1.10852,1.10852,1.10852,0